  0
SECTION
  2
HEADER
  9
$ACADVER
  1
AC1014
  9
$ACADMAINTVER
 70
     9
  9
$DWGCODEPAGE
  3
ANSI_1252
  9
$INSBASE
 10
0.0
 20
0.0
 30
0.0
  9
$EXTMIN
 10
12.44388333333333
 20
10.37872222222222
 30
0.0
  9
$EXTMAX
 10
954.4512138888888
 20
288.8076308333333
 30
0.0
  9
$LIMMIN
 10
0.0
 20
0.0
  9
$LIMMAX
 10
12.0
 20
9.0
  9
$ORTHOMODE
 70
     0
  9
$REGENMODE
 70
     1
  9
$FILLMODE
 70
     1
  9
$QTEXTMODE
 70
     0
  9
$MIRRTEXT
 70
     1
  9
$DRAGMODE
 70
     2
  9
$LTSCALE
 40
1.0
  9
$OSMODE
 70
    37
  9
$ATTMODE
 70
     1
  9
$TEXTSIZE
 40
0.2
  9
$TRACEWID
 40
0.05
  9
$TEXTSTYLE
  7
STANDARD
  9
$CLAYER
  8
DEFAULT
  9
$CELTYPE
  6
BYLAYER
  9
$CECOLOR
 62
   256
  9
$CELTSCALE
 40
1.0
  9
$DELOBJ
 70
     1
  9
$DISPSILH
 70
     0
  9
$DIMSCALE
 40
1.0
  9
$DIMASZ
 40
0.18
  9
$DIMEXO
 40
0.0625
  9
$DIMDLI
 40
0.38
  9
$DIMRND
 40
0.0
  9
$DIMDLE
 40
0.0
  9
$DIMEXE
 40
0.18
  9
$DIMTP
 40
0.0
  9
$DIMTM
 40
0.0
  9
$DIMTXT
 40
0.18
  9
$DIMCEN
 40
0.09
  9
$DIMTSZ
 40
0.0
  9
$DIMTOL
 70
     0
  9
$DIMLIM
 70
     0
  9
$DIMTIH
 70
     1
  9
$DIMTOH
 70
     1
  9
$DIMSE1
 70
     0
  9
$DIMSE2
 70
     0
  9
$DIMTAD
 70
     0
  9
$DIMZIN
 70
     0
  9
$DIMBLK
  1

  9
$DIMASO
 70
     1
  9
$DIMSHO
 70
     1
  9
$DIMPOST
  1

  9
$DIMAPOST
  1

  9
$DIMALT
 70
     0
  9
$DIMALTD
 70
     2
  9
$DIMALTF
 40
25.4
  9
$DIMLFAC
 40
1.0
  9
$DIMTOFL
 70
     0
  9
$DIMTVP
 40
0.0
  9
$DIMTIX
 70
     0
  9
$DIMSOXD
 70
     0
  9
$DIMSAH
 70
     0
  9
$DIMBLK1
  1

  9
$DIMBLK2
  1

  9
$DIMSTYLE
  2
STANDARD
  9
$DIMCLRD
 70
     0
  9
$DIMCLRE
 70
     0
  9
$DIMCLRT
 70
     0
  9
$DIMTFAC
 40
1.0
  9
$DIMGAP
 40
0.09
  9
$DIMJUST
 70
     0
  9
$DIMSD1
 70
     0
  9
$DIMSD2
 70
     0
  9
$DIMTOLJ
 70
     1
  9
$DIMTZIN
 70
     0
  9
$DIMALTZ
 70
     0
  9
$DIMALTTZ
 70
     0
  9
$DIMFIT
 70
     5
  9
$DIMUPT
 70
     0
  9
$DIMUNIT
 70
     2
  9
$DIMDEC
 70
     4
  9
$DIMTDEC
 70
     4
  9
$DIMALTU
 70
     2
  9
$DIMALTTD
 70
     2
  9
$DIMTXSTY
  7
STANDARD
  9
$DIMAUNIT
 70
     0
  9
$LUNITS
 70
     2
  9
$LUPREC
 70
     3
  9
$SKETCHINC
 40
0.1
  9
$FILLETRAD
 40
0.5
  9
$AUNITS
 70
     0
  9
$AUPREC
 70
     0
  9
$MENU
  1
.
  9
$ELEVATION
 40
0.0
  9
$PELEVATION
 40
0.0
  9
$THICKNESS
 40
0.0
  9
$LIMCHECK
 70
     0
  9
$CHAMFERA
 40
0.0
  9
$CHAMFERB
 40
0.0
  9
$CHAMFERC
 40
0.0
  9
$CHAMFERD
 40
0.0
  9
$SKPOLY
 70
     0
  9
$TDCREATE
 40
2459020.53050544
  9
$TDUPDATE
 40
2459020.530566794
  9
$TDINDWG
 40
0.0000000116
  9
$TDUSRTIMER
 40
0.0000000116
  9
$USRTIMER
 70
     1
  9
$ANGBASE
 50
0.0
  9
$ANGDIR
 70
     0
  9
$PDMODE
 70
     0
  9
$PDSIZE
 40
0.0
  9
$PLINEWID
 40
0.0
  9
$COORDS
 70
     1
  9
$SPLFRAME
 70
     0
  9
$SPLINETYPE
 70
     6
  9
$SPLINESEGS
 70
     8
  9
$ATTDIA
 70
     0
  9
$ATTREQ
 70
     1
  9
$HANDLING
 70
     1
  9
$HANDSEED
  5
3DD
  9
$SURFTAB1
 70
     6
  9
$SURFTAB2
 70
     6
  9
$SURFTYPE
 70
     6
  9
$SURFU
 70
     6
  9
$SURFV
 70
     6
  9
$UCSNAME
  2

  9
$UCSORG
 10
0.0
 20
0.0
 30
0.0
  9
$UCSXDIR
 10
1.0
 20
0.0
 30
0.0
  9
$UCSYDIR
 10
0.0
 20
1.0
 30
0.0
  9
$PUCSNAME
  2

  9
$PUCSORG
 10
0.0
 20
0.0
 30
0.0
  9
$PUCSXDIR
 10
1.0
 20
0.0
 30
0.0
  9
$PUCSYDIR
 10
0.0
 20
1.0
 30
0.0
  9
$USERI1
 70
     0
  9
$USERI2
 70
     0
  9
$USERI3
 70
     0
  9
$USERI4
 70
     0
  9
$USERI5
 70
     0
  9
$USERR1
 40
0.0
  9
$USERR2
 40
0.0
  9
$USERR3
 40
0.0
  9
$USERR4
 40
0.0
  9
$USERR5
 40
0.0
  9
$WORLDVIEW
 70
     1
  9
$SHADEDGE
 70
     3
  9
$SHADEDIF
 70
    70
  9
$TILEMODE
 70
     1
  9
$MAXACTVP
 70
    64
  9
$PINSBASE
 10
0.0
 20
0.0
 30
0.0
  9
$PLIMCHECK
 70
     0
  9
$PEXTMIN
 10
1.000000000000000E+20
 20
1.000000000000000E+20
 30
1.000000000000000E+20
  9
$PEXTMAX
 10
-1.000000000000000E+20
 20
-1.000000000000000E+20
 30
-1.000000000000000E+20
  9
$PLIMMIN
 10
0.0
 20
0.0
  9
$PLIMMAX
 10
12.0
 20
9.0
  9
$UNITMODE
 70
     0
  9
$VISRETAIN
 70
     1
  9
$PLINEGEN
 70
     0
  9
$PSLTSCALE
 70
     1
  9
$TREEDEPTH
 70
  3020
  9
$PICKSTYLE
 70
     1
  9
$CMLSTYLE
  2
STANDARD
  9
$CMLJUST
 70
     0
  9
$CMLSCALE
 40
1.0
  9
$PROXYGRAPHICS
 70
     1
  9
$MEASUREMENT
 70
     0
  0
ENDSEC
  0
SECTION
  2
CLASSES
  0
CLASS
  1
ACDBDICTIONARYWDFLT
  2
AcDbDictionaryWithDefault
  3
ObjectDBX Classes
 90
        0
280
     0
281
     0
  0
CLASS
  1
VISUALSTYLE
  2
AcDbVisualStyle
  3
ObjectDBX Classes
 90
     4095
280
     0
281
     0
  0
CLASS
  1
MATERIAL
  2
AcDbMaterial
  3
ObjectDBX Classes
 90
     1153
280
     0
281
     0
  0
CLASS
  1
SCALE
  2
AcDbScale
  3
ObjectDBX Classes
 90
     1153
280
     0
281
     0
  0
CLASS
  1
SUN
  2
AcDbSun
  3
SCENEOE
 90
     1153
280
     0
281
     0
  0
CLASS
  1
DICTIONARYVAR
  2
AcDbDictionaryVar
  3
ObjectDBX Classes
 90
        0
280
     0
281
     0
  0
CLASS
  1
XRECORD
  2
AcDbXrecord
  3
ObjectDBX Classes
 90
        0
280
     0
281
     0
  0
CLASS
  1
LWPOLYLINE
  2
AcDbPolyline
  3
ObjectDBX Classes
 90
        0
280
     0
281
     1
  0
CLASS
  1
HATCH
  2
AcDbHatch
  3
ObjectDBX Classes
 90
        0
280
     0
281
     1
  0
CLASS
  1
ACDBPLACEHOLDER
  2
AcDbPlaceHolder
  3
ObjectDBX Classes
 90
        0
280
     0
281
     0
  0
CLASS
  1
LAYOUT
  2
AcDbLayout
  3
ObjectDBX Classes
 90
        0
280
     0
281
     0
  0
ENDSEC
  0
SECTION
  2
TABLES
  0
TABLE
  2
VPORT
  5
8
330
0
100
AcDbSymbolTable
 70
     1
  0
VPORT
  5
29
330
8
100
AcDbSymbolTableRecord
100
AcDbViewportTableRecord
  2
*ACTIVE
 70
     0
 10
0.0
 20
0.0
 11
1.0
 21
1.0
 12
483.4475486111111
 22
149.5931765277778
 13
0.0
 23
0.0
 14
0.5
 24
0.5
 15
0.5
 25
0.5
 16
0.0
 26
0.0
 36
1.0
 17
0.0
 27
0.0
 37
0.0
 40
283.9974867833333
 41
3.383295704654295
 42
50.0
 43
0.0
 44
0.0
 50
0.0
 51
0.0
 71
     0
 72
   100
 73
     1
 74
     3
 75
     0
 76
     0
 77
     0
 78
     0
  0
ENDTAB
  0
TABLE
  2
LTYPE
  5
5
330
0
100
AcDbSymbolTable
 70
     1
  0
LTYPE
  5
14
330
5
100
AcDbSymbolTableRecord
100
AcDbLinetypeTableRecord
  2
BYBLOCK
 70
     0
  3

 72
    65
 73
     0
 40
0.0
  0
LTYPE
  5
15
330
5
100
AcDbSymbolTableRecord
100
AcDbLinetypeTableRecord
  2
BYLAYER
 70
     0
  3

 72
    65
 73
     0
 40
0.0
  0
LTYPE
  5
16
330
5
100
AcDbSymbolTableRecord
100
AcDbLinetypeTableRecord
  2
CONTINUOUS
 70
     0
  3
Solid line
 72
    65
 73
     0
 40
0.0
  0
ENDTAB
  0
TABLE
  2
LAYER
  5
2
330
0
100
AcDbSymbolTable
 70
     2
  0
LAYER
  5
10
330
2
100
AcDbSymbolTableRecord
100
AcDbLayerTableRecord
  2
0
 70
     0
 62
     7
  6
CONTINUOUS
  0
LAYER
  5
6A
330
2
100
AcDbSymbolTableRecord
100
AcDbLayerTableRecord
  2
DEFAULT
 70
     0
 62
     7
  6
CONTINUOUS
  0
ENDTAB
  0
TABLE
  2
STYLE
  5
3
330
0
100
AcDbSymbolTable
 70
     1
  0
STYLE
  5
11
330
3
100
AcDbSymbolTableRecord
100
AcDbTextStyleTableRecord
  2
STANDARD
 70
     0
 40
0.0
 41
1.0
 50
0.0
 71
     0
 42
0.2
  3
txt
  4

  0
ENDTAB
  0
TABLE
  2
VIEW
  5
6
330
0
100
AcDbSymbolTable
 70
     0
  0
ENDTAB
  0
TABLE
  2
UCS
  5
7
330
0
100
AcDbSymbolTable
 70
     0
  0
ENDTAB
  0
TABLE
  2
APPID
  5
9
330
0
100
AcDbSymbolTable
 70
     1
  0
APPID
  5
12
330
9
100
AcDbSymbolTableRecord
100
AcDbRegAppTableRecord
  2
ACAD
 70
     0
  0
ENDTAB
  0
TABLE
  2
DIMSTYLE
  5
A
330
0
100
AcDbSymbolTable
 70
     1
  0
DIMSTYLE
105
27
330
A
100
AcDbSymbolTableRecord
100
AcDbDimStyleTableRecord
  2
STANDARD
 70
     0
  3

  4

  5

  6

  7

 40
1.0
 41
0.18
 42
0.0625
 43
0.38
 44
0.18
 45
0.0
 46
0.0
 47
0.0
 48
0.0
140
0.18
141
0.09
142
0.0
143
25.4
144
1.0
145
0.0
146
1.0
147
0.09
 71
     0
 72
     0
 73
     1
 74
     1
 75
     0
 76
     0
 77
     0
 78
     0
170
     0
171
     2
172
     0
173
     0
174
     0
175
     0
176
     0
177
     0
178
     0
270
     2
271
     4
272
     4
273
     2
274
     2
340
11
275
     0
280
     0
281
     0
282
     0
283
     1
284
     0
285
     0
286
     0
287
     3
288
     0
  0
ENDTAB
  0
TABLE
  2
BLOCK_RECORD
  5
1
330
0
100
AcDbSymbolTable
 70
     1
  0
BLOCK_RECORD
  5
1F
330
1
100
AcDbSymbolTableRecord
100
AcDbBlockTableRecord
  2
*MODEL_SPACE
  0
BLOCK_RECORD
  5
1B
330
1
100
AcDbSymbolTableRecord
100
AcDbBlockTableRecord
  2
*PAPER_SPACE
  0
ENDTAB
  0
ENDSEC
  0
SECTION
  2
BLOCKS
  0
BLOCK
  5
20
330
1F
100
AcDbEntity
  8
0
100
AcDbBlockBegin
  2
*MODEL_SPACE
 70
     0
 10
0.0
 20
0.0
 30
0.0
  3
*MODEL_SPACE
  1

  0
ENDBLK
  5
21
330
1F
100
AcDbEntity
  8
0
100
AcDbBlockEnd
  0
BLOCK
  5
1C
330
1B
100
AcDbEntity
 67
     1
  8
0
100
AcDbBlockBegin
  2
*PAPER_SPACE
 70
     0
 10
0.0
 20
0.0
 30
0.0
  3
*PAPER_SPACE
  1

  0
ENDBLK
  5
1D
330
1B
100
AcDbEntity
 67
     1
  8
0
100
AcDbBlockEnd
  0
ENDSEC
  0
SECTION
  2
ENTITIES
  0
SPLINE
  5
6B
330
1F
100
AcDbEntity
  8
DEFAULT
 62
     7
100
AcDbSpline
210
0.0
220
0.0
230
1.0
 70
    11
 71
     3
 72
    71
 73
    67
 74
     0
 42
0.000000001
 43
0.0000000001
 40
17.55499999999984
 40
17.55499999999984
 40
17.55499999999984
 40
17.55499999999984
 40
21.77899999999988
 40
21.77899999999988
 40
21.77899999999988
 40
45.43699999999978
 40
45.43699999999978
 40
45.43699999999978
 40
46.43699999999978
 40
46.43699999999978
 40
46.43699999999978
 40
47.43699999999978
 40
47.43699999999978
 40
47.43699999999978
 40
48.43699999999978
 40
48.43699999999978
 40
48.43699999999978
 40
49.43699999999978
 40
49.43699999999978
 40
49.43699999999978
 40
50.43699999999978
 40
50.43699999999978
 40
50.43699999999978
 40
51.43699999999978
 40
51.43699999999978
 40
51.43699999999978
 40
52.43699999999978
 40
52.43699999999978
 40
52.43699999999978
 40
53.43699999999978
 40
53.43699999999978
 40
53.43699999999978
 40
54.43699999999978
 40
54.43699999999978
 40
54.43699999999978
 40
58.97776920796426
 40
58.97776920796426
 40
58.97776920796426
 40
59.97776920796426
 40
59.97776920796426
 40
59.97776920796426
 40
60.97776920796426
 40
60.97776920796426
 40
60.97776920796426
 40
61.97776920796426
 40
61.97776920796426
 40
61.97776920796426
 40
62.97776920796426
 40
62.97776920796426
 40
62.97776920796426
 40
63.97776920796426
 40
63.97776920796426
 40
63.97776920796426
 40
64.97776920796426
 40
64.97776920796426
 40
64.97776920796426
 40
65.97776920796426
 40
65.97776920796426
 40
65.97776920796426
 40
66.97776920796426
 40
66.97776920796426
 40
66.97776920796426
 40
67.97776920796426
 40
67.97776920796426
 40
67.97776920796426
 40
85.5327692079641
 40
85.5327692079641
 40
85.5327692079641
 40
85.5327692079641
 10
828.9083977777776
 20
277.6194952777777
 30
0.0
 10
828.9083977777776
 20
277.1227841666666
 30
0.0
 10
828.9083977777776
 20
276.6260730555555
 30
0.0
 10
828.9083977777776
 20
276.1293619444444
 30
0.0
 10
826.1263922222221
 20
276.1293619444444
 30
0.0
 10
823.3443866666667
 20
276.1293619444444
 30
0.0
 10
820.562381111111
 20
276.1293619444444
 30
0.0
 10
820.5510922222221
 20
276.5026008333333
 30
0.0
 10
820.6110644444443
 20
276.8617286111111
 30
0.0
 10
820.743356111111
 20
277.2060397222222
 30
0.0
 10
820.9557283333331
 20
277.7743647222222
 30
0.0
 10
821.2961588888888
 20
278.3342230555555
 30
0.0
 10
821.7639422222221
 20
278.8856147222222
 30
0.0
 10
822.2317255555555
 20
279.4366536111111
 30
0.0
 10
822.9076477777776
 20
280.0741230555555
 30
0.0
 10
823.7924144444444
 20
280.7976702777777
 30
0.0
 10
825.1643672222222
 20
281.9230313888888
 30
0.0
 10
826.0918199999999
 20
282.8145008333333
 30
0.0
 10
826.5740672222221
 20
283.4717258333333
 30
0.0
 10
827.0563144444443
 20
284.1293036111111
 30
0.0
 10
827.2976144444444
 20
284.7508980555555
 30
0.0
 10
827.2976144444444
 20
285.3365091666666
 30
0.0
 10
827.2976144444444
 20
285.9506952777778
 30
0.0
 10
827.0781866666665
 20
286.4689258333333
 30
0.0
 10
826.6386255555553
 20
286.8912008333333
 30
0.0
 10
826.1994172222221
 20
287.3131230555555
 30
0.0
 10
825.6265061111111
 20
287.5240841666666
 30
0.0
 10
824.9202449999999
 20
287.5240841666666
 30
0.0
 10
824.1741199999999
 20
287.5240841666666
 30
0.0
 10
823.5768672222222
 20
287.3000702777778
 30
0.0
 10
823.1288394444445
 20
286.8523952777778
 30
0.0
 10
822.6811644444443
 20
286.4043675
 30
0.0
 10
822.4543283333333
 20
285.7845369444444
 30
0.0
 10
822.4486838888887
 20
284.9918452777778
 30
0.0
 10
821.9175181481479
 20
285.0464082407407
 30
0.0
 10
821.3863524074072
 20
285.1009712037036
 30
0.0
 10
820.8551866666666
 20
285.1555341666667
 30
0.0
 10
820.964195
 20
286.3440424999999
 30
0.0
 10
821.3748283333332
 20
287.2499758333333
 30
0.0
 10
822.0870866666667
 20
287.8729813888889
 30
0.0
 10
822.7989922222221
 20
288.4959869444444
 30
0.0
 10
823.7550199999998
 20
288.8074897222222
 30
0.0
 10
824.9548172222221
 20
288.8074897222222
 30
0.0
 10
826.1666088888888
 20
288.8074897222222
 30
0.0
 10
827.1251061111111
 20
288.4716452777777
 30
0.0
 10
827.8313672222222
 20
287.7996036111111
 30
0.0
 10
828.5376283333333
 20
287.1279147222222
 30
0.0
 10
828.8911116666666
 20
286.2953591666666
 30
0.0
 10
828.8911116666666
 20
285.3019369444444
 30
0.0
 10
828.8911116666666
 20
284.7967591666667
 30
0.0
 10
828.7877477777777
 20
284.3000480555555
 30
0.0
 10
828.58102
 20
283.8121563888889
 30
0.0
 10
828.374292222222
 20
283.3239119444444
 30
0.0
 10
828.0313922222222
 20
282.8099147222222
 30
0.0
 10
827.5516144444443
 20
282.2705175
 30
0.0
 10
827.0721894444443
 20
281.7304147222222
 30
0.0
 10
826.2756172222221
 20
280.9899341666666
 30
0.0
 10
825.1615449999998
 20
280.0483702777777
 30
0.0
 10
824.23127
 20
279.2673202777777
 30
0.0
 10
823.63437
 20
278.7374480555555
 30
0.0
 10
823.3701394444444
 20
278.4591063888889
 30
0.0
 10
823.1062616666666
 20
278.1807647222222
 30
0.0
 10
822.8878922222221
 20
277.9006591666666
 30
0.0
 10
822.7153838888888
 20
277.6194952777777
 30
0.0
 10
824.7797218518517
 20
277.6194952777777
 30
0.0
 10
826.8440598148146
 20
277.6194952777777
 30
0.0
 10
828.9083977777776
 20
277.6194952777777
 30
0.0
  0
POLYLINE
  5
6C
330
1F
100
AcDbEntity
  8
DEFAULT
 62
     7
100
AcDb2dPolyline
 66
     1
 10
0.0
 20
0.0
 30
0.0
 70
     1
  0
VERTEX
  5
6D
330
6C
100
AcDbEntity
  8
DEFAULT
 62
     7
100
AcDbVertex
100
AcDb2dVertex
 10
816.7299444444443
 20
277.89505
 30
0.0
  0
VERTEX
  5
6E
330
6C
100
AcDbEntity
  8
DEFAULT
 62
     7
100
AcDbVertex
100
AcDb2dVertex
 10
818.4952444444443
 20
277.89505
 30
0.0
  0
VERTEX
  5
6F
330
6C
100
AcDbEntity
  8
DEFAULT
 62
     7
100
AcDbVertex
100
AcDb2dVertex
 10
818.4952444444443
 20
276.1293972222222
 30
0.0
  0
VERTEX
  5
70
330
6C
100
AcDbEntity
  8
DEFAULT
 62
     7
100
AcDbVertex
100
AcDb2dVertex
 10
816.7299444444443
 20
276.1293972222222
 30
0.0
  0
SEQEND
  5
71
330
6C
100
AcDbEntity
  8
DEFAULT
 62
     7
  0
SPLINE
  5
72
330
1F
100
AcDbEntity
  8
DEFAULT
 62
     7
100
AcDbSpline
210
0.0
220
0.0
230
1.0
 70
    11
 71
     3
 72
    41
 73
    37
 74
     0
 42
0.000000001
 43
0.0000000001
 40
1.0
 40
1.0
 40
1.0
 40
1.0
 40
2.0
 40
2.0
 40
2.0
 40
3.0
 40
3.0
 40
3.0
 40
4.0
 40
4.0
 40
4.0
 40
5.0
 40
5.0
 40
5.0
 40
6.0
 40
6.0
 40
6.0
 40
7.0
 40
7.0
 40
7.0
 40
8.0
 40
8.0
 40
8.0
 40
9.0
 40
9.0
 40
9.0
 40
10.0
 40
10.0
 40
10.0
 40
11.0
 40
11.0
 40
11.0
 40
12.0
 40
12.0
 40
12.0
 40
13.0
 40
13.0
 40
13.0
 40
13.0
 10
806.0500558333333
 20
282.3565247222222
 30
0.0
 10
806.0500558333333
 20
283.8491275
 30
0.0
 10
806.2035141666667
 20
285.0506886111111
 30
0.0
 10
806.5107836111112
 20
285.9608552777777
 30
0.0
 10
806.8177002777777
 20
286.8710219444445
 30
0.0
 10
807.2745474999999
 20
287.5730497222222
 30
0.0
 10
807.8802669444444
 20
288.0669386111111
 30
0.0
 10
808.4859863888889
 20
288.5604747222222
 30
0.0
 10
809.2479863888889
 20
288.8074191666666
 30
0.0
 10
810.1669725
 20
288.8074191666666
 30
0.0
 10
810.8443058333334
 20
288.8074191666666
 30
0.0
 10
811.4387363888889
 20
288.6708941666666
 30
0.0
 10
811.9495586111111
 20
288.3981969444444
 30
0.0
 10
812.4607336111111
 20
288.1254997222222
 30
0.0
 10
812.8826558333333
 20
287.7321525
 30
0.0
 10
813.2160308333333
 20
287.2185080555556
 30
0.0
 10
813.5487002777777
 20
286.7045108333334
 30
0.0
 10
813.8097558333334
 20
286.0786830555556
 30
0.0
 10
813.9995502777778
 20
285.3406719444444
 30
0.0
 10
814.1889919444444
 20
284.6030136111111
 30
0.0
 10
814.2838891666667
 20
283.6081802777778
 30
0.0
 10
814.2838891666667
 20
282.3565247222222
 30
0.0
 10
814.2838891666667
 20
280.8752108333333
 30
0.0
 10
814.1318419444444
 20
279.6792941666666
 30
0.0
 10
813.8270419444444
 20
278.7694802777777
 30
0.0
 10
813.5229475
 20
277.8589608333333
 30
0.0
 10
813.0678641666666
 20
277.1558747222222
 30
0.0
 10
812.4621447222222
 20
276.6591636111111
 30
0.0
 10
811.8564252777778
 20
276.1624525
 30
0.0
 10
811.0908975000001
 20
275.9140969444444
 30
0.0
 10
810.1669725
 20
275.9140969444444
 30
0.0
 10
808.9495363888889
 20
275.9140969444444
 30
0.0
 10
807.9935086111111
 20
276.3504830555556
 30
0.0
 10
807.2985363888889
 20
277.2232552777778
 30
0.0
 10
806.4663336111112
 20
278.2741802777778
 30
0.0
 10
806.0500558333333
 20
279.9851525
 30
0.0
 10
806.0500558333333
 20
282.3565247222222
 30
0.0
  0
SPLINE
  5
73
330
1F
100
AcDbEntity
  8
DEFAULT
 62
     7
100
AcDbSpline
210
0.0
220
0.0
230
1.0
 70
    11
 71
     3
 72
    29
 73
    25
 74
     0
 42
0.000000001
 43
0.0000000001
 40
1.0
 40
1.0
 40
1.0
 40
1.0
 40
2.0
 40
2.0
 40
2.0
 40
3.0
 40
3.0
 40
3.0
 40
4.0
 40
4.0
 40
4.0
 40
5.0
 40
5.0
 40
5.0
 40
6.0
 40
6.0
 40
6.0
 40
7.0
 40
7.0
 40
7.0
 40
8.0
 40
8.0
 40
8.0
 40
9.0
 40
9.0
 40
9.0
 40
9.0
 10
807.6432002777777
 20
282.3565247222222
 30
0.0
 10
807.6432002777777
 20
280.2836025
 30
0.0
 10
807.885558611111
 20
278.9042413888889
 30
0.0
 10
808.3709808333334
 20
278.2180886111111
 30
0.0
 10
808.8560502777779
 20
277.5319358333333
 30
0.0
 10
809.4547141666667
 20
277.1890358333333
 30
0.0
 10
810.1669725
 20
277.1890358333333
 30
0.0
 10
810.8788780555556
 20
277.1890358333333
 30
0.0
 10
811.4775419444445
 20
277.5333469444444
 30
0.0
 10
811.962611388889
 20
278.2223219444444
 30
0.0
 10
812.4476808333334
 20
278.9112969444445
 30
0.0
 10
812.6903919444444
 20
280.2895997222222
 30
0.0
 10
812.6903919444444
 20
282.3565247222222
 30
0.0
 10
812.6903919444444
 20
284.4350913888889
 30
0.0
 10
812.4476808333334
 20
285.8158636111111
 30
0.0
 10
811.962611388889
 20
286.4991941666667
 30
0.0
 10
811.4775419444445
 20
287.1825247222222
 30
0.0
 10
810.8732336111111
 20
287.5240136111111
 30
0.0
 10
810.1496863888889
 20
287.5240136111111
 30
0.0
 10
809.4374280555555
 20
287.5240136111111
 30
0.0
 10
808.8691030555556
 20
287.2227413888889
 30
0.0
 10
808.4443586111112
 20
286.6198441666667
 30
0.0
 10
807.9106058333333
 20
285.8504358333333
 30
0.0
 10
807.6432002777777
 20
284.4290941666666
 30
0.0
 10
807.6432002777777
 20
282.3565247222222
 30
0.0
  0
POLYLINE
  5
74
330
1F
100
AcDbEntity
  8
DEFAULT
 62
     7
100
AcDb2dPolyline
 66
     1
 10
0.0
 20
0.0
 30
0.0
 70
     1
  0
VERTEX
  5
75
330
74
100
AcDbEntity
  8
DEFAULT
 62
     7
100
AcDbVertex
100
AcDb2dVertex
 10
799.4356136111111
 20
278.1707105555555
 30
0.0
  0
VERTEX
  5
76
330
74
100
AcDbEntity
  8
DEFAULT
 62
     7
100
AcDbVertex
100
AcDb2dVertex
 10
799.4356136111111
 20
281.6328716666666
 30
0.0
  0
VERTEX
  5
77
330
74
100
AcDbEntity
  8
DEFAULT
 62
     7
100
AcDbVertex
100
AcDb2dVertex
 10
795.9988524999999
 20
281.6328716666666
 30
0.0
  0
VERTEX
  5
78
330
74
100
AcDbEntity
  8
DEFAULT
 62
     7
100
AcDbVertex
100
AcDb2dVertex
 10
795.9988524999999
 20
283.0799661111111
 30
0.0
  0
VERTEX
  5
79
330
74
100
AcDbEntity
  8
DEFAULT
 62
     7
100
AcDbVertex
100
AcDb2dVertex
 10
799.4356136111111
 20
283.0799661111111
 30
0.0
  0
VERTEX
  5
7A
330
74
100
AcDbEntity
  8
DEFAULT
 62
     7
100
AcDbVertex
100
AcDb2dVertex
 10
799.4356136111111
 20
286.5163744444444
 30
0.0
  0
VERTEX
  5
7B
330
74
100
AcDbEntity
  8
DEFAULT
 62
     7
100
AcDbVertex
100
AcDb2dVertex
 10
800.8996413888889
 20
286.5163744444444
 30
0.0
  0
VERTEX
  5
7C
330
74
100
AcDbEntity
  8
DEFAULT
 62
     7
100
AcDbVertex
100
AcDb2dVertex
 10
800.8996413888889
 20
283.0799661111111
 30
0.0
  0
VERTEX
  5
7D
330
74
100
AcDbEntity
  8
DEFAULT
 62
     7
100
AcDbVertex
100
AcDb2dVertex
 10
804.3360497222222
 20
283.0799661111111
 30
0.0
  0
VERTEX
  5
7E
330
74
100
AcDbEntity
  8
DEFAULT
 62
     7
100
AcDbVertex
100
AcDb2dVertex
 10
804.3360497222222
 20
281.6328716666666
 30
0.0
  0
VERTEX
  5
7F
330
74
100
AcDbEntity
  8
DEFAULT
 62
     7
100
AcDbVertex
100
AcDb2dVertex
 10
800.8996413888889
 20
281.6328716666666
 30
0.0
  0
VERTEX
  5
80
330
74
100
AcDbEntity
  8
DEFAULT
 62
     7
100
AcDbVertex
100
AcDb2dVertex
 10
800.8996413888889
 20
278.1707105555555
 30
0.0
  0
SEQEND
  5
81
330
74
100
AcDbEntity
  8
DEFAULT
 62
     7
  0
SPLINE
  5
82
330
1F
100
AcDbEntity
  8
DEFAULT
 62
     7
100
AcDbSpline
210
0.0
220
0.0
230
1.0
 70
    11
 71
     3
 72
    71
 73
    67
 74
     0
 42
0.000000001
 43
0.0000000001
 40
0.0
 40
0.0
 40
0.0
 40
0.0
 40
4.630537441809566
 40
4.630537441809566
 40
4.630537441809566
 40
5.630537441809566
 40
5.630537441809566
 40
5.630537441809566
 40
6.630537441809566
 40
6.630537441809566
 40
6.630537441809566
 40
7.630537441809566
 40
7.630537441809566
 40
7.630537441809566
 40
8.630537441809565
 40
8.630537441809565
 40
8.630537441809565
 40
9.630537441809565
 40
9.630537441809565
 40
9.630537441809565
 40
10.63053744180957
 40
10.63053744180957
 40
10.63053744180957
 40
11.63053744180957
 40
11.63053744180957
 40
11.63053744180957
 40
12.63053744180957
 40
12.63053744180957
 40
12.63053744180957
 40
16.79133604303984
 40
16.79133604303984
 40
16.79133604303984
 40
35.49939700616484
 40
35.49939700616484
 40
35.49939700616484
 40
53.29739700616484
 40
53.29739700616484
 40
53.29739700616484
 40
57.4963970061648
 40
57.4963970061648
 40
57.4963970061648
 40
71.77839700616495
 40
71.77839700616495
 40
71.77839700616495
 40
81.58989235600839
 40
81.58989235600839
 40
81.58989235600839
 40
82.58989235600839
 40
82.58989235600839
 40
82.58989235600839
 40
83.58989235600839
 40
83.58989235600839
 40
83.58989235600839
 40
84.58989235600839
 40
84.58989235600839
 40
84.58989235600839
 40
85.58989235600839
 40
85.58989235600839
 40
85.58989235600839
 40
86.58989235600839
 40
86.58989235600839
 40
86.58989235600839
 40
87.58989235600839
 40
87.58989235600839
 40
87.58989235600839
 40
88.58989235600839
 40
88.58989235600839
 40
88.58989235600839
 40
88.58989235600839
 10
506.2644744444443
 20
279.4367947222221
 30
0.0
 10
506.8070466666665
 20
279.4827734259258
 30
0.0
 10
507.3496188888888
 20
279.5287521296295
 30
0.0
 10
507.892191111111
 20
279.5747308333332
 30
0.0
 10
508.0128411111111
 20
278.7823919444444
 30
0.0
 10
508.2929466666666
 20
278.1865502777778
 30
0.0
 10
508.7321549999999
 20
277.7875586111111
 30
0.0
 10
509.1713633333333
 20
277.3882141666666
 30
0.0
 10
509.7008827777777
 20
277.1888947222222
 30
0.0
 10
510.3210661111111
 20
277.1888947222222
 30
0.0
 10
511.0675438888888
 20
277.1888947222222
 30
0.0
 10
511.6990161111111
 20
277.4700586111111
 30
0.0
 10
512.2158355555555
 20
278.0330919444444
 30
0.0
 10
512.732655
 20
278.5954197222222
 30
0.0
 10
512.9908883333333
 20
279.3418975
 30
0.0
 10
512.9908883333333
 20
280.2721725
 30
0.0
 10
512.9908883333333
 20
281.1565863888889
 30
0.0
 10
512.7425327777778
 20
281.8540280555555
 30
0.0
 10
512.2461744444444
 20
282.3652030555555
 30
0.0
 10
511.7494633333333
 20
282.8760252777777
 30
0.0
 10
511.0989411111111
 20
283.1317891666666
 30
0.0
 10
510.2953133333333
 20
283.1317891666666
 30
0.0
 10
509.79578
 20
283.1317891666666
 30
0.0
 10
509.34493
 20
283.0181947222222
 30
0.0
 10
508.9431161111111
 20
282.7913586111111
 30
0.0
 10
508.5409494444444
 20
282.5645225
 30
0.0
 10
508.225566111111
 20
282.2703058333333
 30
0.0
 10
507.995555
 20
281.9087086111111
 30
0.0
 10
507.5103679629629
 20
281.9718558333333
 30
0.0
 10
507.0251809259259
 20
282.0350030555555
 30
0.0
 10
506.5399938888888
 20
282.0981502777777
 30
0.0
 10
506.9476874074074
 20
284.2599724999999
 30
0.0
 10
507.3553809259259
 20
286.4217947222222
 30
0.0
 10
507.7630744444444
 20
288.5836169444444
 30
0.0
 10
509.8559874074074
 20
288.5836169444444
 30
0.0
 10
511.9489003703704
 20
288.5836169444444
 30
0.0
 10
514.0418133333334
 20
288.5836169444444
 30
0.0
 10
514.0418133333334
 20
288.0898456481481
 30
0.0
 10
514.0418133333334
 20
287.5960743518518
 30
0.0
 10
514.0418133333334
 20
287.1023030555555
 30
0.0
 10
512.362355925926
 20
287.1023030555555
 30
0.0
 10
510.6828985185186
 20
287.1023030555555
 30
0.0
 10
509.003441111111
 20
287.1023030555555
 30
0.0
 10
508.776605
 20
285.9710623148148
 30
0.0
 10
508.5497688888889
 20
284.8398215740741
 30
0.0
 10
508.3229327777777
 20
283.7085808333333
 30
0.0
 10
509.0806994444444
 20
284.2366891666666
 30
0.0
 10
509.8758605555556
 20
284.5009197222222
 30
0.0
 10
510.7087688888889
 20
284.5009197222222
 30
0.0
 10
511.8111994444444
 20
284.5009197222222
 30
0.0
 10
512.7411216666666
 20
284.1192141666667
 30
0.0
 10
513.4992411111111
 20
283.3554502777777
 30
0.0
 10
514.2570077777777
 20
282.5916863888888
 30
0.0
 10
514.635891111111
 20
281.6099058333333
 30
0.0
 10
514.635891111111
 20
280.4101086111111
 30
0.0
 10
514.635891111111
 20
279.2674613888888
 30
0.0
 10
514.3028688888888
 20
278.2796836111111
 30
0.0
 10
513.6368244444444
 20
277.4471280555555
 30
0.0
 10
512.8275522222223
 20
276.4251308333333
 30
0.0
 10
511.7222994444444
 20
275.9143086111111
 30
0.0
 10
510.3210661111111
 20
275.9143086111111
 30
0.0
 10
509.1727744444444
 20
275.9143086111111
 30
0.0
 10
508.2354438888889
 20
276.2356891666666
 30
0.0
 10
507.5090744444444
 20
276.8788030555555
 30
0.0
 10
506.78270517318
 20
277.5219167911141
 30
0.0
 10
506.3678385311571
 20
278.3745804267515
 30
0.0
 10
506.2644744444443
 20
279.4367947222221
 30
0.0
  0
SPLINE
  5
83
330
1F
100
AcDbEntity
  8
DEFAULT
 62
     7
100
AcDbSpline
210
0.0
220
0.0
230
1.0
 70
    11
 71
     3
 72
    32
 73
    28
 74
     0
 42
0.000000001
 43
0.0000000001
 40
35.93799999999999
 40
35.93799999999999
 40
35.93799999999999
 40
35.93799999999999
 40
40.33299999999997
 40
40.33299999999997
 40
40.33299999999997
 40
68.33600000000001
 40
68.33600000000001
 40
68.33600000000001
 40
69.33600000000001
 40
69.33600000000001
 40
69.33600000000001
 40
70.33600000000001
 40
70.33600000000001
 40
70.33600000000001
 40
74.58399999999995
 40
74.58399999999995
 40
74.58399999999995
 40
75.58399999999995
 40
75.58399999999995
 40
75.58399999999995
 40
76.58399999999995
 40
76.58399999999995
 40
76.58399999999995
 40
79.41600000000005
 40
79.41600000000005
 40
79.41600000000005
 40
115.354
 40
115.354
 40
115.354
 40
115.354
 10
502.2940311111111
 20
276.1295030555555
 30
0.0
 10
501.7772116666666
 20
276.1295030555555
 30
0.0
 10
501.2603922222222
 20
276.1295030555555
 30
0.0
 10
500.7435727777777
 20
276.1295030555555
 30
0.0
 10
500.7435727777777
 20
279.4224484259259
 30
0.0
 10
500.7435727777777
 20
282.7153937962963
 30
0.0
 10
500.7435727777777
 20
286.0083391666666
 30
0.0
 10
500.3706866666666
 20
285.6523863888889
 30
0.0
 10
499.881031111111
 20
285.2960808333333
 30
0.0
 10
499.2753116666666
 20
284.9404808333333
 30
0.0
 10
498.6695922222222
 20
284.5841752777777
 30
0.0
 10
498.1256088888888
 20
284.3171224999999
 30
0.0
 10
497.6430088888888
 20
284.1393225
 30
0.0
 10
497.6430088888888
 20
284.6388558333333
 30
0.0
 10
497.6430088888888
 20
285.1383891666666
 30
0.0
 10
497.6430088888888
 20
285.6379224999999
 30
0.0
 10
498.5101366666665
 20
286.0453808333333
 30
0.0
 10
499.268256111111
 20
286.5392697222222
 30
0.0
 10
499.9170144444444
 20
287.1192363888889
 30
0.0
 10
500.5657727777777
 20
287.6992030555555
 30
0.0
 10
501.0250894444443
 20
288.261883611111
 30
0.0
 10
501.2949644444443
 20
288.8076308333333
 30
0.0
 10
501.6279866666666
 20
288.8076308333333
 30
0.0
 10
501.9610088888888
 20
288.8076308333333
 30
0.0
 10
502.2940311111111
 20
288.8076308333333
 30
0.0
 10
502.2940311111111
 20
284.5815882407407
 30
0.0
 10
502.2940311111111
 20
280.3555456481482
 30
0.0
 10
502.2940311111111
 20
276.1295030555555
 30
0.0
  0
POLYLINE
  5
84
330
1F
100
AcDbEntity
  8
DEFAULT
 62
     7
100
AcDb2dPolyline
 66
     1
 10
0.0
 20
0.0
 30
0.0
 70
     1
  0
VERTEX
  5
85
330
84
100
AcDbEntity
  8
DEFAULT
 62
     7
100
AcDbVertex
100
AcDb2dVertex
 10
492.4238027777777
 20
277.89505
 30
0.0
  0
VERTEX
  5
86
330
84
100
AcDbEntity
  8
DEFAULT
 62
     7
100
AcDbVertex
100
AcDb2dVertex
 10
494.1894555555555
 20
277.89505
 30
0.0
  0
VERTEX
  5
87
330
84
100
AcDbEntity
  8
DEFAULT
 62
     7
100
AcDbVertex
100
AcDb2dVertex
 10
494.1894555555555
 20
276.1293972222222
 30
0.0
  0
VERTEX
  5
88
330
84
100
AcDbEntity
  8
DEFAULT
 62
     7
100
AcDbVertex
100
AcDb2dVertex
 10
492.4238027777777
 20
276.1293972222222
 30
0.0
  0
SEQEND
  5
89
330
84
100
AcDbEntity
  8
DEFAULT
 62
     7
  0
SPLINE
  5
8A
330
1F
100
AcDbEntity
  8
DEFAULT
 62
     7
100
AcDbSpline
210
0.0
220
0.0
230
1.0
 70
    11
 71
     3
 72
    41
 73
    37
 74
     0
 42
0.000000001
 43
0.0000000001
 40
1.0
 40
1.0
 40
1.0
 40
1.0
 40
2.0
 40
2.0
 40
2.0
 40
3.0
 40
3.0
 40
3.0
 40
4.0
 40
4.0
 40
4.0
 40
5.0
 40
5.0
 40
5.0
 40
6.0
 40
6.0
 40
6.0
 40
7.0
 40
7.0
 40
7.0
 40
8.0
 40
8.0
 40
8.0
 40
9.0
 40
9.0
 40
9.0
 40
10.0
 40
10.0
 40
10.0
 40
11.0
 40
11.0
 40
11.0
 40
12.0
 40
12.0
 40
12.0
 40
13.0
 40
13.0
 40
13.0
 40
13.0
 10
481.7438788888888
 20
282.3565247222222
 30
0.0
 10
481.7438788888888
 20
283.8491275
 30
0.0
 10
481.89769
 20
285.0506886111111
 30
0.0
 10
482.2049594444444
 20
285.9608552777777
 30
0.0
 10
482.5118761111111
 20
286.8710219444445
 30
0.0
 10
482.9683705555555
 20
287.5730497222222
 30
0.0
 10
483.5744427777778
 20
288.0669386111111
 30
0.0
 10
484.1801622222222
 20
288.5604747222222
 30
0.0
 10
484.9421622222222
 20
288.8074191666666
 30
0.0
 10
485.8607955555556
 20
288.8074191666666
 30
0.0
 10
486.5384816666667
 20
288.8074191666666
 30
0.0
 10
487.1329122222222
 20
288.6708941666666
 30
0.0
 10
487.6437344444445
 20
288.3981969444444
 30
0.0
 10
488.1545566666666
 20
288.1254997222222
 30
0.0
 10
488.5768316666667
 20
287.7321525
 30
0.0
 10
488.9098538888889
 20
287.2185080555556
 30
0.0
 10
489.2428761111111
 20
286.7045108333334
 30
0.0
 10
489.5039316666667
 20
286.0786830555556
 30
0.0
 10
489.6937261111111
 20
285.3406719444444
 30
0.0
 10
489.8831677777778
 20
284.6030136111111
 30
0.0
 10
489.9777122222222
 20
283.6081802777778
 30
0.0
 10
489.9777122222222
 20
282.3565247222222
 30
0.0
 10
489.9777122222222
 20
280.8752108333333
 30
0.0
 10
489.825665
 20
279.6792941666666
 30
0.0
 10
489.5212177777778
 20
278.7694802777777
 30
0.0
 10
489.2171233333333
 20
277.8589608333333
 30
0.0
 10
488.76204
 20
277.1558747222222
 30
0.0
 10
488.1563205555556
 20
276.6591636111111
 30
0.0
 10
487.5502483333333
 20
276.1624525
 30
0.0
 10
486.7850733333333
 20
275.9140969444444
 30
0.0
 10
485.8607955555556
 20
275.9140969444444
 30
0.0
 10
484.6437122222222
 20
275.9140969444444
 30
0.0
 10
483.6876844444444
 20
276.3504830555556
 30
0.0
 10
482.9927122222222
 20
277.2232552777778
 30
0.0
 10
482.1601566666666
 20
278.2741802777778
 30
0.0
 10
481.7438788888888
 20
279.9851525
 30
0.0
 10
481.7438788888888
 20
282.3565247222222
 30
0.0
  0
SPLINE
  5
8B
330
1F
100
AcDbEntity
  8
DEFAULT
 62
     7
100
AcDbSpline
210
0.0
220
0.0
230
1.0
 70
    11
 71
     3
 72
    29
 73
    25
 74
     0
 42
0.000000001
 43
0.0000000001
 40
1.0
 40
1.0
 40
1.0
 40
1.0
 40
2.0
 40
2.0
 40
2.0
 40
3.0
 40
3.0
 40
3.0
 40
4.0
 40
4.0
 40
4.0
 40
5.0
 40
5.0
 40
5.0
 40
6.0
 40
6.0
 40
6.0
 40
7.0
 40
7.0
 40
7.0
 40
8.0
 40
8.0
 40
8.0
 40
9.0
 40
9.0
 40
9.0
 40
9.0
 10
483.3373761111111
 20
282.3565247222222
 30
0.0
 10
483.3373761111111
 20
280.2836025
 30
0.0
 10
483.5797344444444
 20
278.9042413888889
 30
0.0
 10
484.0651566666667
 20
278.2180886111111
 30
0.0
 10
484.5502261111112
 20
277.5319358333333
 30
0.0
 10
485.14889
 20
277.1890358333333
 30
0.0
 10
485.8607955555556
 20
277.1890358333333
 30
0.0
 10
486.5730538888889
 20
277.1890358333333
 30
0.0
 10
487.171365
 20
277.5333469444444
 30
0.0
 10
487.6567872222222
 20
278.2223219444444
 30
0.0
 10
488.1418566666666
 20
278.9112969444445
 30
0.0
 10
488.3845677777778
 20
280.2895997222222
 30
0.0
 10
488.3845677777778
 20
282.3565247222222
 30
0.0
 10
488.3845677777778
 20
284.4350913888889
 30
0.0
 10
488.1418566666666
 20
285.8158636111111
 30
0.0
 10
487.6567872222222
 20
286.4991941666667
 30
0.0
 10
487.171365
 20
287.1825247222222
 30
0.0
 10
486.5670566666666
 20
287.5240136111111
 30
0.0
 10
485.8435094444445
 20
287.5240136111111
 30
0.0
 10
485.1316038888889
 20
287.5240136111111
 30
0.0
 10
484.5632788888889
 20
287.2227413888889
 30
0.0
 10
484.1385344444444
 20
286.6198441666667
 30
0.0
 10
483.6044288888889
 20
285.8504358333333
 30
0.0
 10
483.3373761111111
 20
284.4290941666666
 30
0.0
 10
483.3373761111111
 20
282.3565247222222
 30
0.0
  0
POLYLINE
  5
8C
330
1F
100
AcDbEntity
  8
DEFAULT
 62
     7
100
AcDb2dPolyline
 66
     1
 10
0.0
 20
0.0
 30
0.0
 70
     1
  0
VERTEX
  5
8D
330
8C
100
AcDbEntity
  8
DEFAULT
 62
     7
100
AcDbVertex
100
AcDb2dVertex
 10
475.1294366666666
 20
278.1707105555555
 30
0.0
  0
VERTEX
  5
8E
330
8C
100
AcDbEntity
  8
DEFAULT
 62
     7
100
AcDbVertex
100
AcDb2dVertex
 10
475.1294366666666
 20
281.6328716666666
 30
0.0
  0
VERTEX
  5
8F
330
8C
100
AcDbEntity
  8
DEFAULT
 62
     7
100
AcDbVertex
100
AcDb2dVertex
 10
471.6930283333333
 20
281.6328716666666
 30
0.0
  0
VERTEX
  5
90
330
8C
100
AcDbEntity
  8
DEFAULT
 62
     7
100
AcDbVertex
100
AcDb2dVertex
 10
471.6930283333333
 20
283.0799661111111
 30
0.0
  0
VERTEX
  5
91
330
8C
100
AcDbEntity
  8
DEFAULT
 62
     7
100
AcDbVertex
100
AcDb2dVertex
 10
475.1294366666666
 20
283.0799661111111
 30
0.0
  0
VERTEX
  5
92
330
8C
100
AcDbEntity
  8
DEFAULT
 62
     7
100
AcDbVertex
100
AcDb2dVertex
 10
475.1294366666666
 20
286.5163744444444
 30
0.0
  0
VERTEX
  5
93
330
8C
100
AcDbEntity
  8
DEFAULT
 62
     7
100
AcDbVertex
100
AcDb2dVertex
 10
476.5934644444444
 20
286.5163744444444
 30
0.0
  0
VERTEX
  5
94
330
8C
100
AcDbEntity
  8
DEFAULT
 62
     7
100
AcDbVertex
100
AcDb2dVertex
 10
476.5934644444444
 20
283.0799661111111
 30
0.0
  0
VERTEX
  5
95
330
8C
100
AcDbEntity
  8
DEFAULT
 62
     7
100
AcDbVertex
100
AcDb2dVertex
 10
480.0302255555555
 20
283.0799661111111
 30
0.0
  0
VERTEX
  5
96
330
8C
100
AcDbEntity
  8
DEFAULT
 62
     7
100
AcDbVertex
100
AcDb2dVertex
 10
480.0302255555555
 20
281.6328716666666
 30
0.0
  0
VERTEX
  5
97
330
8C
100
AcDbEntity
  8
DEFAULT
 62
     7
100
AcDbVertex
100
AcDb2dVertex
 10
476.5934644444444
 20
281.6328716666666
 30
0.0
  0
VERTEX
  5
98
330
8C
100
AcDbEntity
  8
DEFAULT
 62
     7
100
AcDbVertex
100
AcDb2dVertex
 10
476.5934644444444
 20
278.1707105555555
 30
0.0
  0
SEQEND
  5
99
330
8C
100
AcDbEntity
  8
DEFAULT
 62
     7
  0
SPLINE
  5
9A
330
1F
100
AcDbEntity
  8
DEFAULT
 62
     7
100
AcDbSpline
210
0.0
220
0.0
230
1.0
 70
    11
 71
     3
 72
    41
 73
    37
 74
     0
 42
0.000000001
 43
0.0000000001
 40
1.0
 40
1.0
 40
1.0
 40
1.0
 40
2.0
 40
2.0
 40
2.0
 40
3.0
 40
3.0
 40
3.0
 40
4.0
 40
4.0
 40
4.0
 40
5.0
 40
5.0
 40
5.0
 40
6.0
 40
6.0
 40
6.0
 40
7.0
 40
7.0
 40
7.0
 40
8.0
 40
8.0
 40
8.0
 40
9.0
 40
9.0
 40
9.0
 40
10.0
 40
10.0
 40
10.0
 40
11.0
 40
11.0
 40
11.0
 40
12.0
 40
12.0
 40
12.0
 40
13.0
 40
13.0
 40
13.0
 40
13.0
 10
163.1760911111111
 20
282.3565247222222
 30
0.0
 10
163.1760911111111
 20
283.8491275
 30
0.0
 10
163.3295494444444
 20
285.0506886111111
 30
0.0
 10
163.6371716666667
 20
285.9608552777777
 30
0.0
 10
163.9440883333333
 20
286.8710219444445
 30
0.0
 10
164.4005827777778
 20
287.5730497222222
 30
0.0
 10
165.0063022222222
 20
288.0669386111111
 30
0.0
 10
165.6120216666666
 20
288.5604747222222
 30
0.0
 10
166.3743744444444
 20
288.8074191666666
 30
0.0
 10
167.2930077777778
 20
288.8074191666666
 30
0.0
 10
167.9706938888889
 20
288.8074191666666
 30
0.0
 10
168.5647716666666
 20
288.6708941666666
 30
0.0
 10
169.0759466666667
 20
288.3981969444444
 30
0.0
 10
169.5867688888889
 20
288.1254997222222
 30
0.0
 10
170.0090438888889
 20
287.7321525
 30
0.0
 10
170.3420661111111
 20
287.2185080555556
 30
0.0
 10
170.6750883333333
 20
286.7045108333334
 30
0.0
 10
170.9361438888889
 20
286.0786830555556
 30
0.0
 10
171.1259383333333
 20
285.3406719444444
 30
0.0
 10
171.31538
 20
284.6030136111111
 30
0.0
 10
171.4099244444444
 20
283.6081802777778
 30
0.0
 10
171.4099244444444
 20
282.3565247222222
 30
0.0
 10
171.4099244444444
 20
280.8752108333333
 30
0.0
 10
171.2578772222222
 20
279.6792941666666
 30
0.0
 10
170.95343
 20
278.7694802777777
 30
0.0
 10
170.6493355555556
 20
277.8589608333333
 30
0.0
 10
170.1938994444444
 20
277.1558747222222
 30
0.0
 10
169.5885327777778
 20
276.6591636111111
 30
0.0
 10
168.9824605555555
 20
276.1624525
 30
0.0
 10
168.2172855555555
 20
275.9140969444444
 30
0.0
 10
167.2930077777778
 20
275.9140969444444
 30
0.0
 10
166.0759244444444
 20
275.9140969444444
 30
0.0
 10
165.1198966666666
 20
276.3504830555556
 30
0.0
 10
164.4249244444444
 20
277.2232552777778
 30
0.0
 10
163.5923688888889
 20
278.2741802777778
 30
0.0
 10
163.1760911111111
 20
279.9851525
 30
0.0
 10
163.1760911111111
 20
282.3565247222222
 30
0.0
  0
SPLINE
  5
9B
330
1F
100
AcDbEntity
  8
DEFAULT
 62
     7
100
AcDbSpline
210
0.0
220
0.0
230
1.0
 70
    11
 71
     3
 72
    29
 73
    25
 74
     0
 42
0.000000001
 43
0.0000000001
 40
1.0
 40
1.0
 40
1.0
 40
1.0
 40
2.0
 40
2.0
 40
2.0
 40
3.0
 40
3.0
 40
3.0
 40
4.0
 40
4.0
 40
4.0
 40
5.0
 40
5.0
 40
5.0
 40
6.0
 40
6.0
 40
6.0
 40
7.0
 40
7.0
 40
7.0
 40
8.0
 40
8.0
 40
8.0
 40
9.0
 40
9.0
 40
9.0
 40
9.0
 10
164.7695883333333
 20
282.3565247222222
 30
0.0
 10
164.7695883333333
 20
280.2836025
 30
0.0
 10
165.0119466666667
 20
278.9042413888889
 30
0.0
 10
165.4973688888889
 20
278.2180886111111
 30
0.0
 10
165.9824383333333
 20
277.5319358333333
 30
0.0
 10
166.5811022222222
 20
277.1890358333333
 30
0.0
 10
167.2930077777778
 20
277.1890358333333
 30
0.0
 10
168.0049133333333
 20
277.1890358333333
 30
0.0
 10
168.6035772222222
 20
277.5333469444444
 30
0.0
 10
169.0889994444444
 20
278.2223219444444
 30
0.0
 10
169.5740688888889
 20
278.9112969444445
 30
0.0
 10
169.81678
 20
280.2895997222222
 30
0.0
 10
169.81678
 20
282.3565247222222
 30
0.0
 10
169.81678
 20
284.4350913888889
 30
0.0
 10
169.5740688888889
 20
285.8158636111111
 30
0.0
 10
169.0889994444444
 20
286.4991941666667
 30
0.0
 10
168.6035772222222
 20
287.1825247222222
 30
0.0
 10
167.9992688888889
 20
287.5240136111111
 30
0.0
 10
167.2757216666666
 20
287.5240136111111
 30
0.0
 10
166.5638161111111
 20
287.5240136111111
 30
0.0
 10
165.9954911111111
 20
287.2227413888889
 30
0.0
 10
165.5707466666667
 20
286.6198441666667
 30
0.0
 10
165.0366411111111
 20
285.8504358333333
 30
0.0
 10
164.7695883333333
 20
284.4290941666666
 30
0.0
 10
164.7695883333333
 20
282.3565247222222
 30
0.0
  0
POLYLINE
  5
9C
330
1F
100
AcDbEntity
  8
DEFAULT
 62
     1
100
AcDb2dPolyline
 66
     1
 10
0.0
 20
0.0
 30
0.0
 70
     1
  0
VERTEX
  5
9D
330
9C
100
AcDbEntity
  8
DEFAULT
 62
     1
100
AcDbVertex
100
AcDb2dVertex
 10
747.8453208333332
 20
146.5770147222222
 30
0.0
  0
VERTEX
  5
9E
330
9C
100
AcDbEntity
  8
DEFAULT
 62
     1
100
AcDbVertex
100
AcDb2dVertex
 10
747.8453208333332
 20
136.1182119444444
 30
0.0
  0
VERTEX
  5
9F
330
9C
100
AcDbEntity
  8
DEFAULT
 62
     1
100
AcDbVertex
100
AcDb2dVertex
 10
750.8439319444443
 20
136.1182119444444
 30
0.0
  0
VERTEX
  5
A0
330
9C
100
AcDbEntity
  8
DEFAULT
 62
     1
100
AcDbVertex
100
AcDb2dVertex
 10
750.8439319444443
 20
124.8596619444444
 30
0.0
  0
VERTEX
  5
A1
330
9C
100
AcDbEntity
  8
DEFAULT
 62
     1
100
AcDbVertex
100
AcDb2dVertex
 10
747.8453208333332
 20
124.8596619444444
 30
0.0
  0
VERTEX
  5
A2
330
9C
100
AcDbEntity
  8
DEFAULT
 62
     1
100
AcDbVertex
100
AcDb2dVertex
 10
747.8453208333332
 20
114.4050925
 30
0.0
  0
VERTEX
  5
A3
330
9C
100
AcDbEntity
  8
DEFAULT
 62
     1
100
AcDbVertex
100
AcDb2dVertex
 10
750.8439319444443
 20
114.4050925
 30
0.0
  0
VERTEX
  5
A4
330
9C
100
AcDbEntity
  8
DEFAULT
 62
     1
100
AcDbVertex
100
AcDb2dVertex
 10
750.8439319444443
 20
103.1458369444444
 30
0.0
  0
VERTEX
  5
A5
330
9C
100
AcDbEntity
  8
DEFAULT
 62
     1
100
AcDbVertex
100
AcDb2dVertex
 10
747.8453208333332
 20
103.1458369444444
 30
0.0
  0
VERTEX
  5
A6
330
9C
100
AcDbEntity
  8
DEFAULT
 62
     1
100
AcDbVertex
100
AcDb2dVertex
 10
747.8453208333332
 20
92.48842027777776
 30
0.0
  0
VERTEX
  5
A7
330
9C
100
AcDbEntity
  8
DEFAULT
 62
     1
100
AcDbVertex
100
AcDb2dVertex
 10
667.8459041666665
 20
92.48842027777776
 30
0.0
  0
VERTEX
  5
A8
330
9C
100
AcDbEntity
  8
DEFAULT
 62
     1
100
AcDbVertex
100
AcDb2dVertex
 10
667.8459041666665
 20
103.1458369444444
 30
0.0
  0
VERTEX
  5
A9
330
9C
100
AcDbEntity
  8
DEFAULT
 62
     1
100
AcDbVertex
100
AcDb2dVertex
 10
664.8472930555555
 20
103.1458369444444
 30
0.0
  0
VERTEX
  5
AA
330
9C
100
AcDbEntity
  8
DEFAULT
 62
     1
100
AcDbVertex
100
AcDb2dVertex
 10
664.8472930555555
 20
114.4050925
 30
0.0
  0
VERTEX
  5
AB
330
9C
100
AcDbEntity
  8
DEFAULT
 62
     1
100
AcDbVertex
100
AcDb2dVertex
 10
667.8459041666665
 20
114.4050925
 30
0.0
  0
VERTEX
  5
AC
330
9C
100
AcDbEntity
  8
DEFAULT
 62
     1
100
AcDbVertex
100
AcDb2dVertex
 10
667.8459041666665
 20
124.8631897222222
 30
0.0
  0
VERTEX
  5
AD
330
9C
100
AcDbEntity
  8
DEFAULT
 62
     1
100
AcDbVertex
100
AcDb2dVertex
 10
664.8472930555555
 20
124.8631897222222
 30
0.0
  0
VERTEX
  5
AE
330
9C
100
AcDbEntity
  8
DEFAULT
 62
     1
100
AcDbVertex
100
AcDb2dVertex
 10
664.8472930555555
 20
136.1182119444444
 30
0.0
  0
VERTEX
  5
AF
330
9C
100
AcDbEntity
  8
DEFAULT
 62
     1
100
AcDbVertex
100
AcDb2dVertex
 10
667.8459041666665
 20
136.1182119444444
 30
0.0
  0
VERTEX
  5
B0
330
9C
100
AcDbEntity
  8
DEFAULT
 62
     1
100
AcDbVertex
100
AcDb2dVertex
 10
667.8459041666665
 20
146.5770147222222
 30
0.0
  0
VERTEX
  5
B1
330
9C
100
AcDbEntity
  8
DEFAULT
 62
     1
100
AcDbVertex
100
AcDb2dVertex
 10
664.8472930555555
 20
146.5770147222222
 30
0.0
  0
VERTEX
  5
B2
330
9C
100
AcDbEntity
  8
DEFAULT
 62
     1
100
AcDbVertex
100
AcDb2dVertex
 10
664.8472930555555
 20
157.8320369444444
 30
0.0
  0
VERTEX
  5
B3
330
9C
100
AcDbEntity
  8
DEFAULT
 62
     1
100
AcDbVertex
100
AcDb2dVertex
 10
667.8459041666665
 20
157.8320369444444
 30
0.0
  0
VERTEX
  5
B4
330
9C
100
AcDbEntity
  8
DEFAULT
 62
     1
100
AcDbVertex
100
AcDb2dVertex
 10
667.8459041666665
 20
165.4919008333333
 30
0.0
  0
VERTEX
  5
B5
330
9C
100
AcDbEntity
  8
DEFAULT
 62
     1
100
AcDbVertex
100
AcDb2dVertex
 10
676.9306374999999
 20
165.4919008333333
 30
0.0
  0
VERTEX
  5
B6
330
9C
100
AcDbEntity
  8
DEFAULT
 62
     1
100
AcDbVertex
100
AcDb2dVertex
 10
676.9306374999999
 20
168.4905119444444
 30
0.0
  0
VERTEX
  5
B7
330
9C
100
AcDbEntity
  8
DEFAULT
 62
     1
100
AcDbVertex
100
AcDb2dVertex
 10
689.6182902777778
 20
168.4905119444444
 30
0.0
  0
VERTEX
  5
B8
330
9C
100
AcDbEntity
  8
DEFAULT
 62
     1
100
AcDbVertex
100
AcDb2dVertex
 10
689.6182902777778
 20
165.4919008333333
 30
0.0
  0
VERTEX
  5
B9
330
9C
100
AcDbEntity
  8
DEFAULT
 62
     1
100
AcDbVertex
100
AcDb2dVertex
 10
701.5019624999999
 20
165.4919008333333
 30
0.0
  0
VERTEX
  5
BA
330
9C
100
AcDbEntity
  8
DEFAULT
 62
     1
100
AcDbVertex
100
AcDb2dVertex
 10
701.5019624999999
 20
168.4905119444444
 30
0.0
  0
VERTEX
  5
BB
330
9C
100
AcDbEntity
  8
DEFAULT
 62
     1
100
AcDbVertex
100
AcDb2dVertex
 10
714.1896152777776
 20
168.4905119444444
 30
0.0
  0
VERTEX
  5
BC
330
9C
100
AcDbEntity
  8
DEFAULT
 62
     1
100
AcDbVertex
100
AcDb2dVertex
 10
714.1896152777776
 20
165.4919008333333
 30
0.0
  0
VERTEX
  5
BD
330
9C
100
AcDbEntity
  8
DEFAULT
 62
     1
100
AcDbVertex
100
AcDb2dVertex
 10
726.072934722222
 20
165.4919008333333
 30
0.0
  0
VERTEX
  5
BE
330
9C
100
AcDbEntity
  8
DEFAULT
 62
     1
100
AcDbVertex
100
AcDb2dVertex
 10
726.072934722222
 20
168.4905119444444
 30
0.0
  0
VERTEX
  5
BF
330
9C
100
AcDbEntity
  8
DEFAULT
 62
     1
100
AcDbVertex
100
AcDb2dVertex
 10
738.7605874999999
 20
168.4905119444444
 30
0.0
  0
VERTEX
  5
C0
330
9C
100
AcDbEntity
  8
DEFAULT
 62
     1
100
AcDbVertex
100
AcDb2dVertex
 10
738.7605874999999
 20
165.4919008333333
 30
0.0
  0
VERTEX
  5
C1
330
9C
100
AcDbEntity
  8
DEFAULT
 62
     1
100
AcDbVertex
100
AcDb2dVertex
 10
747.8453208333332
 20
165.4919008333333
 30
0.0
  0
VERTEX
  5
C2
330
9C
100
AcDbEntity
  8
DEFAULT
 62
     1
100
AcDbVertex
100
AcDb2dVertex
 10
747.8453208333332
 20
157.8320369444444
 30
0.0
  0
VERTEX
  5
C3
330
9C
100
AcDbEntity
  8
DEFAULT
 62
     1
100
AcDbVertex
100
AcDb2dVertex
 10
750.8439319444443
 20
157.8320369444444
 30
0.0
  0
VERTEX
  5
C4
330
9C
100
AcDbEntity
  8
DEFAULT
 62
     1
100
AcDbVertex
100
AcDb2dVertex
 10
750.8439319444443
 20
146.5770147222222
 30
0.0
  0
SEQEND
  5
C5
330
9C
100
AcDbEntity
  8
DEFAULT
 62
     1
  0
POLYLINE
  5
C6
330
1F
100
AcDbEntity
  8
DEFAULT
 62
     1
100
AcDb2dPolyline
 66
     1
 10
0.0
 20
0.0
 30
0.0
 70
     1
  0
VERTEX
  5
C7
330
C6
100
AcDbEntity
  8
DEFAULT
 62
     1
100
AcDbVertex
100
AcDb2dVertex
 10
918.3413744444443
 20
166.9823163888889
 30
0.0
  0
VERTEX
  5
C8
330
C6
100
AcDbEntity
  8
DEFAULT
 62
     1
100
AcDbVertex
100
AcDb2dVertex
 10
905.8844383333332
 20
166.9823163888889
 30
0.0
  0
VERTEX
  5
C9
330
C6
100
AcDbEntity
  8
DEFAULT
 62
     1
100
AcDbVertex
100
AcDb2dVertex
 10
905.8844383333332
 20
163.9837052777777
 30
0.0
  0
VERTEX
  5
CA
330
C6
100
AcDbEntity
  8
DEFAULT
 62
     1
100
AcDbVertex
100
AcDb2dVertex
 10
892.6270494444443
 20
163.9837052777777
 30
0.0
  0
VERTEX
  5
CB
330
C6
100
AcDbEntity
  8
DEFAULT
 62
     1
100
AcDbVertex
100
AcDb2dVertex
 10
892.6270494444443
 20
166.9823163888889
 30
0.0
  0
VERTEX
  5
CC
330
C6
100
AcDbEntity
  8
DEFAULT
 62
     1
100
AcDbVertex
100
AcDb2dVertex
 10
879.9729105555555
 20
166.9823163888889
 30
0.0
  0
VERTEX
  5
CD
330
C6
100
AcDbEntity
  8
DEFAULT
 62
     1
100
AcDbVertex
100
AcDb2dVertex
 10
879.9729105555555
 20
240.9845108333333
 30
0.0
  0
VERTEX
  5
CE
330
C6
100
AcDbEntity
  8
DEFAULT
 62
     1
100
AcDbVertex
100
AcDb2dVertex
 10
892.6270494444443
 20
240.9845108333333
 30
0.0
  0
VERTEX
  5
CF
330
C6
100
AcDbEntity
  8
DEFAULT
 62
     1
100
AcDbVertex
100
AcDb2dVertex
 10
892.6270494444443
 20
243.9831219444444
 30
0.0
  0
VERTEX
  5
D0
330
C6
100
AcDbEntity
  8
DEFAULT
 62
     1
100
AcDbVertex
100
AcDb2dVertex
 10
905.8844383333332
 20
243.9831219444444
 30
0.0
  0
VERTEX
  5
D1
330
C6
100
AcDbEntity
  8
DEFAULT
 62
     1
100
AcDbVertex
100
AcDb2dVertex
 10
905.8844383333332
 20
240.9845108333333
 30
0.0
  0
VERTEX
  5
D2
330
C6
100
AcDbEntity
  8
DEFAULT
 62
     1
100
AcDbVertex
100
AcDb2dVertex
 10
918.3413744444443
 20
240.9845108333333
 30
0.0
  0
VERTEX
  5
D3
330
C6
100
AcDbEntity
  8
DEFAULT
 62
     1
100
AcDbVertex
100
AcDb2dVertex
 10
918.3413744444443
 20
243.9831219444444
 30
0.0
  0
VERTEX
  5
D4
330
C6
100
AcDbEntity
  8
DEFAULT
 62
     1
100
AcDbVertex
100
AcDb2dVertex
 10
931.5987633333332
 20
243.9831219444444
 30
0.0
  0
VERTEX
  5
D5
330
C6
100
AcDbEntity
  8
DEFAULT
 62
     1
100
AcDbVertex
100
AcDb2dVertex
 10
931.5987633333332
 20
240.9845108333333
 30
0.0
  0
VERTEX
  5
D6
330
C6
100
AcDbEntity
  8
DEFAULT
 62
     1
100
AcDbVertex
100
AcDb2dVertex
 10
944.0553466666665
 20
240.9845108333333
 30
0.0
  0
VERTEX
  5
D7
330
C6
100
AcDbEntity
  8
DEFAULT
 62
     1
100
AcDbVertex
100
AcDb2dVertex
 10
944.0553466666665
 20
232.5531219444444
 30
0.0
  0
VERTEX
  5
D8
330
C6
100
AcDbEntity
  8
DEFAULT
 62
     1
100
AcDbVertex
100
AcDb2dVertex
 10
941.0567355555554
 20
232.5531219444444
 30
0.0
  0
VERTEX
  5
D9
330
C6
100
AcDbEntity
  8
DEFAULT
 62
     1
100
AcDbVertex
100
AcDb2dVertex
 10
941.0567355555554
 20
221.1266497222222
 30
0.0
  0
VERTEX
  5
DA
330
C6
100
AcDbEntity
  8
DEFAULT
 62
     1
100
AcDbVertex
100
AcDb2dVertex
 10
944.0553466666665
 20
221.1266497222222
 30
0.0
  0
VERTEX
  5
DB
330
C6
100
AcDbEntity
  8
DEFAULT
 62
     1
100
AcDbVertex
100
AcDb2dVertex
 10
944.0553466666665
 20
209.6966497222222
 30
0.0
  0
VERTEX
  5
DC
330
C6
100
AcDbEntity
  8
DEFAULT
 62
     1
100
AcDbVertex
100
AcDb2dVertex
 10
941.0567355555554
 20
209.6966497222222
 30
0.0
  0
VERTEX
  5
DD
330
C6
100
AcDbEntity
  8
DEFAULT
 62
     1
100
AcDbVertex
100
AcDb2dVertex
 10
941.0567355555554
 20
198.2701775
 30
0.0
  0
VERTEX
  5
DE
330
C6
100
AcDbEntity
  8
DEFAULT
 62
     1
100
AcDbVertex
100
AcDb2dVertex
 10
944.0553466666665
 20
198.2701775
 30
0.0
  0
VERTEX
  5
DF
330
C6
100
AcDbEntity
  8
DEFAULT
 62
     1
100
AcDbVertex
100
AcDb2dVertex
 10
944.0553466666665
 20
186.8401775
 30
0.0
  0
VERTEX
  5
E0
330
C6
100
AcDbEntity
  8
DEFAULT
 62
     1
100
AcDbVertex
100
AcDb2dVertex
 10
941.0567355555554
 20
186.8401775
 30
0.0
  0
VERTEX
  5
E1
330
C6
100
AcDbEntity
  8
DEFAULT
 62
     1
100
AcDbVertex
100
AcDb2dVertex
 10
941.0567355555554
 20
175.4101775
 30
0.0
  0
VERTEX
  5
E2
330
C6
100
AcDbEntity
  8
DEFAULT
 62
     1
100
AcDbVertex
100
AcDb2dVertex
 10
944.0553466666665
 20
175.4101775
 30
0.0
  0
VERTEX
  5
E3
330
C6
100
AcDbEntity
  8
DEFAULT
 62
     1
100
AcDbVertex
100
AcDb2dVertex
 10
944.0553466666665
 20
166.9823163888889
 30
0.0
  0
VERTEX
  5
E4
330
C6
100
AcDbEntity
  8
DEFAULT
 62
     1
100
AcDbVertex
100
AcDb2dVertex
 10
931.5987633333332
 20
166.9823163888889
 30
0.0
  0
VERTEX
  5
E5
330
C6
100
AcDbEntity
  8
DEFAULT
 62
     1
100
AcDbVertex
100
AcDb2dVertex
 10
931.5987633333332
 20
163.9837052777777
 30
0.0
  0
VERTEX
  5
E6
330
C6
100
AcDbEntity
  8
DEFAULT
 62
     1
100
AcDbVertex
100
AcDb2dVertex
 10
918.3413744444443
 20
163.9837052777777
 30
0.0
  0
SEQEND
  5
E7
330
C6
100
AcDbEntity
  8
DEFAULT
 62
     1
  0
SPLINE
  5
E8
330
1F
100
AcDbEntity
  8
DEFAULT
 62
     1
100
AcDbSpline
210
0.0
220
0.0
230
1.0
 70
    11
 71
     3
 72
    17
 73
    13
 74
     0
 42
0.000000001
 43
0.0000000001
 40
0.0
 40
0.0
 40
0.0
 40
0.0
 40
1.0
 40
1.0
 40
1.0
 40
2.0
 40
2.0
 40
2.0
 40
3.0
 40
3.0
 40
3.0
 40
4.0
 40
4.0
 40
4.0
 40
4.0
 10
872.1905269444443
 20
154.9808163888889
 30
0.0
 10
875.0907130555554
 20
154.9808163888889
 30
0.0
 10
877.4395074999999
 20
152.6313163888889
 30
0.0
 10
877.4395074999999
 20
149.7318358333333
 30
0.0
 10
877.4395074999999
 20
146.8316497222222
 30
0.0
 10
875.0907130555554
 20
144.4821497222222
 30
0.0
 10
872.1905269444443
 20
144.4821497222222
 30
0.0
 10
869.2903408333332
 20
144.4821497222222
 30
0.0
 10
866.9408408333333
 20
146.8316497222222
 30
0.0
 10
866.9408408333333
 20
149.7318358333333
 30
0.0
 10
866.9408408333333
 20
152.6313163888889
 30
0.0
 10
869.2903408333332
 20
154.9808163888889
 30
0.0
 10
872.1905269444443
 20
154.9808163888889
 30
0.0
  0
SPLINE
  5
E9
330
1F
100
AcDbEntity
  8
DEFAULT
 62
     1
100
AcDbSpline
210
0.0
220
0.0
230
1.0
 70
    11
 71
     3
 72
    92
 73
    88
 74
     0
 42
0.000000001
 43
0.0000000001
 40
1.0
 40
1.0
 40
1.0
 40
1.0
 40
120.049
 40
120.049
 40
120.049
 40
150.828
 40
150.828
 40
150.828
 40
159.328
 40
159.328
 40
159.328
 40
190.098
 40
190.098
 40
190.098
 40
198.598
 40
198.598
 40
198.598
 40
229.377
 40
229.377
 40
229.377
 40
237.877
 40
237.877
 40
237.877
 40
268.658
 40
268.658
 40
268.658
 40
277.158
 40
277.158
 40
277.158
 40
307.928
 40
307.928
 40
307.928
 40
316.428
 40
316.428
 40
316.428
 40
347.208
 40
347.208
 40
347.208
 40
355.708
 40
355.708
 40
355.708
 40
377.989
 40
377.989
 40
377.989
 40
394.4209999999998
 40
394.4209999999998
 40
394.4209999999998
 40
402.9209999999998
 40
402.9209999999998
 40
402.9209999999998
 40
421.065
 40
421.065
 40
421.065
 40
429.565
 40
429.565
 40
429.565
 40
445.44
 40
445.44
 40
445.44
 40
453.94
 40
453.94
 40
453.94
 40
472.085
 40
472.085
 40
472.085
 40
480.585
 40
480.585
 40
480.585
 40
496.4499999999998
 40
496.4499999999998
 40
496.4499999999998
 40
504.9499999999998
 40
504.9499999999998
 40
504.9499999999998
 40
523.096
 40
523.096
 40
523.096
 40
531.596
 40
531.596
 40
531.596
 40
548.038
 40
548.038
 40
548.038
 40
549.038
 40
549.038
 40
549.038
 40
550.038
 40
550.038
 40
550.038
 40
550.038
 10
887.8677597222222
 20
163.9835288888889
 30
0.0
 10
873.8684791666666
 20
163.9835288888889
 30
0.0
 10
859.8691986111111
 20
163.9835288888889
 30
0.0
 10
845.8699180555556
 20
163.9835288888889
 30
0.0
 10
845.8699180555556
 20
160.3641464814815
 30
0.0
 10
845.8699180555556
 20
156.7447640740741
 30
0.0
 10
845.8699180555556
 20
153.1253816666666
 30
0.0
 10
846.8694550925925
 20
153.1253816666666
 30
0.0
 10
847.8689921296295
 20
153.1253816666666
 30
0.0
 10
848.8685291666666
 20
153.1253816666666
 30
0.0
 10
848.8685291666666
 20
149.5070575925926
 30
0.0
 10
848.8685291666666
 20
145.8887335185185
 30
0.0
 10
848.8685291666666
 20
142.2704094444444
 30
0.0
 10
847.8689921296295
 20
142.2704094444444
 30
0.0
 10
846.8694550925925
 20
142.2704094444444
 30
0.0
 10
845.8699180555556
 20
142.2704094444444
 30
0.0
 10
845.8699180555556
 20
138.651027037037
 30
0.0
 10
845.8699180555556
 20
135.0316446296296
 30
0.0
 10
845.8699180555556
 20
131.4122622222222
 30
0.0
 10
846.8694550925925
 20
131.4122622222222
 30
0.0
 10
847.8689921296295
 20
131.4122622222222
 30
0.0
 10
848.8685291666666
 20
131.4122622222222
 30
0.0
 10
848.8685291666666
 20
127.7926446296296
 30
0.0
 10
848.8685291666666
 20
124.173027037037
 30
0.0
 10
848.8685291666666
 20
120.5534094444444
 30
0.0
 10
847.8689921296295
 20
120.5534094444444
 30
0.0
 10
846.8694550925925
 20
120.5534094444444
 30
0.0
 10
845.8699180555556
 20
120.5534094444444
 30
0.0
 10
845.8699180555556
 20
116.9350853703704
 30
0.0
 10
845.8699180555556
 20
113.3167612962963
 30
0.0
 10
845.8699180555556
 20
109.6984372222222
 30
0.0
 10
846.8694550925925
 20
109.6984372222222
 30
0.0
 10
847.8689921296295
 20
109.6984372222222
 30
0.0
 10
848.8685291666666
 20
109.6984372222222
 30
0.0
 10
848.8685291666666
 20
106.0789372222222
 30
0.0
 10
848.8685291666666
 20
102.4594372222222
 30
0.0
 10
848.8685291666666
 20
98.83993722222222
 30
0.0
 10
847.8689921296295
 20
98.83993722222222
 30
0.0
 10
846.8694550925925
 20
98.83993722222222
 30
0.0
 10
845.8699180555556
 20
98.83993722222222
 30
0.0
 10
845.8699180555556
 20
96.21985666666666
 30
0.0
 10
845.8699180555556
 20
93.5997761111111
 30
0.0
 10
845.8699180555556
 20
90.97969555555555
 30
0.0
 10
847.8021995370369
 20
90.97969555555555
 30
0.0
 10
849.7344810185183
 20
90.97969555555555
 30
0.0
 10
851.6667624999999
 20
90.97969555555555
 30
0.0
 10
851.6667624999999
 20
89.98015851851851
 30
0.0
 10
851.6667624999999
 20
88.98062148148148
 30
0.0
 10
851.6667624999999
 20
87.98108444444443
 30
0.0
 10
853.8003625
 20
87.98108444444443
 30
0.0
 10
855.9339624999999
 20
87.98108444444443
 30
0.0
 10
858.0675625
 20
87.98108444444443
 30
0.0
 10
858.0675625
 20
88.98062148148146
 30
0.0
 10
858.0675625
 20
89.98015851851851
 30
0.0
 10
858.0675625
 20
90.97969555555555
 30
0.0
 10
859.9343449074073
 20
90.97969555555555
 30
0.0
 10
861.8011273148146
 20
90.97969555555555
 30
0.0
 10
863.6679097222221
 20
90.97969555555555
 30
0.0
 10
863.6679097222221
 20
89.98015851851851
 30
0.0
 10
863.6679097222221
 20
88.98062148148148
 30
0.0
 10
863.6679097222221
 20
87.98108444444443
 30
0.0
 10
865.8016273148147
 20
87.98108444444443
 30
0.0
 10
867.9353449074073
 20
87.98108444444443
 30
0.0
 10
870.0690625000001
 20
87.98108444444443
 30
0.0
 10
870.0690625000001
 20
88.98062148148146
 30
0.0
 10
870.0690625000001
 20
89.98015851851851
 30
0.0
 10
870.0690625000001
 20
90.97969555555555
 30
0.0
 10
871.9346689814814
 20
90.97969555555555
 30
0.0
 10
873.8002754629629
 20
90.97969555555555
 30
0.0
 10
875.6658819444443
 20
90.97969555555555
 30
0.0
 10
875.6658819444443
 20
89.98015851851851
 30
0.0
 10
875.6658819444443
 20
88.98062148148148
 30
0.0
 10
875.6658819444443
 20
87.98108444444443
 30
0.0
 10
877.7997171296296
 20
87.98108444444443
 30
0.0
 10
879.9335523148147
 20
87.98108444444443
 30
0.0
 10
882.0673874999999
 20
87.98108444444443
 30
0.0
 10
882.0673874999999
 20
88.98062148148146
 30
0.0
 10
882.0673874999999
 20
89.98015851851851
 30
0.0
 10
882.0673874999999
 20
90.97969555555555
 30
0.0
 10
884.0008449074074
 20
90.97969555555555
 30
0.0
 10
885.9343023148149
 20
90.97969555555555
 30
0.0
 10
887.8677597222222
 20
90.97969555555554
 30
0.0
 10
887.8677597222222
 20
112.05464
 30
0.0
 10
898.8673708333332
 20
123.8377705555556
 30
0.0
 10
898.8673708333332
 20
147.0544288888889
 30
0.0
 10
898.8673708333332
 20
157.6060122222222
 30
0.0
 10
893.6180375
 20
163.9835288888889
 30
0.0
 10
887.8677597222222
 20
163.9835288888889
 30
0.0
  0
SPLINE
  5
EA
330
1F
100
AcDbEntity
  8
DEFAULT
 62
     1
100
AcDbSpline
210
0.0
220
0.0
230
1.0
 70
    11
 71
     3
 72
    17
 73
    13
 74
     0
 42
0.000000001
 43
0.0000000001
 40
0.0
 40
0.0
 40
0.0
 40
0.0
 40
1.0
 40
1.0
 40
1.0
 40
2.0
 40
2.0
 40
2.0
 40
3.0
 40
3.0
 40
3.0
 40
4.0
 40
4.0
 40
4.0
 40
4.0
 10
821.6233955555555
 20
154.2387483333333
 30
0.0
 10
821.6233955555555
 20
151.3385622222222
 30
0.0
 10
819.2738955555556
 20
148.9890622222222
 30
0.0
 10
816.3737094444444
 20
148.9890622222222
 30
0.0
 10
813.4735233333333
 20
148.9890622222222
 30
0.0
 10
811.1247288888887
 20
151.3385622222222
 30
0.0
 10
811.1247288888887
 20
154.2387483333333
 30
0.0
 10
811.1247288888887
 20
157.1378761111111
 30
0.0
 10
813.4735233333333
 20
159.4877288888889
 30
0.0
 10
816.3737094444444
 20
159.4877288888889
 30
0.0
 10
819.2738955555556
 20
159.4877288888889
 30
0.0
 10
821.6233955555555
 20
157.1378761111111
 30
0.0
 10
821.6233955555555
 20
154.2387483333333
 30
0.0
  0
SPLINE
  5
EB
330
1F
100
AcDbEntity
  8
DEFAULT
 62
     1
100
AcDbSpline
210
0.0
220
0.0
230
1.0
 70
    11
 71
     3
 72
    92
 73
    88
 74
     0
 42
0.000000001
 43
0.0000000001
 40
1.0
 40
1.0
 40
1.0
 40
1.0
 40
2.0
 40
2.0
 40
2.0
 40
18.44200000000001
 40
18.44200000000001
 40
18.44200000000001
 40
26.94200000000001
 40
26.94200000000001
 40
26.94200000000001
 40
45.08800000000019
 40
45.08800000000019
 40
45.08800000000019
 40
53.58800000000019
 40
53.58800000000019
 40
53.58800000000019
 40
69.45299999999997
 40
69.45299999999997
 40
69.45299999999997
 40
77.95299999999997
 40
77.95299999999997
 40
77.95299999999997
 40
96.09700000000021
 40
96.09700000000021
 40
96.09700000000021
 40
104.5970000000002
 40
104.5970000000002
 40
104.5970000000002
 40
120.4720000000002
 40
120.4720000000002
 40
120.4720000000002
 40
128.9720000000002
 40
128.9720000000002
 40
128.9720000000002
 40
147.1170000000002
 40
147.1170000000002
 40
147.1170000000002
 40
155.6170000000002
 40
155.6170000000002
 40
155.6170000000002
 40
172.049
 40
172.049
 40
172.049
 40
194.329
 40
194.329
 40
194.329
 40
202.829
 40
202.829
 40
202.829
 40
233.609
 40
233.609
 40
233.609
 40
242.109
 40
242.109
 40
242.109
 40
272.879
 40
272.879
 40
272.879
 40
281.379
 40
281.379
 40
281.379
 40
312.161
 40
312.161
 40
312.161
 40
320.661
 40
320.661
 40
320.661
 40
351.44
 40
351.44
 40
351.44
 40
359.94
 40
359.94
 40
359.94
 40
390.709
 40
390.709
 40
390.709
 40
399.209
 40
399.209
 40
399.209
 40
429.989
 40
429.989
 40
429.989
 40
549.038
 40
549.038
 40
549.038
 40
550.038
 40
550.038
 40
550.038
 40
550.038
 10
789.6970066666665
 20
151.5610591666666
 30
0.0
 10
789.6970066666665
 20
128.3447536111111
 30
0.0
 10
800.6966177777776
 20
116.5616230555555
 30
0.0
 10
800.6966177777776
 20
95.48667861111109
 30
0.0
 10
802.630075185185
 20
95.48667861111109
 30
0.0
 10
804.5635325925924
 20
95.48667861111109
 30
0.0
 10
806.4969899999999
 20
95.48667861111109
 30
0.0
 10
806.49699
 20
94.48714157407404
 30
0.0
 10
806.49699
 20
93.48760453703703
 30
0.0
 10
806.4969899999999
 20
92.48806749999997
 30
0.0
 10
808.6308251851851
 20
92.48806749999999
 30
0.0
 10
810.7646603703703
 20
92.48806749999999
 30
0.0
 10
812.8984955555554
 20
92.48806749999997
 30
0.0
 10
812.8984955555555
 20
93.48760453703703
 30
0.0
 10
812.8984955555555
 20
94.48714157407407
 30
0.0
 10
812.8984955555554
 20
95.48667861111109
 30
0.0
 10
814.7641020370369
 20
95.48667861111109
 30
0.0
 10
816.6297085185183
 20
95.48667861111109
 30
0.0
 10
818.4953149999998
 20
95.48667861111109
 30
0.0
 10
818.4953149999998
 20
94.48714157407404
 30
0.0
 10
818.4953149999998
 20
93.48760453703703
 30
0.0
 10
818.4953149999998
 20
92.48806749999997
 30
0.0
 10
820.6289149999998
 20
92.48806749999999
 30
0.0
 10
822.7625149999999
 20
92.48806749999999
 30
0.0
 10
824.8961149999999
 20
92.48806749999997
 30
0.0
 10
824.8961149999999
 20
93.48760453703703
 30
0.0
 10
824.8961149999999
 20
94.48714157407407
 30
0.0
 10
824.8961149999999
 20
95.48667861111109
 30
0.0
 10
826.7628974074073
 20
95.48667861111109
 30
0.0
 10
828.6296798148147
 20
95.48667861111109
 30
0.0
 10
830.4964622222221
 20
95.48667861111109
 30
0.0
 10
830.496462222222
 20
94.48714157407404
 30
0.0
 10
830.496462222222
 20
93.48760453703703
 30
0.0
 10
830.4964622222221
 20
92.48806749999997
 30
0.0
 10
832.6301798148147
 20
92.48806749999999
 30
0.0
 10
834.7638974074074
 20
92.48806749999999
 30
0.0
 10
836.8976149999999
 20
92.48806749999997
 30
0.0
 10
836.8976149999999
 20
93.48760453703703
 30
0.0
 10
836.8976149999999
 20
94.48714157407407
 30
0.0
 10
836.8976149999999
 20
95.48667861111109
 30
0.0
 10
838.8298964814813
 20
95.48667861111109
 30
0.0
 10
840.7621779629629
 20
95.48667861111109
 30
0.0
 10
842.6944594444443
 20
95.48667861111109
 30
0.0
 10
842.6944594444443
 20
98.10664157407405
 30
0.0
 10
842.6944594444443
 20
100.726604537037
 30
0.0
 10
842.6944594444443
 20
103.3465675
 30
0.0
 10
841.6949224074073
 20
103.3465675
 30
0.0
 10
840.6953853703702
 20
103.3465675
 30
0.0
 10
839.6958483333332
 20
103.3465675
 30
0.0
 10
839.6958483333332
 20
106.9660675
 30
0.0
 10
839.6958483333332
 20
110.5855675
 30
0.0
 10
839.6958483333332
 20
114.2050675
 30
0.0
 10
840.6953853703702
 20
114.2050675
 30
0.0
 10
841.6949224074073
 20
114.2050675
 30
0.0
 10
842.6944594444443
 20
114.2050675
 30
0.0
 10
842.6944594444443
 20
117.8233915740741
 30
0.0
 10
842.6944594444443
 20
121.4417156481481
 30
0.0
 10
842.6944594444443
 20
125.0600397222222
 30
0.0
 10
841.6949224074073
 20
125.0600397222222
 30
0.0
 10
840.6953853703702
 20
125.0600397222222
 30
0.0
 10
839.6958483333332
 20
125.0600397222222
 30
0.0
 10
839.6958483333332
 20
128.6797749074074
 30
0.0
 10
839.6958483333332
 20
132.2995100925926
 30
0.0
 10
839.6958483333332
 20
135.9192452777777
 30
0.0
 10
840.6953853703702
 20
135.9192452777777
 30
0.0
 10
841.6949224074073
 20
135.9192452777777
 30
0.0
 10
842.6944594444443
 20
135.9192452777777
 30
0.0
 10
842.6944594444443
 20
139.5386276851852
 30
0.0
 10
842.6944594444443
 20
143.1580100925925
 30
0.0
 10
842.6944594444443
 20
146.7773925
 30
0.0
 10
841.6949224074073
 20
146.7773925
 30
0.0
 10
840.6953853703702
 20
146.7773925
 30
0.0
 10
839.6958483333332
 20
146.7773925
 30
0.0
 10
839.6958483333332
 20
150.3955989814815
 30
0.0
 10
839.6958483333332
 20
154.0138054629629
 30
0.0
 10
839.6958483333332
 20
157.6320119444444
 30
0.0
 10
840.6953853703702
 20
157.6320119444444
 30
0.0
 10
841.6949224074073
 20
157.6320119444444
 30
0.0
 10
842.6944594444443
 20
157.6320119444444
 30
0.0
 10
842.6944594444443
 20
161.2515119444444
 30
0.0
 10
842.6944594444443
 20
164.8710119444444
 30
0.0
 10
842.6944594444443
 20
168.4905119444444
 30
0.0
 10
828.6951788888888
 20
168.4905119444444
 30
0.0
 10
814.6958983333333
 20
168.4905119444444
 30
0.0
 10
800.6966177777776
 20
168.4905119444444
 30
0.0
 10
794.94634
 20
168.4905119444444
 30
0.0
 10
789.6970066666665
 20
162.1129952777778
 30
0.0
 10
789.6970066666665
 20
151.5610591666666
 30
0.0
  0
SPLINE
  5
EC
330
1F
100
AcDbEntity
  8
DEFAULT
 62
     1
100
AcDbSpline
210
0.0
220
0.0
230
1.0
 70
    11
 71
     3
 72
    17
 73
    13
 74
     0
 42
0.000000001
 43
0.0000000001
 40
0.0
 40
0.0
 40
0.0
 40
0.0
 40
1.0
 40
1.0
 40
1.0
 40
2.0
 40
2.0
 40
2.0
 40
3.0
 40
3.0
 40
3.0
 40
4.0
 40
4.0
 40
4.0
 40
4.0
 10
860.2821955555555
 20
193.2218922222222
 30
0.0
 10
860.2821955555555
 20
196.1217255555555
 30
0.0
 10
862.6316955555556
 20
198.4712255555555
 30
0.0
 10
865.5315288888889
 20
198.4712255555555
 30
0.0
 10
868.431715
 20
198.4712255555555
 30
0.0
 10
870.7808622222223
 20
196.1217255555555
 30
0.0
 10
870.7808622222223
 20
193.2218922222222
 30
0.0
 10
870.7808622222223
 20
190.3220588888888
 30
0.0
 10
868.431715
 20
187.9725588888889
 30
0.0
 10
865.5315288888889
 20
187.9725588888889
 30
0.0
 10
862.6316955555556
 20
187.9725588888889
 30
0.0
 10
860.2821955555555
 20
190.3220588888888
 30
0.0
 10
860.2821955555555
 20
193.2218922222222
 30
0.0
  0
SPLINE
  5
ED
330
1F
100
AcDbEntity
  8
DEFAULT
 62
     1
100
AcDbSpline
210
0.0
220
0.0
230
1.0
 70
    11
 71
     3
 72
   104
 73
   100
 74
     0
 42
0.000000001
 43
0.0000000001
 40
8.5
 40
8.5
 40
8.5
 40
8.5
 40
47.86000000000001
 40
47.86000000000001
 40
47.86000000000001
 40
56.36000000000001
 40
56.36000000000001
 40
56.36000000000001
 40
97.99000000000001
 40
97.99000000000001
 40
97.99000000000001
 40
106.49
 40
106.49
 40
106.49
 40
146.41
 40
146.41
 40
146.41
 40
279.6389999999998
 40
279.6389999999998
 40
279.6389999999998
 40
280.6389999999998
 40
280.6389999999998
 40
280.6389999999998
 40
317.0789999999998
 40
317.0789999999998
 40
317.0789999999998
 40
325.5789999999998
 40
325.5789999999998
 40
325.5789999999998
 40
362.0289999999998
 40
362.0289999999998
 40
362.0289999999998
 40
370.5289999999998
 40
370.5289999999998
 40
370.5289999999998
 40
406.9689999999998
 40
406.9689999999998
 40
406.9689999999998
 40
415.4689999999998
 40
415.4689999999998
 40
415.4689999999998
 40
451.9189999999998
 40
451.9189999999998
 40
451.9189999999998
 40
460.4189999999998
 40
460.4189999999998
 40
460.4189999999998
 40
496.2889999999998
 40
496.2889999999998
 40
496.2889999999998
 40
522.6089999999999
 40
522.6089999999999
 40
522.6089999999999
 40
531.1089999999999
 40
531.1089999999999
 40
531.1089999999999
 40
557.4299999999998
 40
557.4299999999998
 40
557.4299999999998
 40
565.9299999999998
 40
565.9299999999998
 40
565.9299999999998
 40
592.2489999999998
 40
592.2489999999998
 40
592.2489999999998
 40
600.7489999999998
 40
600.7489999999998
 40
600.7489999999998
 40
627.0789999999997
 40
627.0789999999997
 40
627.0789999999997
 40
635.5789999999997
 40
635.5789999999997
 40
635.5789999999997
 40
661.8989999999999
 40
661.8989999999999
 40
661.8989999999999
 40
670.3989999999999
 40
670.3989999999999
 40
670.3989999999999
 40
696.7199999999998
 40
696.7199999999998
 40
696.7199999999998
 40
705.2199999999998
 40
705.2199999999998
 40
705.2199999999998
 40
723.0389999999998
 40
723.0389999999998
 40
723.0389999999998
 40
770.4989999999998
 40
770.4989999999998
 40
770.4989999999998
 40
778.9989999999998
 40
778.9989999999998
 40
778.9989999999998
 40
820.6289999999998
 40
820.6289999999998
 40
820.6289999999998
 40
829.1289999999998
 40
829.1289999999998
 40
829.1289999999998
 40
829.1289999999998
 10
814.7810941666665
 20
212.5540438888889
 30
0.0
 10
814.7810941666665
 20
207.9255994444444
 30
0.0
 10
814.7810941666665
 20
203.297155
 30
0.0
 10
814.7810941666665
 20
198.6687105555555
 30
0.0
 10
813.7815571296295
 20
198.6687105555555
 30
0.0
 10
812.7820200925925
 20
198.6687105555555
 30
0.0
 10
811.7824830555554
 20
198.6687105555555
 30
0.0
 10
811.7824830555554
 20
193.7733309259259
 30
0.0
 10
811.7824830555554
 20
188.8779512962963
 30
0.0
 10
811.7824830555554
 20
183.9825716666666
 30
0.0
 10
812.7820200925925
 20
183.9825716666666
 30
0.0
 10
813.7815571296295
 20
183.9825716666666
 30
0.0
 10
814.7810941666665
 20
183.9825716666666
 30
0.0
 10
814.7810941666665
 20
179.2882753703703
 30
0.0
 10
814.7810941666665
 20
174.593979074074
 30
0.0
 10
814.7810941666665
 20
169.8996827777778
 30
0.0
 10
830.4478376851852
 20
169.8996827777778
 30
0.0
 10
846.1145812037036
 20
169.8996827777778
 30
0.0
 10
861.781324722222
 20
169.8996827777778
 30
0.0
 10
870.0751302777777
 20
169.8996827777778
 30
0.0
 10
876.781788611111
 20
174.372905
 30
0.0
 10
876.781788611111
 20
179.9009327777778
 30
0.0
 10
876.781788611111
 20
184.1860068518518
 30
0.0
 10
876.781788611111
 20
188.4710809259259
 30
0.0
 10
876.781788611111
 20
192.756155
 30
0.0
 10
875.7822515740739
 20
192.7561549999999
 30
0.0
 10
874.7827145370369
 20
192.7561549999999
 30
0.0
 10
873.7831774999999
 20
192.756155
 30
0.0
 10
873.7831774999999
 20
197.042405
 30
0.0
 10
873.7831774999999
 20
201.328655
 30
0.0
 10
873.7831774999999
 20
205.614905
 30
0.0
 10
874.7827145370369
 20
205.614905
 30
0.0
 10
875.7822515740739
 20
205.614905
 30
0.0
 10
876.781788611111
 20
205.614905
 30
0.0
 10
876.781788611111
 20
209.8999790740741
 30
0.0
 10
876.781788611111
 20
214.1850531481481
 30
0.0
 10
876.781788611111
 20
218.4701272222222
 30
0.0
 10
875.7822515740739
 20
218.4701272222222
 30
0.0
 10
874.7827145370369
 20
218.4701272222222
 30
0.0
 10
873.7831774999999
 20
218.4701272222222
 30
0.0
 10
873.7831774999999
 20
222.7563772222222
 30
0.0
 10
873.7831774999999
 20
227.0426272222222
 30
0.0
 10
873.7831774999999
 20
231.3288772222222
 30
0.0
 10
874.7827145370369
 20
231.3288772222222
 30
0.0
 10
875.7822515740739
 20
231.3288772222222
 30
0.0
 10
876.781788611111
 20
231.3288772222222
 30
0.0
 10
876.781788611111
 20
235.5469235185185
 30
0.0
 10
876.781788611111
 20
239.7649698148148
 30
0.0
 10
876.781788611111
 20
243.9830161111111
 30
0.0
 10
873.686751574074
 20
243.9830161111111
 30
0.0
 10
870.5917145370369
 20
243.9830161111111
 30
0.0
 10
867.4966774999998
 20
243.9830161111111
 30
0.0
 10
867.4966774999998
 20
242.9834790740741
 30
0.0
 10
867.4966774999998
 20
241.9839420370371
 30
0.0
 10
867.4966774999998
 20
240.984405
 30
0.0
 10
864.4015228703702
 20
240.984405
 30
0.0
 10
861.3063682407405
 20
240.984405
 30
0.0
 10
858.2112136111109
 20
240.984405
 30
0.0
 10
858.2112136111109
 20
241.9839420370371
 30
0.0
 10
858.2112136111109
 20
242.9834790740741
 30
0.0
 10
858.2112136111109
 20
243.9830161111111
 30
0.0
 10
855.1162941666665
 20
243.9830161111111
 30
0.0
 10
852.021374722222
 20
243.9830161111111
 30
0.0
 10
848.9264552777777
 20
243.9830161111111
 30
0.0
 10
848.9264552777777
 20
242.9834790740741
 30
0.0
 10
848.9264552777777
 20
241.9839420370371
 30
0.0
 10
848.9264552777777
 20
240.984405
 30
0.0
 10
845.8302423148147
 20
240.984405
 30
0.0
 10
842.7340293518517
 20
240.984405
 30
0.0
 10
839.6378163888887
 20
240.984405
 30
0.0
 10
839.6378163888888
 20
241.9839420370371
 30
0.0
 10
839.6378163888888
 20
242.9834790740741
 30
0.0
 10
839.6378163888887
 20
243.9830161111111
 30
0.0
 10
836.5427793518517
 20
243.9830161111111
 30
0.0
 10
833.4477423148146
 20
243.9830161111111
 30
0.0
 10
830.3527052777775
 20
243.9830161111111
 30
0.0
 10
830.3527052777775
 20
242.9834790740741
 30
0.0
 10
830.3527052777775
 20
241.9839420370371
 30
0.0
 10
830.3527052777775
 20
240.984405
 30
0.0
 10
827.257550648148
 20
240.984405
 30
0.0
 10
824.1623960185184
 20
240.984405
 30
0.0
 10
821.0672413888888
 20
240.984405
 30
0.0
 10
821.0672413888888
 20
241.9839420370371
 30
0.0
 10
821.0672413888888
 20
242.9834790740741
 30
0.0
 10
821.0672413888888
 20
243.9830161111111
 30
0.0
 10
818.9718589814814
 20
243.9830161111111
 30
0.0
 10
816.876476574074
 20
243.9830161111111
 30
0.0
 10
814.7810941666665
 20
243.9830161111111
 30
0.0
 10
814.7810941666665
 20
238.4020716666666
 30
0.0
 10
814.7810941666665
 20
232.8211272222222
 30
0.0
 10
814.7810941666665
 20
227.2401827777778
 30
0.0
 10
813.7815571296295
 20
227.2401827777777
 30
0.0
 10
812.7820200925925
 20
227.2401827777777
 30
0.0
 10
811.7824830555554
 20
227.2401827777778
 30
0.0
 10
811.7824830555554
 20
222.3448031481481
 30
0.0
 10
811.7824830555554
 20
217.4494235185185
 30
0.0
 10
811.7824830555554
 20
212.5540438888889
 30
0.0
 10
812.7820200925925
 20
212.5540438888889
 30
0.0
 10
813.7815571296295
 20
212.5540438888889
 30
0.0
 10
814.7810941666665
 20
212.5540438888889
 30
0.0
  0
SPLINE
  5
EE
330
1F
100
AcDbEntity
  8
DEFAULT
 62
     1
100
AcDbSpline
210
0.0
220
0.0
230
1.0
 70
    11
 71
     3
 72
    17
 73
    13
 74
     0
 42
0.000000001
 43
0.0000000001
 40
0.0
 40
0.0
 40
0.0
 40
0.0
 40
1.0
 40
1.0
 40
1.0
 40
2.0
 40
2.0
 40
2.0
 40
3.0
 40
3.0
 40
3.0
 40
4.0
 40
4.0
 40
4.0
 40
4.0
 10
676.0973763888888
 20
187.9726294444444
 30
0.0
 10
673.1975430555555
 20
187.9726294444444
 30
0.0
 10
670.8480430555554
 20
190.3221294444444
 30
0.0
 10
670.8480430555554
 20
193.2219627777777
 30
0.0
 10
670.8480430555554
 20
196.1217961111111
 30
0.0
 10
673.1975430555555
 20
198.4712961111111
 30
0.0
 10
676.0973763888888
 20
198.4712961111111
 30
0.0
 10
678.9972097222221
 20
198.4712961111111
 30
0.0
 10
681.3467097222222
 20
196.1217961111111
 30
0.0
 10
681.3467097222222
 20
193.2219627777777
 30
0.0
 10
681.3467097222222
 20
190.3221294444444
 30
0.0
 10
678.9972097222221
 20
187.9726294444444
 30
0.0
 10
676.0973763888888
 20
187.9726294444444
 30
0.0
  0
SPLINE
  5
EF
330
1F
100
AcDbEntity
  8
DEFAULT
 62
     1
100
AcDbSpline
210
0.0
220
0.0
230
1.0
 70
    11
 71
     3
 72
   104
 73
   100
 74
     0
 42
0.000000001
 43
0.0000000001
 40
8.5
 40
8.5
 40
8.5
 40
8.5
 40
50.13
 40
50.13
 40
50.13
 40
58.63
 40
58.63
 40
58.63
 40
106.09
 40
106.09
 40
106.09
 40
123.91
 40
123.91
 40
123.91
 40
132.41
 40
132.41
 40
132.41
 40
158.7310000000001
 40
158.7310000000001
 40
158.7310000000001
 40
167.2310000000001
 40
167.2310000000001
 40
167.2310000000001
 40
193.5500000000001
 40
193.5500000000001
 40
193.5500000000001
 40
202.0500000000001
 40
202.0500000000001
 40
202.0500000000001
 40
228.38
 40
228.38
 40
228.38
 40
236.88
 40
236.88
 40
236.88
 40
263.2000000000002
 40
263.2000000000002
 40
263.2000000000002
 40
271.7000000000002
 40
271.7000000000002
 40
271.7000000000002
 40
298.0210000000001
 40
298.0210000000001
 40
298.0210000000001
 40
306.5210000000001
 40
306.5210000000001
 40
306.5210000000001
 40
332.84
 40
332.84
 40
332.84
 40
368.71
 40
368.71
 40
368.71
 40
377.21
 40
377.21
 40
377.21
 40
413.6600000000001
 40
413.6600000000001
 40
413.6600000000001
 40
422.1600000000001
 40
422.1600000000001
 40
422.1600000000001
 40
458.6
 40
458.6
 40
458.6
 40
467.1
 40
467.1
 40
467.1
 40
503.5500000000001
 40
503.5500000000001
 40
503.5500000000001
 40
512.0500000000001
 40
512.0500000000001
 40
512.0500000000001
 40
548.49
 40
548.49
 40
548.49
 40
549.49
 40
549.49
 40
549.49
 40
682.721
 40
682.721
 40
682.721
 40
722.641
 40
722.641
 40
722.641
 40
731.141
 40
731.141
 40
731.141
 40
772.771
 40
772.771
 40
772.771
 40
781.271
 40
781.271
 40
781.271
 40
820.631
 40
820.631
 40
820.631
 40
829.131
 40
829.131
 40
829.131
 40
829.131
 10
729.8467397222222
 20
212.5540438888889
 30
0.0
 10
729.8467397222222
 20
217.4494235185185
 30
0.0
 10
729.8467397222222
 20
222.3448031481481
 30
0.0
 10
729.8467397222222
 20
227.2401827777777
 30
0.0
 10
728.8472026851852
 20
227.2401827777777
 30
0.0
 10
727.8476656481483
 20
227.2401827777777
 30
0.0
 10
726.8481286111113
 20
227.2401827777777
 30
0.0
 10
726.8481286111113
 20
232.8211272222222
 30
0.0
 10
726.8481286111113
 20
238.4020716666666
 30
0.0
 10
726.8481286111113
 20
243.9830161111111
 30
0.0
 10
724.7526286111112
 20
243.9830161111111
 30
0.0
 10
722.6571286111111
 20
243.9830161111111
 30
0.0
 10
720.5616286111111
 20
243.9830161111111
 30
0.0
 10
720.5616286111111
 20
242.9834790740741
 30
0.0
 10
720.5616286111111
 20
241.9839420370371
 30
0.0
 10
720.5616286111111
 20
240.984405
 30
0.0
 10
717.4664739814815
 20
240.984405
 30
0.0
 10
714.3713193518519
 20
240.984405
 30
0.0
 10
711.2761647222222
 20
240.984405
 30
0.0
 10
711.2761647222222
 20
241.9839420370371
 30
0.0
 10
711.2761647222222
 20
242.9834790740741
 30
0.0
 10
711.2761647222222
 20
243.9830161111111
 30
0.0
 10
708.1812452777777
 20
243.9830161111111
 30
0.0
 10
705.0863258333333
 20
243.9830161111111
 30
0.0
 10
701.9914063888888
 20
243.9830161111111
 30
0.0
 10
701.9914063888888
 20
242.9834790740741
 30
0.0
 10
701.9914063888888
 20
241.9839420370371
 30
0.0
 10
701.9914063888888
 20
240.984405
 30
0.0
 10
698.8951934259261
 20
240.984405
 30
0.0
 10
695.798980462963
 20
240.984405
 30
0.0
 10
692.7027675
 20
240.984405
 30
0.0
 10
692.7027675
 20
241.9839420370371
 30
0.0
 10
692.7027675
 20
242.9834790740741
 30
0.0
 10
692.7027675
 20
243.9830161111111
 30
0.0
 10
689.607730462963
 20
243.9830161111111
 30
0.0
 10
686.512693425926
 20
243.9830161111111
 30
0.0
 10
683.417656388889
 20
243.9830161111111
 30
0.0
 10
683.417656388889
 20
242.9834790740741
 30
0.0
 10
683.417656388889
 20
241.9839420370371
 30
0.0
 10
683.417656388889
 20
240.984405
 30
0.0
 10
680.3225017592592
 20
240.984405
 30
0.0
 10
677.2273471296296
 20
240.984405
 30
0.0
 10
674.1321925
 20
240.984405
 30
0.0
 10
674.1321925
 20
241.9839420370371
 30
0.0
 10
674.1321925
 20
242.9834790740741
 30
0.0
 10
674.1321925
 20
243.9830161111111
 30
0.0
 10
671.0372730555556
 20
243.9830161111111
 30
0.0
 10
667.9423536111111
 20
243.9830161111111
 30
0.0
 10
664.8474341666666
 20
243.9830161111111
 30
0.0
 10
664.8474341666666
 20
239.7649698148148
 30
0.0
 10
664.8474341666666
 20
235.5469235185185
 30
0.0
 10
664.8474341666666
 20
231.3288772222222
 30
0.0
 10
665.8469712037037
 20
231.3288772222222
 30
0.0
 10
666.8465082407407
 20
231.3288772222222
 30
0.0
 10
667.8460452777778
 20
231.3288772222222
 30
0.0
 10
667.8460452777778
 20
227.0426272222222
 30
0.0
 10
667.8460452777778
 20
222.7563772222222
 30
0.0
 10
667.8460452777778
 20
218.4701272222222
 30
0.0
 10
666.8465082407407
 20
218.4701272222222
 30
0.0
 10
665.8469712037037
 20
218.4701272222222
 30
0.0
 10
664.8474341666666
 20
218.4701272222222
 30
0.0
 10
664.8474341666666
 20
214.1850531481481
 30
0.0
 10
664.8474341666666
 20
209.8999790740741
 30
0.0
 10
664.8474341666666
 20
205.614905
 30
0.0
 10
665.8469712037037
 20
205.614905
 30
0.0
 10
666.8465082407407
 20
205.614905
 30
0.0
 10
667.8460452777778
 20
205.614905
 30
0.0
 10
667.8460452777778
 20
201.328655
 30
0.0
 10
667.8460452777778
 20
197.042405
 30
0.0
 10
667.8460452777778
 20
192.7561549999999
 30
0.0
 10
666.8465082407407
 20
192.7561549999999
 30
0.0
 10
665.8469712037037
 20
192.7561549999999
 30
0.0
 10
664.8474341666666
 20
192.7561549999999
 30
0.0
 10
664.8474341666666
 20
188.4710809259259
 30
0.0
 10
664.8474341666666
 20
184.1860068518518
 30
0.0
 10
664.8474341666666
 20
179.9009327777778
 30
0.0
 10
664.8474341666666
 20
174.372905
 30
0.0
 10
671.5537397222222
 20
169.8996827777778
 30
0.0
 10
679.8471925
 20
169.8996827777778
 30
0.0
 10
695.5141712037038
 20
169.8996827777778
 30
0.0
 10
711.1811499074074
 20
169.8996827777778
 30
0.0
 10
726.8481286111112
 20
169.8996827777778
 30
0.0
 10
726.8481286111113
 20
174.593979074074
 30
0.0
 10
726.8481286111113
 20
179.2882753703703
 30
0.0
 10
726.8481286111112
 20
183.9825716666666
 30
0.0
 10
727.8476656481483
 20
183.9825716666666
 30
0.0
 10
728.8472026851854
 20
183.9825716666666
 30
0.0
 10
729.8467397222222
 20
183.9825716666666
 30
0.0
 10
729.8467397222222
 20
188.8779512962963
 30
0.0
 10
729.8467397222222
 20
193.7733309259259
 30
0.0
 10
729.8467397222222
 20
198.6687105555555
 30
0.0
 10
728.8472026851852
 20
198.6687105555555
 30
0.0
 10
727.8476656481483
 20
198.6687105555555
 30
0.0
 10
726.8481286111112
 20
198.6687105555555
 30
0.0
 10
726.8481286111113
 20
203.297155
 30
0.0
 10
726.8481286111113
 20
207.9255994444444
 30
0.0
 10
726.8481286111112
 20
212.5540438888889
 30
0.0
 10
727.8476656481483
 20
212.5540438888889
 30
0.0
 10
728.8472026851854
 20
212.5540438888889
 30
0.0
 10
729.8467397222222
 20
212.5540438888889
 30
0.0
  0
POLYLINE
  5
F0
330
1F
100
AcDbEntity
  8
DEFAULT
 62
     1
100
AcDb2dPolyline
 66
     1
 10
0.0
 20
0.0
 30
0.0
 70
     1
  0
VERTEX
  5
F1
330
F0
100
AcDbEntity
  8
DEFAULT
 62
     1
100
AcDbVertex
100
AcDb2dVertex
 10
673.8468305555555
 20
82.77083888888889
 30
0.0
  0
VERTEX
  5
F2
330
F0
100
AcDbEntity
  8
DEFAULT
 62
     1
100
AcDbVertex
100
AcDb2dVertex
 10
735.847525
 20
82.77083888888889
 30
0.0
  0
VERTEX
  5
F3
330
F0
100
AcDbEntity
  8
DEFAULT
 62
     1
100
AcDbVertex
100
AcDb2dVertex
 10
735.847525
 20
35.77343055555555
 30
0.0
  0
VERTEX
  5
F4
330
F0
100
AcDbEntity
  8
DEFAULT
 62
     1
100
AcDbVertex
100
AcDb2dVertex
 10
673.8468305555555
 20
35.77343055555555
 30
0.0
  0
SEQEND
  5
F5
330
F0
100
AcDbEntity
  8
DEFAULT
 62
     1
  0
POLYLINE
  5
F6
330
1F
100
AcDbEntity
  8
DEFAULT
 62
     1
100
AcDb2dPolyline
 66
     1
 10
0.0
 20
0.0
 30
0.0
 70
     1
  0
VERTEX
  5
F7
330
F6
100
AcDbEntity
  8
DEFAULT
 62
     1
100
AcDbVertex
100
AcDb2dVertex
 10
664.8473988888888
 20
45.5444225
 30
0.0
  0
VERTEX
  5
F8
330
F6
100
AcDbEntity
  8
DEFAULT
 62
     1
100
AcDbVertex
100
AcDb2dVertex
 10
664.8473988888888
 20
35.85961416666667
 30
0.0
  0
VERTEX
  5
F9
330
F6
100
AcDbEntity
  8
DEFAULT
 62
     1
100
AcDbVertex
100
AcDb2dVertex
 10
667.84601
 20
35.85961416666667
 30
0.0
  0
VERTEX
  5
FA
330
F6
100
AcDbEntity
  8
DEFAULT
 62
     1
100
AcDbVertex
100
AcDb2dVertex
 10
667.84601
 20
29.76925861111111
 30
0.0
  0
VERTEX
  5
FB
330
F6
100
AcDbEntity
  8
DEFAULT
 62
     1
100
AcDbVertex
100
AcDb2dVertex
 10
676.0770211111111
 20
29.76925861111111
 30
0.0
  0
VERTEX
  5
FC
330
F6
100
AcDbEntity
  8
DEFAULT
 62
     1
100
AcDbVertex
100
AcDb2dVertex
 10
676.0770211111111
 20
26.7706475
 30
0.0
  0
VERTEX
  5
FD
330
F6
100
AcDbEntity
  8
DEFAULT
 62
     1
100
AcDbVertex
100
AcDb2dVertex
 10
687.9038961111111
 20
26.7706475
 30
0.0
  0
VERTEX
  5
FE
330
F6
100
AcDbEntity
  8
DEFAULT
 62
     1
100
AcDbVertex
100
AcDb2dVertex
 10
687.9038961111111
 20
29.76925861111111
 30
0.0
  0
VERTEX
  5
FF
330
F6
100
AcDbEntity
  8
DEFAULT
 62
     1
100
AcDbVertex
100
AcDb2dVertex
 10
698.9334933333333
 20
29.76925861111111
 30
0.0
  0
VERTEX
  5
100
330
F6
100
AcDbEntity
  8
DEFAULT
 62
     1
100
AcDbVertex
100
AcDb2dVertex
 10
698.9334933333333
 20
26.7706475
 30
0.0
  0
VERTEX
  5
101
330
F6
100
AcDbEntity
  8
DEFAULT
 62
     1
100
AcDbVertex
100
AcDb2dVertex
 10
710.7600155555555
 20
26.7706475
 30
0.0
  0
VERTEX
  5
102
330
F6
100
AcDbEntity
  8
DEFAULT
 62
     1
100
AcDbVertex
100
AcDb2dVertex
 10
710.7600155555555
 20
29.76925861111111
 30
0.0
  0
VERTEX
  5
103
330
F6
100
AcDbEntity
  8
DEFAULT
 62
     1
100
AcDbVertex
100
AcDb2dVertex
 10
721.7899655555555
 20
29.76925861111111
 30
0.0
  0
VERTEX
  5
104
330
F6
100
AcDbEntity
  8
DEFAULT
 62
     1
100
AcDbVertex
100
AcDb2dVertex
 10
721.7899655555555
 20
26.7706475
 30
0.0
  0
VERTEX
  5
105
330
F6
100
AcDbEntity
  8
DEFAULT
 62
     1
100
AcDbVertex
100
AcDb2dVertex
 10
733.6203683333333
 20
26.7706475
 30
0.0
  0
VERTEX
  5
106
330
F6
100
AcDbEntity
  8
DEFAULT
 62
     1
100
AcDbVertex
100
AcDb2dVertex
 10
733.6203683333333
 20
29.76925861111111
 30
0.0
  0
VERTEX
  5
107
330
F6
100
AcDbEntity
  8
DEFAULT
 62
     1
100
AcDbVertex
100
AcDb2dVertex
 10
741.8482044444444
 20
29.76925861111111
 30
0.0
  0
VERTEX
  5
108
330
F6
100
AcDbEntity
  8
DEFAULT
 62
     1
100
AcDbVertex
100
AcDb2dVertex
 10
741.8482044444444
 20
35.85961416666667
 30
0.0
  0
VERTEX
  5
109
330
F6
100
AcDbEntity
  8
DEFAULT
 62
     1
100
AcDbVertex
100
AcDb2dVertex
 10
744.8468155555555
 20
35.85961416666667
 30
0.0
  0
VERTEX
  5
10A
330
F6
100
AcDbEntity
  8
DEFAULT
 62
     1
100
AcDbVertex
100
AcDb2dVertex
 10
744.8468155555555
 20
45.5444225
 30
0.0
  0
VERTEX
  5
10B
330
F6
100
AcDbEntity
  8
DEFAULT
 62
     1
100
AcDbVertex
100
AcDb2dVertex
 10
741.8482044444444
 20
45.5444225
 30
0.0
  0
VERTEX
  5
10C
330
F6
100
AcDbEntity
  8
DEFAULT
 62
     1
100
AcDbVertex
100
AcDb2dVertex
 10
741.8482044444444
 20
54.42983638888889
 30
0.0
  0
VERTEX
  5
10D
330
F6
100
AcDbEntity
  8
DEFAULT
 62
     1
100
AcDbVertex
100
AcDb2dVertex
 10
744.8468155555555
 20
54.42983638888889
 30
0.0
  0
VERTEX
  5
10E
330
F6
100
AcDbEntity
  8
DEFAULT
 62
     1
100
AcDbVertex
100
AcDb2dVertex
 10
744.8468155555555
 20
64.1149975
 30
0.0
  0
VERTEX
  5
10F
330
F6
100
AcDbEntity
  8
DEFAULT
 62
     1
100
AcDbVertex
100
AcDb2dVertex
 10
741.8482044444444
 20
64.1149975
 30
0.0
  0
VERTEX
  5
110
330
F6
100
AcDbEntity
  8
DEFAULT
 62
     1
100
AcDbVertex
100
AcDb2dVertex
 10
741.8482044444444
 20
72.99970583333332
 30
0.0
  0
VERTEX
  5
111
330
F6
100
AcDbEntity
  8
DEFAULT
 62
     1
100
AcDbVertex
100
AcDb2dVertex
 10
744.8468155555555
 20
72.99970583333332
 30
0.0
  0
VERTEX
  5
112
330
F6
100
AcDbEntity
  8
DEFAULT
 62
     1
100
AcDbVertex
100
AcDb2dVertex
 10
744.8468155555555
 20
82.68486694444444
 30
0.0
  0
VERTEX
  5
113
330
F6
100
AcDbEntity
  8
DEFAULT
 62
     1
100
AcDbVertex
100
AcDb2dVertex
 10
741.8482044444444
 20
82.68486694444444
 30
0.0
  0
VERTEX
  5
114
330
F6
100
AcDbEntity
  8
DEFAULT
 62
     1
100
AcDbVertex
100
AcDb2dVertex
 10
741.8482044444444
 20
88.77134194444444
 30
0.0
  0
VERTEX
  5
115
330
F6
100
AcDbEntity
  8
DEFAULT
 62
     1
100
AcDbVertex
100
AcDb2dVertex
 10
733.6171933333333
 20
88.77134194444444
 30
0.0
  0
VERTEX
  5
116
330
F6
100
AcDbEntity
  8
DEFAULT
 62
     1
100
AcDbVertex
100
AcDb2dVertex
 10
733.6171933333333
 20
91.76995305555556
 30
0.0
  0
VERTEX
  5
117
330
F6
100
AcDbEntity
  8
DEFAULT
 62
     1
100
AcDbVertex
100
AcDb2dVertex
 10
721.7899655555555
 20
91.76995305555556
 30
0.0
  0
VERTEX
  5
118
330
F6
100
AcDbEntity
  8
DEFAULT
 62
     1
100
AcDbVertex
100
AcDb2dVertex
 10
721.7899655555555
 20
88.77134194444444
 30
0.0
  0
VERTEX
  5
119
330
F6
100
AcDbEntity
  8
DEFAULT
 62
     1
100
AcDbVertex
100
AcDb2dVertex
 10
710.7600155555555
 20
88.77134194444444
 30
0.0
  0
VERTEX
  5
11A
330
F6
100
AcDbEntity
  8
DEFAULT
 62
     1
100
AcDbVertex
100
AcDb2dVertex
 10
710.7600155555555
 20
91.76995305555556
 30
0.0
  0
VERTEX
  5
11B
330
F6
100
AcDbEntity
  8
DEFAULT
 62
     1
100
AcDbVertex
100
AcDb2dVertex
 10
698.9334933333333
 20
91.76995305555556
 30
0.0
  0
VERTEX
  5
11C
330
F6
100
AcDbEntity
  8
DEFAULT
 62
     1
100
AcDbVertex
100
AcDb2dVertex
 10
698.9334933333333
 20
88.77134194444444
 30
0.0
  0
VERTEX
  5
11D
330
F6
100
AcDbEntity
  8
DEFAULT
 62
     1
100
AcDbVertex
100
AcDb2dVertex
 10
687.9038961111111
 20
88.77134194444444
 30
0.0
  0
VERTEX
  5
11E
330
F6
100
AcDbEntity
  8
DEFAULT
 62
     1
100
AcDbVertex
100
AcDb2dVertex
 10
687.9038961111111
 20
91.76995305555556
 30
0.0
  0
VERTEX
  5
11F
330
F6
100
AcDbEntity
  8
DEFAULT
 62
     1
100
AcDbVertex
100
AcDb2dVertex
 10
676.0734933333332
 20
91.76995305555556
 30
0.0
  0
VERTEX
  5
120
330
F6
100
AcDbEntity
  8
DEFAULT
 62
     1
100
AcDbVertex
100
AcDb2dVertex
 10
676.0734933333332
 20
88.77134194444444
 30
0.0
  0
VERTEX
  5
121
330
F6
100
AcDbEntity
  8
DEFAULT
 62
     1
100
AcDbVertex
100
AcDb2dVertex
 10
667.84601
 20
88.77134194444444
 30
0.0
  0
VERTEX
  5
122
330
F6
100
AcDbEntity
  8
DEFAULT
 62
     1
100
AcDbVertex
100
AcDb2dVertex
 10
667.84601
 20
82.68486694444444
 30
0.0
  0
VERTEX
  5
123
330
F6
100
AcDbEntity
  8
DEFAULT
 62
     1
100
AcDbVertex
100
AcDb2dVertex
 10
664.8473988888888
 20
82.68486694444444
 30
0.0
  0
VERTEX
  5
124
330
F6
100
AcDbEntity
  8
DEFAULT
 62
     1
100
AcDbVertex
100
AcDb2dVertex
 10
664.8473988888888
 20
72.99970583333332
 30
0.0
  0
VERTEX
  5
125
330
F6
100
AcDbEntity
  8
DEFAULT
 62
     1
100
AcDbVertex
100
AcDb2dVertex
 10
667.84601
 20
72.99970583333332
 30
0.0
  0
VERTEX
  5
126
330
F6
100
AcDbEntity
  8
DEFAULT
 62
     1
100
AcDbVertex
100
AcDb2dVertex
 10
667.84601
 20
64.1149975
 30
0.0
  0
VERTEX
  5
127
330
F6
100
AcDbEntity
  8
DEFAULT
 62
     1
100
AcDbVertex
100
AcDb2dVertex
 10
664.8473988888888
 20
64.1149975
 30
0.0
  0
VERTEX
  5
128
330
F6
100
AcDbEntity
  8
DEFAULT
 62
     1
100
AcDbVertex
100
AcDb2dVertex
 10
664.8473988888888
 20
54.42983638888889
 30
0.0
  0
VERTEX
  5
129
330
F6
100
AcDbEntity
  8
DEFAULT
 62
     1
100
AcDbVertex
100
AcDb2dVertex
 10
667.84601
 20
54.42983638888889
 30
0.0
  0
VERTEX
  5
12A
330
F6
100
AcDbEntity
  8
DEFAULT
 62
     1
100
AcDbVertex
100
AcDb2dVertex
 10
667.84601
 20
45.5444225
 30
0.0
  0
SEQEND
  5
12B
330
F6
100
AcDbEntity
  8
DEFAULT
 62
     1
  0
SPLINE
  5
12C
330
1F
100
AcDbEntity
  8
DEFAULT
 62
     1
100
AcDbSpline
210
0.0
220
0.0
230
1.0
 70
     8
 71
     3
 72
    77
 73
    73
 74
     0
 42
0.000000001
 43
0.0000000001
 40
0.0
 40
0.0
 40
0.0
 40
0.0
 40
8.500000529411293
 40
8.500000529411293
 40
8.500000529411293
 40
28.3400005294113
 40
28.3400005294113
 40
28.3400005294113
 40
30.61100052941148
 40
30.61100052941148
 40
30.61100052941148
 40
31.61100052941148
 40
31.61100052941148
 40
31.61100052941148
 40
166.4198038769674
 40
166.4198038769674
 40
166.4198038769674
 40
175.4908038769673
 40
175.4908038769673
 40
175.4908038769673
 40
310.2995483151527
 40
310.2995483151527
 40
310.2995483151527
 40
311.2995483151527
 40
311.2995483151527
 40
311.2995483151527
 40
313.5785483151527
 40
313.5785483151527
 40
313.5785483151527
 40
333.4185503564833
 40
333.4185503564833
 40
333.4185503564833
 40
341.9265508853975
 40
341.9265508853975
 40
341.9265508853975
 40
548.8625508853975
 40
548.8625508853975
 40
548.8625508853975
 40
557.3605518267955
 40
557.3605518267955
 40
557.3605518267955
 40
577.1995518267955
 40
577.1995518267955
 40
577.1995518267955
 40
579.4595518267953
 40
579.4595518267953
 40
579.4595518267953
 40
580.4595518267953
 40
580.4595518267953
 40
580.4595518267953
 40
682.3929267782802
 40
682.3929267782802
 40
682.3929267782802
 40
683.3929267782802
 40
683.3929267782802
 40
683.3929267782802
 40
684.3929267782802
 40
684.3929267782802
 40
684.3929267782802
 40
786.3260690333877
 40
786.3260690333877
 40
786.3260690333877
 40
787.3260690333877
 40
787.3260690333877
 40
787.3260690333877
 40
789.6170690333879
 40
789.6170690333879
 40
789.6170690333879
 40
809.4560715536761
 40
809.4560715536761
 40
809.4560715536761
 40
817.9660724937468
 40
817.9660724937468
 40
817.9660724937468
 40
817.9660724937468
 10
918.2455952777775
 20
77.1280525
 30
0.0
 10
917.2460582407406
 20
77.12840527777777
 30
0.0
 10
916.2465212037037
 20
77.12875805555555
 30
0.0
 10
915.2469841666666
 20
77.12911083333333
 30
0.0
 10
915.2469841666666
 20
74.79607379629628
 30
0.0
 10
915.2469841666666
 20
72.46303675925925
 30
0.0
 10
915.2469841666666
 20
70.12999972222222
 30
0.0
 10
915.5140369444443
 20
70.12999972222222
 30
0.0
 10
915.7810897222222
 20
70.12999972222222
 30
0.0
 10
916.0481425
 20
70.12999972222222
 30
0.0
 10
916.0481425
 20
68.47194416666666
 30
0.0
 10
914.8486980555556
 20
64.61573027777776
 30
0.0
 10
912.2448452777777
 20
66.07305527777777
 30
0.0
 10
912.1110249074073
 20
81.9250071296296
 30
0.0
 10
911.977204537037
 20
97.77695898148147
 30
0.0
 10
911.8433841666666
 20
113.6289108333333
 30
0.0
 10
910.7767017592591
 20
113.6289108333333
 30
0.0
 10
909.7100193518518
 20
113.6289108333333
 30
0.0
 10
908.6433369444444
 20
113.6289108333333
 30
0.0
 10
908.5103397222223
 20
97.77695898148146
 30
0.0
 10
908.3773424999999
 20
81.9250071296296
 30
0.0
 10
908.2443452777777
 20
66.07305527777777
 30
0.0
 10
905.6408452777778
 20
64.61573027777776
 30
0.0
 10
904.441753611111
 20
68.47194416666666
 30
0.0
 10
904.441753611111
 20
70.12999972222222
 30
0.0
 10
904.7097471296296
 20
70.12999972222222
 30
0.0
 10
904.977740648148
 20
70.12999972222222
 30
0.0
 10
905.2457341666667
 20
70.12999972222222
 30
0.0
 10
905.2446758333334
 20
72.46303675925925
 30
0.0
 10
905.2436174999999
 20
74.79607379629628
 30
0.0
 10
905.2425591666666
 20
77.12911083333331
 30
0.0
 10
904.2420813888888
 20
77.12875805555554
 30
0.0
 10
903.2416036111109
 20
77.12840527777777
 30
0.0
 10
902.2411258333332
 20
77.1280525
 30
0.0
 10
902.2411258333332
 20
101.4621932407407
 30
0.0
 10
902.2411258333332
 20
125.7963339814815
 30
0.0
 10
902.2411258333332
 20
150.1304747222222
 30
0.0
 10
903.240427685185
 20
150.1300043518519
 30
0.0
 10
904.2397295370369
 20
150.1295339814815
 30
0.0
 10
905.2390313888887
 20
150.1290636111111
 30
0.0
 10
905.2390313888887
 20
152.4619830555555
 30
0.0
 10
905.2390313888887
 20
154.7949025
 30
0.0
 10
905.2390313888887
 20
157.1278219444444
 30
0.0
 10
904.9732721296295
 20
157.1278219444444
 30
0.0
 10
904.7075128703704
 20
157.1278219444444
 30
0.0
 10
904.441753611111
 20
157.1278219444444
 30
0.0
 10
904.441753611111
 20
158.7865830555556
 30
0.0
 10
905.6408452777778
 20
162.6424441666666
 30
0.0
 10
908.2411702777778
 20
161.1847663888889
 30
0.0
 10
908.3752258333333
 20
149.1989062037037
 30
0.0
 10
908.5092813888888
 20
137.2130460185185
 30
0.0
 10
908.6433369444444
 20
125.2271858333333
 30
0.0
 10
908.6433369444444
 20
124.3452413888889
 30
0.0
 10
909.3626508333333
 20
123.6329830555555
 30
0.0
 10
910.2481230555554
 20
123.6294552777778
 30
0.0
 10
911.1300674999999
 20
123.6294552777778
 30
0.0
 10
911.8465591666666
 20
124.3452413888889
 30
0.0
 10
911.8465591666666
 20
125.2271858333333
 30
0.0
 10
911.9781452777776
 20
137.2130460185185
 30
0.0
 10
912.1097313888889
 20
149.1989062037037
 30
0.0
 10
912.2413174999999
 20
161.1847663888889
 30
0.0
 10
914.8486980555556
 20
162.6424441666666
 30
0.0
 10
916.0481425
 20
158.7865830555556
 30
0.0
 10
916.0481425
 20
157.1278219444444
 30
0.0
 10
915.7787378703703
 20
157.1278219444444
 30
0.0
 10
915.5093332407408
 20
157.1278219444444
 30
0.0
 10
915.239928611111
 20
157.1278219444444
 30
0.0
 10
915.2411045370369
 20
154.7949025
 30
0.0
 10
915.2422804629628
 20
152.4619830555555
 30
0.0
 10
915.2434563888887
 20
150.1290636111111
 30
0.0
 10
916.2441693518517
 20
150.1295339814815
 30
0.0
 10
917.2448823148147
 20
150.1300043518519
 30
0.0
 10
918.2455952777777
 20
150.1304747222222
 30
0.0
  0
SPLINE
  5
12D
330
1F
100
AcDbEntity
  8
DEFAULT
 62
     1
100
AcDbSpline
210
0.0
220
0.0
230
1.0
 70
    11
 71
     3
 72
    80
 73
    76
 74
     0
 42
0.000000001
 43
0.0000000001
 40
8.49800094139797
 40
8.49800094139797
 40
8.49800094139797
 40
8.49800094139797
 40
28.33800094139794
 40
28.33800094139794
 40
28.33800094139794
 40
30.59900094139791
 40
30.59900094139791
 40
30.59900094139791
 40
31.59900094139791
 40
31.59900094139791
 40
31.59900094139791
 40
133.5333646515815
 40
133.5333646515815
 40
133.5333646515815
 40
134.5333646515815
 40
134.5333646515815
 40
134.5333646515815
 40
135.5333646515815
 40
135.5333646515815
 40
135.5333646515815
 40
237.4675288214024
 40
237.4675288214024
 40
237.4675288214024
 40
238.4675288214024
 40
238.4675288214024
 40
238.4675288214024
 40
240.7575288214024
 40
240.7575288214024
 40
240.7575288214024
 40
260.5975308627329
 40
260.5975308627329
 40
260.5975308627329
 40
269.1075318028036
 40
269.1075318028036
 40
269.1075318028036
 40
476.0435318028036
 40
476.0435318028036
 40
476.0435318028036
 40
484.5435320380977
 40
484.5435320380977
 40
484.5435320380977
 40
504.3835320380978
 40
504.3835320380978
 40
504.3835320380978
 40
506.6545320380975
 40
506.6545320380975
 40
506.6545320380975
 40
507.6545320380975
 40
507.6545320380975
 40
507.6545320380975
 40
642.4643437952541
 40
642.4643437952541
 40
642.4643437952541
 40
651.535343795254
 40
651.535343795254
 40
651.535343795254
 40
786.345071433878
 40
786.345071433878
 40
786.345071433878
 40
787.345071433878
 40
787.345071433878
 40
787.345071433878
 40
789.626071433878
 40
789.626071433878
 40
789.626071433878
 40
809.4660739540391
 40
809.4660739540391
 40
809.4660739540391
 40
817.9740741891122
 40
817.9740741891122
 40
817.9740741891122
 40
1024.910074189112
 40
1024.910074189112
 40
1024.910074189112
 40
1033.40807513051
 40
1033.40807513051
 40
1033.40807513051
 40
1033.40807513051
 10
921.2435008333333
 20
150.1290988888889
 30
0.0
 10
921.2435008333333
 20
152.4621359259259
 30
0.0
 10
921.2435008333333
 20
154.7951729629629
 30
0.0
 10
921.2435008333333
 20
157.12821
 30
0.0
 10
920.9776239814814
 20
157.12821
 30
0.0
 10
920.7117471296297
 20
157.12821
 30
0.0
 10
920.4458702777778
 20
157.12821
 30
0.0
 10
920.4458702777778
 20
158.7866183333333
 30
0.0
 10
921.6453147222222
 20
162.6424794444444
 30
0.0
 10
924.2456397222222
 20
161.1851544444444
 30
0.0
 10
924.3795776851852
 20
149.1991766666666
 30
0.0
 10
924.513515648148
 20
137.2131988888889
 30
0.0
 10
924.647453611111
 20
125.2272211111111
 30
0.0
 10
924.647453611111
 20
124.3452766666666
 30
0.0
 10
925.3671202777776
 20
123.6330183333333
 30
0.0
 10
926.2525925
 20
123.6294905555555
 30
0.0
 10
927.1345369444444
 20
123.6294905555555
 30
0.0
 10
927.8506758333332
 20
124.3452766666666
 30
0.0
 10
927.8506758333332
 20
125.2272211111111
 30
0.0
 10
927.9824971296295
 20
137.2131988888889
 30
0.0
 10
928.1143184259258
 20
149.1991766666667
 30
0.0
 10
928.2461397222222
 20
161.1851544444444
 30
0.0
 10
930.8528147222222
 20
162.6424794444444
 30
0.0
 10
932.0526119444444
 20
158.7866183333333
 30
0.0
 10
932.0526119444444
 20
157.12821
 30
0.0
 10
931.7833249074074
 20
157.12821
 30
0.0
 10
931.5140378703703
 20
157.12821
 30
0.0
 10
931.2447508333332
 20
157.12821
 30
0.0
 10
931.2458091666666
 20
154.7951729629629
 30
0.0
 10
931.2468675
 20
152.4621359259259
 30
0.0
 10
931.2479258333333
 20
150.1290988888889
 30
0.0
 10
932.2486387962963
 20
150.1295692592593
 30
0.0
 10
933.2493517592593
 20
150.1300396296296
 30
0.0
 10
934.2500647222222
 20
150.13051
 30
0.0
 10
934.2500647222222
 20
125.7963692592593
 30
0.0
 10
934.2500647222222
 20
101.4622285185185
 30
0.0
 10
934.2500647222222
 20
77.12808777777776
 30
0.0
 10
933.2505276851853
 20
77.12832296296295
 30
0.0
 10
932.2509906481482
 20
77.12855814814814
 30
0.0
 10
931.2514536111112
 20
77.12879333333332
 30
0.0
 10
931.2514536111112
 20
74.79575629629629
 30
0.0
 10
931.2514536111112
 20
72.46271925925925
 30
0.0
 10
931.2514536111112
 20
70.1296822222222
 30
0.0
 10
931.5185063888889
 20
70.1296822222222
 30
0.0
 10
931.7855591666666
 20
70.1296822222222
 30
0.0
 10
932.0526119444444
 20
70.1296822222222
 30
0.0
 10
932.0526119444444
 20
68.47197944444443
 30
0.0
 10
930.8528147222222
 20
64.61611833333332
 30
0.0
 10
928.2493147222222
 20
66.07273777777776
 30
0.0
 10
928.1153767592592
 20
81.92480722222221
 30
0.0
 10
927.9814387962962
 20
97.77687666666664
 30
0.0
 10
927.8475008333332
 20
113.6289461111111
 30
0.0
 10
926.780818425926
 20
113.6289461111111
 30
0.0
 10
925.7141360185184
 20
113.6289461111111
 30
0.0
 10
924.647453611111
 20
113.6289461111111
 30
0.0
 10
924.5146915740739
 20
97.77687666666664
 30
0.0
 10
924.3819295370371
 20
81.92480722222221
 30
0.0
 10
924.2491675
 20
66.07273777777776
 30
0.0
 10
921.6453147222222
 20
64.61611833333332
 30
0.0
 10
920.4458702777778
 20
68.47197944444443
 30
0.0
 10
920.4458702777778
 20
70.1296822222222
 30
0.0
 10
920.7140989814815
 20
70.1296822222222
 30
0.0
 10
920.9823276851852
 20
70.1296822222222
 30
0.0
 10
921.2505563888889
 20
70.1296822222222
 30
0.0
 10
921.249380462963
 20
72.46271925925925
 30
0.0
 10
921.248204537037
 20
74.79575629629629
 30
0.0
 10
921.2470286111112
 20
77.12879333333332
 30
0.0
 10
920.2465508333333
 20
77.12855814814814
 30
0.0
 10
919.2460730555555
 20
77.12832296296295
 30
0.0
 10
918.2455952777777
 20
77.12808777777776
 30
0.0
 10
918.2455952777777
 20
101.4622285185185
 30
0.0
 10
918.2455952777777
 20
125.7963692592593
 30
0.0
 10
918.2455952777777
 20
150.13051
 30
0.0
 10
919.2448971296295
 20
150.1300396296296
 30
0.0
 10
920.2441989814815
 20
150.1295692592593
 30
0.0
 10
921.2435008333333
 20
150.1290988888889
 30
0.0
  0
POLYLINE
  5
12E
330
1F
100
AcDbEntity
  8
DEFAULT
 62
     1
100
AcDb2dPolyline
 66
     1
 10
0.0
 20
0.0
 30
0.0
 70
     1
  0
VERTEX
  5
12F
330
12E
100
AcDbEntity
  8
DEFAULT
 62
     1
100
AcDbVertex
100
AcDb2dVertex
 10
789.0162513888887
 20
106.8900438888889
 30
0.0
  0
VERTEX
  5
130
330
12E
100
AcDbEntity
  8
DEFAULT
 62
     1
100
AcDbVertex
100
AcDb2dVertex
 10
783.0155013888887
 20
106.8900438888889
 30
0.0
  0
VERTEX
  5
131
330
12E
100
AcDbEntity
  8
DEFAULT
 62
     1
100
AcDbVertex
100
AcDb2dVertex
 10
783.0155013888887
 20
103.8914327777778
 30
0.0
  0
VERTEX
  5
132
330
12E
100
AcDbEntity
  8
DEFAULT
 62
     1
100
AcDbVertex
100
AcDb2dVertex
 10
777.0182791666664
 20
103.8914327777778
 30
0.0
  0
VERTEX
  5
133
330
12E
100
AcDbEntity
  8
DEFAULT
 62
     1
100
AcDbVertex
100
AcDb2dVertex
 10
777.0182791666664
 20
106.8900438888889
 30
0.0
  0
VERTEX
  5
134
330
12E
100
AcDbEntity
  8
DEFAULT
 62
     1
100
AcDbVertex
100
AcDb2dVertex
 10
771.0175291666666
 20
106.8900438888889
 30
0.0
  0
VERTEX
  5
135
330
12E
100
AcDbEntity
  8
DEFAULT
 62
     1
100
AcDbVertex
100
AcDb2dVertex
 10
771.0175291666666
 20
103.8914327777778
 30
0.0
  0
VERTEX
  5
136
330
12E
100
AcDbEntity
  8
DEFAULT
 62
     1
100
AcDbVertex
100
AcDb2dVertex
 10
765.0171319444443
 20
103.8914327777778
 30
0.0
  0
VERTEX
  5
137
330
12E
100
AcDbEntity
  8
DEFAULT
 62
     1
100
AcDbVertex
100
AcDb2dVertex
 10
765.0171319444443
 20
106.8900438888889
 30
0.0
  0
VERTEX
  5
138
330
12E
100
AcDbEntity
  8
DEFAULT
 62
     1
100
AcDbVertex
100
AcDb2dVertex
 10
759.0163819444442
 20
106.8900438888889
 30
0.0
  0
VERTEX
  5
139
330
12E
100
AcDbEntity
  8
DEFAULT
 62
     1
100
AcDbVertex
100
AcDb2dVertex
 10
759.0163819444442
 20
103.8914327777778
 30
0.0
  0
VERTEX
  5
13A
330
12E
100
AcDbEntity
  8
DEFAULT
 62
     1
100
AcDbVertex
100
AcDb2dVertex
 10
753.0188069444443
 20
103.8914327777778
 30
0.0
  0
VERTEX
  5
13B
330
12E
100
AcDbEntity
  8
DEFAULT
 62
     1
100
AcDbVertex
100
AcDb2dVertex
 10
753.0188069444443
 20
116.1744494444444
 30
0.0
  0
VERTEX
  5
13C
330
12E
100
AcDbEntity
  8
DEFAULT
 62
     1
100
AcDbVertex
100
AcDb2dVertex
 10
756.0174180555554
 20
116.1744494444444
 30
0.0
  0
VERTEX
  5
13D
330
12E
100
AcDbEntity
  8
DEFAULT
 62
     1
100
AcDbVertex
100
AcDb2dVertex
 10
756.0174180555554
 20
128.4616994444444
 30
0.0
  0
VERTEX
  5
13E
330
12E
100
AcDbEntity
  8
DEFAULT
 62
     1
100
AcDbVertex
100
AcDb2dVertex
 10
753.0188069444443
 20
128.4616994444444
 30
0.0
  0
VERTEX
  5
13F
330
12E
100
AcDbEntity
  8
DEFAULT
 62
     1
100
AcDbVertex
100
AcDb2dVertex
 10
753.0188069444443
 20
140.7457744444444
 30
0.0
  0
VERTEX
  5
140
330
12E
100
AcDbEntity
  8
DEFAULT
 62
     1
100
AcDbVertex
100
AcDb2dVertex
 10
756.0174180555554
 20
140.7457744444444
 30
0.0
  0
VERTEX
  5
141
330
12E
100
AcDbEntity
  8
DEFAULT
 62
     1
100
AcDbVertex
100
AcDb2dVertex
 10
756.0174180555554
 20
153.0330244444444
 30
0.0
  0
VERTEX
  5
142
330
12E
100
AcDbEntity
  8
DEFAULT
 62
     1
100
AcDbVertex
100
AcDb2dVertex
 10
753.0188069444443
 20
153.0330244444444
 30
0.0
  0
VERTEX
  5
143
330
12E
100
AcDbEntity
  8
DEFAULT
 62
     1
100
AcDbVertex
100
AcDb2dVertex
 10
753.0188069444443
 20
165.3170994444444
 30
0.0
  0
VERTEX
  5
144
330
12E
100
AcDbEntity
  8
DEFAULT
 62
     1
100
AcDbVertex
100
AcDb2dVertex
 10
756.0174180555554
 20
165.3170994444444
 30
0.0
  0
VERTEX
  5
145
330
12E
100
AcDbEntity
  8
DEFAULT
 62
     1
100
AcDbVertex
100
AcDb2dVertex
 10
756.0174180555554
 20
177.6039966666667
 30
0.0
  0
VERTEX
  5
146
330
12E
100
AcDbEntity
  8
DEFAULT
 62
     1
100
AcDbVertex
100
AcDb2dVertex
 10
753.0188069444443
 20
177.6039966666667
 30
0.0
  0
VERTEX
  5
147
330
12E
100
AcDbEntity
  8
DEFAULT
 62
     1
100
AcDbVertex
100
AcDb2dVertex
 10
753.0188069444443
 20
189.8877188888889
 30
0.0
  0
VERTEX
  5
148
330
12E
100
AcDbEntity
  8
DEFAULT
 62
     1
100
AcDbVertex
100
AcDb2dVertex
 10
759.0163819444442
 20
189.8877188888889
 30
0.0
  0
VERTEX
  5
149
330
12E
100
AcDbEntity
  8
DEFAULT
 62
     1
100
AcDbVertex
100
AcDb2dVertex
 10
759.0163819444442
 20
186.8891077777778
 30
0.0
  0
VERTEX
  5
14A
330
12E
100
AcDbEntity
  8
DEFAULT
 62
     1
100
AcDbVertex
100
AcDb2dVertex
 10
765.0171319444443
 20
186.8891077777778
 30
0.0
  0
VERTEX
  5
14B
330
12E
100
AcDbEntity
  8
DEFAULT
 62
     1
100
AcDbVertex
100
AcDb2dVertex
 10
765.0171319444443
 20
189.8877188888889
 30
0.0
  0
VERTEX
  5
14C
330
12E
100
AcDbEntity
  8
DEFAULT
 62
     1
100
AcDbVertex
100
AcDb2dVertex
 10
771.0175291666666
 20
189.8877188888889
 30
0.0
  0
VERTEX
  5
14D
330
12E
100
AcDbEntity
  8
DEFAULT
 62
     1
100
AcDbVertex
100
AcDb2dVertex
 10
771.0175291666666
 20
186.8891077777778
 30
0.0
  0
VERTEX
  5
14E
330
12E
100
AcDbEntity
  8
DEFAULT
 62
     1
100
AcDbVertex
100
AcDb2dVertex
 10
777.0182791666664
 20
186.8891077777778
 30
0.0
  0
VERTEX
  5
14F
330
12E
100
AcDbEntity
  8
DEFAULT
 62
     1
100
AcDbVertex
100
AcDb2dVertex
 10
777.0182791666664
 20
189.8877188888889
 30
0.0
  0
VERTEX
  5
150
330
12E
100
AcDbEntity
  8
DEFAULT
 62
     1
100
AcDbVertex
100
AcDb2dVertex
 10
783.0155013888887
 20
189.8877188888889
 30
0.0
  0
VERTEX
  5
151
330
12E
100
AcDbEntity
  8
DEFAULT
 62
     1
100
AcDbVertex
100
AcDb2dVertex
 10
783.0155013888887
 20
186.8891077777778
 30
0.0
  0
VERTEX
  5
152
330
12E
100
AcDbEntity
  8
DEFAULT
 62
     1
100
AcDbVertex
100
AcDb2dVertex
 10
789.0162513888887
 20
186.8891077777778
 30
0.0
  0
VERTEX
  5
153
330
12E
100
AcDbEntity
  8
DEFAULT
 62
     1
100
AcDbVertex
100
AcDb2dVertex
 10
789.0162513888887
 20
189.8877188888889
 30
0.0
  0
VERTEX
  5
154
330
12E
100
AcDbEntity
  8
DEFAULT
 62
     1
100
AcDbVertex
100
AcDb2dVertex
 10
795.0170013888888
 20
189.8877188888889
 30
0.0
  0
VERTEX
  5
155
330
12E
100
AcDbEntity
  8
DEFAULT
 62
     1
100
AcDbVertex
100
AcDb2dVertex
 10
795.0170013888888
 20
179.8899966666667
 30
0.0
  0
VERTEX
  5
156
330
12E
100
AcDbEntity
  8
DEFAULT
 62
     1
100
AcDbVertex
100
AcDb2dVertex
 10
778.0166402777777
 20
179.8899966666667
 30
0.0
  0
VERTEX
  5
157
330
12E
100
AcDbEntity
  8
DEFAULT
 62
     1
100
AcDbVertex
100
AcDb2dVertex
 10
778.0166402777777
 20
170.8906355555555
 30
0.0
  0
VERTEX
  5
158
330
12E
100
AcDbEntity
  8
DEFAULT
 62
     1
100
AcDbVertex
100
AcDb2dVertex
 10
785.0157513888887
 20
170.8906355555555
 30
0.0
  0
VERTEX
  5
159
330
12E
100
AcDbEntity
  8
DEFAULT
 62
     1
100
AcDbVertex
100
AcDb2dVertex
 10
785.0157513888887
 20
160.8890327777778
 30
0.0
  0
VERTEX
  5
15A
330
12E
100
AcDbEntity
  8
DEFAULT
 62
     1
100
AcDbVertex
100
AcDb2dVertex
 10
775.0180291666666
 20
160.8890327777778
 30
0.0
  0
VERTEX
  5
15B
330
12E
100
AcDbEntity
  8
DEFAULT
 62
     1
100
AcDbVertex
100
AcDb2dVertex
 10
775.0180291666666
 20
150.8881355555556
 30
0.0
  0
VERTEX
  5
15C
330
12E
100
AcDbEntity
  8
DEFAULT
 62
     1
100
AcDbVertex
100
AcDb2dVertex
 10
780.0168902777775
 20
150.8881355555556
 30
0.0
  0
VERTEX
  5
15D
330
12E
100
AcDbEntity
  8
DEFAULT
 62
     1
100
AcDbVertex
100
AcDb2dVertex
 10
780.0168902777775
 20
142.8906633333333
 30
0.0
  0
VERTEX
  5
15E
330
12E
100
AcDbEntity
  8
DEFAULT
 62
     1
100
AcDbVertex
100
AcDb2dVertex
 10
775.0180291666666
 20
142.8906633333333
 30
0.0
  0
VERTEX
  5
15F
330
12E
100
AcDbEntity
  8
DEFAULT
 62
     1
100
AcDbVertex
100
AcDb2dVertex
 10
775.0180291666666
 20
132.8894133333333
 30
0.0
  0
VERTEX
  5
160
330
12E
100
AcDbEntity
  8
DEFAULT
 62
     1
100
AcDbVertex
100
AcDb2dVertex
 10
785.0157513888887
 20
132.8894133333333
 30
0.0
  0
VERTEX
  5
161
330
12E
100
AcDbEntity
  8
DEFAULT
 62
     1
100
AcDbVertex
100
AcDb2dVertex
 10
785.0157513888887
 20
122.8885161111111
 30
0.0
  0
VERTEX
  5
162
330
12E
100
AcDbEntity
  8
DEFAULT
 62
     1
100
AcDbVertex
100
AcDb2dVertex
 10
778.0166402777777
 20
122.8885161111111
 30
0.0
  0
VERTEX
  5
163
330
12E
100
AcDbEntity
  8
DEFAULT
 62
     1
100
AcDbVertex
100
AcDb2dVertex
 10
778.0166402777777
 20
113.889155
 30
0.0
  0
VERTEX
  5
164
330
12E
100
AcDbEntity
  8
DEFAULT
 62
     1
100
AcDbVertex
100
AcDb2dVertex
 10
795.0170013888888
 20
113.889155
 30
0.0
  0
VERTEX
  5
165
330
12E
100
AcDbEntity
  8
DEFAULT
 62
     1
100
AcDbVertex
100
AcDb2dVertex
 10
795.0170013888888
 20
103.8914327777778
 30
0.0
  0
VERTEX
  5
166
330
12E
100
AcDbEntity
  8
DEFAULT
 62
     1
100
AcDbVertex
100
AcDb2dVertex
 10
789.0162513888887
 20
103.8914327777778
 30
0.0
  0
SEQEND
  5
167
330
12E
100
AcDbEntity
  8
DEFAULT
 62
     1
  0
SPLINE
  5
168
330
1F
100
AcDbEntity
  8
DEFAULT
 62
     1
100
AcDbSpline
210
0.0
220
0.0
230
1.0
 70
    11
 71
     3
 72
    17
 73
    13
 74
     0
 42
0.000000001
 43
0.0000000001
 40
0.0
 40
0.0
 40
0.0
 40
0.0
 40
1.0
 40
1.0
 40
1.0
 40
2.0
 40
2.0
 40
2.0
 40
3.0
 40
3.0
 40
3.0
 40
4.0
 40
4.0
 40
4.0
 40
4.0
 10
786.8255366666666
 20
207.7846647222222
 30
0.0
 10
781.2230727777777
 20
207.7846647222222
 30
0.0
 10
776.6725922222221
 20
212.3354980555555
 30
0.0
 10
776.6725922222221
 20
217.9481925
 30
0.0
 10
776.6725922222221
 20
223.5432480555555
 30
0.0
 10
781.2230727777777
 20
228.0976091666667
 30
0.0
 10
786.8255366666666
 20
228.0976091666667
 30
0.0
 10
792.4378783333333
 20
228.0976091666667
 30
0.0
 10
796.9890644444444
 20
223.5432480555555
 30
0.0
 10
796.9890644444444
 20
217.9481925
 30
0.0
 10
796.9890644444444
 20
212.3354980555555
 30
0.0
 10
792.4378783333333
 20
207.7846647222222
 30
0.0
 10
786.8255366666666
 20
207.7846647222222
 30
0.0
  0
SPLINE
  5
169
330
1F
100
AcDbEntity
  8
DEFAULT
 62
     1
100
AcDbSpline
210
0.0
220
0.0
230
1.0
 70
    11
 71
     3
 72
    17
 73
    13
 74
     0
 42
0.000000001
 43
0.0000000001
 40
0.0
 40
0.0
 40
0.0
 40
0.0
 40
1.0
 40
1.0
 40
1.0
 40
2.0
 40
2.0
 40
2.0
 40
3.0
 40
3.0
 40
3.0
 40
4.0
 40
4.0
 40
4.0
 40
4.0
 10
757.488466111111
 20
205.08595
 30
0.0
 10
750.3972799999999
 20
205.08595
 30
0.0
 10
744.6402994444444
 20
210.8468111111111
 30
0.0
 10
744.6402994444444
 20
217.9517555555555
 30
0.0
 10
744.6402994444444
 20
225.0320055555555
 30
0.0
 10
750.3972799999999
 20
230.7928666666666
 30
0.0
 10
757.488466111111
 20
230.7928666666666
 30
0.0
 10
764.5934105555555
 20
230.7928666666666
 30
0.0
 10
770.3542716666666
 20
225.0320055555555
 30
0.0
 10
770.3542716666666
 20
217.9517555555555
 30
0.0
 10
770.3542716666666
 20
210.8468111111111
 30
0.0
 10
764.5934105555555
 20
205.08595
 30
0.0
 10
757.488466111111
 20
205.08595
 30
0.0
  0
POLYLINE
  5
16A
330
1F
100
AcDbEntity
  8
DEFAULT
 62
     1
100
AcDb2dPolyline
 66
     1
 10
0.0
 20
0.0
 30
0.0
 70
     1
  0
VERTEX
  5
16B
330
16A
100
AcDbEntity
  8
DEFAULT
 62
     1
100
AcDbVertex
100
AcDb2dVertex
 10
810.8144255555554
 20
227.0427683333333
 30
0.0
  0
VERTEX
  5
16C
330
16A
100
AcDbEntity
  8
DEFAULT
 62
     1
100
AcDbVertex
100
AcDb2dVertex
 10
810.8144255555554
 20
243.9831572222222
 30
0.0
  0
VERTEX
  5
16D
330
16A
100
AcDbEntity
  8
DEFAULT
 62
     1
100
AcDbVertex
100
AcDb2dVertex
 10
799.3876005555554
 20
243.9831572222222
 30
0.0
  0
VERTEX
  5
16E
330
16A
100
AcDbEntity
  8
DEFAULT
 62
     1
100
AcDbVertex
100
AcDb2dVertex
 10
799.3876005555554
 20
240.9845461111111
 30
0.0
  0
VERTEX
  5
16F
330
16A
100
AcDbEntity
  8
DEFAULT
 62
     1
100
AcDbVertex
100
AcDb2dVertex
 10
787.9576005555554
 20
240.9845461111111
 30
0.0
  0
VERTEX
  5
170
330
16A
100
AcDbEntity
  8
DEFAULT
 62
     1
100
AcDbVertex
100
AcDb2dVertex
 10
787.9576005555554
 20
243.9831572222222
 30
0.0
  0
VERTEX
  5
171
330
16A
100
AcDbEntity
  8
DEFAULT
 62
     1
100
AcDbVertex
100
AcDb2dVertex
 10
776.5279533333332
 20
243.9831572222222
 30
0.0
  0
VERTEX
  5
172
330
16A
100
AcDbEntity
  8
DEFAULT
 62
     1
100
AcDbVertex
100
AcDb2dVertex
 10
776.5279533333332
 20
240.9845461111111
 30
0.0
  0
VERTEX
  5
173
330
16A
100
AcDbEntity
  8
DEFAULT
 62
     1
100
AcDbVertex
100
AcDb2dVertex
 10
765.1014811111111
 20
240.9845461111111
 30
0.0
  0
VERTEX
  5
174
330
16A
100
AcDbEntity
  8
DEFAULT
 62
     1
100
AcDbVertex
100
AcDb2dVertex
 10
765.1014811111111
 20
243.9831572222222
 30
0.0
  0
VERTEX
  5
175
330
16A
100
AcDbEntity
  8
DEFAULT
 62
     1
100
AcDbVertex
100
AcDb2dVertex
 10
753.671481111111
 20
243.9831572222222
 30
0.0
  0
VERTEX
  5
176
330
16A
100
AcDbEntity
  8
DEFAULT
 62
     1
100
AcDbVertex
100
AcDb2dVertex
 10
753.671481111111
 20
240.9845461111111
 30
0.0
  0
VERTEX
  5
177
330
16A
100
AcDbEntity
  8
DEFAULT
 62
     1
100
AcDbVertex
100
AcDb2dVertex
 10
742.2450088888888
 20
240.9845461111111
 30
0.0
  0
VERTEX
  5
178
330
16A
100
AcDbEntity
  8
DEFAULT
 62
     1
100
AcDbVertex
100
AcDb2dVertex
 10
742.2450088888888
 20
243.9831572222222
 30
0.0
  0
VERTEX
  5
179
330
16A
100
AcDbEntity
  8
DEFAULT
 62
     1
100
AcDbVertex
100
AcDb2dVertex
 10
730.8146561111109
 20
243.9831572222222
 30
0.0
  0
VERTEX
  5
17A
330
16A
100
AcDbEntity
  8
DEFAULT
 62
     1
100
AcDbVertex
100
AcDb2dVertex
 10
730.8146561111109
 20
227.0427683333333
 30
0.0
  0
VERTEX
  5
17B
330
16A
100
AcDbEntity
  8
DEFAULT
 62
     1
100
AcDbVertex
100
AcDb2dVertex
 10
733.8132672222221
 20
227.0427683333333
 30
0.0
  0
VERTEX
  5
17C
330
16A
100
AcDbEntity
  8
DEFAULT
 62
     1
100
AcDbVertex
100
AcDb2dVertex
 10
733.8132672222221
 20
212.7552683333333
 30
0.0
  0
VERTEX
  5
17D
330
16A
100
AcDbEntity
  8
DEFAULT
 62
     1
100
AcDbVertex
100
AcDb2dVertex
 10
730.8146561111109
 20
212.7552683333333
 30
0.0
  0
VERTEX
  5
17E
330
16A
100
AcDbEntity
  8
DEFAULT
 62
     1
100
AcDbVertex
100
AcDb2dVertex
 10
730.8146561111109
 20
198.4712961111111
 30
0.0
  0
VERTEX
  5
17F
330
16A
100
AcDbEntity
  8
DEFAULT
 62
     1
100
AcDbVertex
100
AcDb2dVertex
 10
733.8132672222221
 20
198.4712961111111
 30
0.0
  0
VERTEX
  5
180
330
16A
100
AcDbEntity
  8
DEFAULT
 62
     1
100
AcDbVertex
100
AcDb2dVertex
 10
733.8132672222221
 20
184.1837961111111
 30
0.0
  0
VERTEX
  5
181
330
16A
100
AcDbEntity
  8
DEFAULT
 62
     1
100
AcDbVertex
100
AcDb2dVertex
 10
730.8146561111109
 20
184.1837961111111
 30
0.0
  0
VERTEX
  5
182
330
16A
100
AcDbEntity
  8
DEFAULT
 62
     1
100
AcDbVertex
100
AcDb2dVertex
 10
730.8146561111109
 20
169.8998238888888
 30
0.0
  0
VERTEX
  5
183
330
16A
100
AcDbEntity
  8
DEFAULT
 62
     1
100
AcDbVertex
100
AcDb2dVertex
 10
740.1036477777777
 20
169.8998238888888
 30
0.0
  0
VERTEX
  5
184
330
16A
100
AcDbEntity
  8
DEFAULT
 62
     1
100
AcDbVertex
100
AcDb2dVertex
 10
740.1036477777777
 20
193.3701294444444
 30
0.0
  0
VERTEX
  5
185
330
16A
100
AcDbEntity
  8
DEFAULT
 62
     1
100
AcDbVertex
100
AcDb2dVertex
 10
748.4644811111109
 20
193.3701294444444
 30
0.0
  0
VERTEX
  5
186
330
16A
100
AcDbEntity
  8
DEFAULT
 62
     1
100
AcDbVertex
100
AcDb2dVertex
 10
748.4644811111109
 20
196.8026572222222
 30
0.0
  0
VERTEX
  5
187
330
16A
100
AcDbEntity
  8
DEFAULT
 62
     1
100
AcDbVertex
100
AcDb2dVertex
 10
757.75312
 20
196.8026572222222
 30
0.0
  0
VERTEX
  5
188
330
16A
100
AcDbEntity
  8
DEFAULT
 62
     1
100
AcDbVertex
100
AcDb2dVertex
 10
757.75312
 20
191.8990461111111
 30
0.0
  0
VERTEX
  5
189
330
16A
100
AcDbEntity
  8
DEFAULT
 62
     1
100
AcDbVertex
100
AcDb2dVertex
 10
765.8172672222222
 20
191.8990461111111
 30
0.0
  0
VERTEX
  5
18A
330
16A
100
AcDbEntity
  8
DEFAULT
 62
     1
100
AcDbVertex
100
AcDb2dVertex
 10
765.8172672222222
 20
194.3508516666666
 30
0.0
  0
VERTEX
  5
18B
330
16A
100
AcDbEntity
  8
DEFAULT
 62
     1
100
AcDbVertex
100
AcDb2dVertex
 10
775.8114616666666
 20
194.3508516666666
 30
0.0
  0
VERTEX
  5
18C
330
16A
100
AcDbEntity
  8
DEFAULT
 62
     1
100
AcDbVertex
100
AcDb2dVertex
 10
775.8114616666666
 20
191.8990461111111
 30
0.0
  0
VERTEX
  5
18D
330
16A
100
AcDbEntity
  8
DEFAULT
 62
     1
100
AcDbVertex
100
AcDb2dVertex
 10
783.7630727777777
 20
191.8990461111111
 30
0.0
  0
VERTEX
  5
18E
330
16A
100
AcDbEntity
  8
DEFAULT
 62
     1
100
AcDbVertex
100
AcDb2dVertex
 10
783.7630727777777
 20
196.8026572222222
 30
0.0
  0
VERTEX
  5
18F
330
16A
100
AcDbEntity
  8
DEFAULT
 62
     1
100
AcDbVertex
100
AcDb2dVertex
 10
793.0552394444444
 20
196.8026572222222
 30
0.0
  0
VERTEX
  5
190
330
16A
100
AcDbEntity
  8
DEFAULT
 62
     1
100
AcDbVertex
100
AcDb2dVertex
 10
793.0552394444444
 20
193.3701294444444
 30
0.0
  0
VERTEX
  5
191
330
16A
100
AcDbEntity
  8
DEFAULT
 62
     1
100
AcDbVertex
100
AcDb2dVertex
 10
801.4160727777777
 20
193.3701294444444
 30
0.0
  0
VERTEX
  5
192
330
16A
100
AcDbEntity
  8
DEFAULT
 62
     1
100
AcDbVertex
100
AcDb2dVertex
 10
801.4160727777777
 20
169.8998238888888
 30
0.0
  0
VERTEX
  5
193
330
16A
100
AcDbEntity
  8
DEFAULT
 62
     1
100
AcDbVertex
100
AcDb2dVertex
 10
810.8144255555554
 20
169.8998238888888
 30
0.0
  0
VERTEX
  5
194
330
16A
100
AcDbEntity
  8
DEFAULT
 62
     1
100
AcDbVertex
100
AcDb2dVertex
 10
810.8144255555554
 20
184.1837961111111
 30
0.0
  0
VERTEX
  5
195
330
16A
100
AcDbEntity
  8
DEFAULT
 62
     1
100
AcDbVertex
100
AcDb2dVertex
 10
807.8158144444443
 20
184.1837961111111
 30
0.0
  0
VERTEX
  5
196
330
16A
100
AcDbEntity
  8
DEFAULT
 62
     1
100
AcDbVertex
100
AcDb2dVertex
 10
807.8158144444443
 20
198.4712961111111
 30
0.0
  0
VERTEX
  5
197
330
16A
100
AcDbEntity
  8
DEFAULT
 62
     1
100
AcDbVertex
100
AcDb2dVertex
 10
810.8144255555554
 20
198.4712961111111
 30
0.0
  0
VERTEX
  5
198
330
16A
100
AcDbEntity
  8
DEFAULT
 62
     1
100
AcDbVertex
100
AcDb2dVertex
 10
810.8144255555554
 20
212.7552683333333
 30
0.0
  0
VERTEX
  5
199
330
16A
100
AcDbEntity
  8
DEFAULT
 62
     1
100
AcDbVertex
100
AcDb2dVertex
 10
807.8158144444443
 20
212.7552683333333
 30
0.0
  0
VERTEX
  5
19A
330
16A
100
AcDbEntity
  8
DEFAULT
 62
     1
100
AcDbVertex
100
AcDb2dVertex
 10
807.8158144444443
 20
227.0427683333333
 30
0.0
  0
SEQEND
  5
19B
330
16A
100
AcDbEntity
  8
DEFAULT
 62
     1
  0
POLYLINE
  5
19C
330
1F
100
AcDbEntity
  8
DEFAULT
 62
     1
100
AcDb2dPolyline
 66
     1
 10
0.0
 20
0.0
 30
0.0
 70
     1
  0
VERTEX
  5
19D
330
19C
100
AcDbEntity
  8
DEFAULT
 62
     1
100
AcDbVertex
100
AcDb2dVertex
 10
428.8590680555556
 20
146.6269680555555
 30
0.0
  0
VERTEX
  5
19E
330
19C
100
AcDbEntity
  8
DEFAULT
 62
     1
100
AcDbVertex
100
AcDb2dVertex
 10
428.8590680555556
 20
136.0683291666666
 30
0.0
  0
VERTEX
  5
19F
330
19C
100
AcDbEntity
  8
DEFAULT
 62
     1
100
AcDbVertex
100
AcDb2dVertex
 10
431.8576791666667
 20
136.0683291666666
 30
0.0
  0
VERTEX
  5
1A0
330
19C
100
AcDbEntity
  8
DEFAULT
 62
     1
100
AcDbVertex
100
AcDb2dVertex
 10
431.8576791666667
 20
124.9096152777778
 30
0.0
  0
VERTEX
  5
1A1
330
19C
100
AcDbEntity
  8
DEFAULT
 62
     1
100
AcDbVertex
100
AcDb2dVertex
 10
428.8590680555556
 20
124.9096152777778
 30
0.0
  0
VERTEX
  5
1A2
330
19C
100
AcDbEntity
  8
DEFAULT
 62
     1
100
AcDbVertex
100
AcDb2dVertex
 10
428.8590680555556
 20
114.3552097222222
 30
0.0
  0
VERTEX
  5
1A3
330
19C
100
AcDbEntity
  8
DEFAULT
 62
     1
100
AcDbVertex
100
AcDb2dVertex
 10
431.8576791666667
 20
114.3552097222222
 30
0.0
  0
VERTEX
  5
1A4
330
19C
100
AcDbEntity
  8
DEFAULT
 62
     1
100
AcDbVertex
100
AcDb2dVertex
 10
431.8576791666667
 20
103.1957902777778
 30
0.0
  0
VERTEX
  5
1A5
330
19C
100
AcDbEntity
  8
DEFAULT
 62
     1
100
AcDbVertex
100
AcDb2dVertex
 10
428.8590680555556
 20
103.1957902777778
 30
0.0
  0
VERTEX
  5
1A6
330
19C
100
AcDbEntity
  8
DEFAULT
 62
     1
100
AcDbVertex
100
AcDb2dVertex
 10
428.8590680555556
 20
92.48827916666666
 30
0.0
  0
VERTEX
  5
1A7
330
19C
100
AcDbEntity
  8
DEFAULT
 62
     1
100
AcDbVertex
100
AcDb2dVertex
 10
348.8596513888889
 20
92.48827916666666
 30
0.0
  0
VERTEX
  5
1A8
330
19C
100
AcDbEntity
  8
DEFAULT
 62
     1
100
AcDbVertex
100
AcDb2dVertex
 10
348.8596513888889
 20
103.1957902777778
 30
0.0
  0
VERTEX
  5
1A9
330
19C
100
AcDbEntity
  8
DEFAULT
 62
     1
100
AcDbVertex
100
AcDb2dVertex
 10
345.8610402777778
 20
103.1957902777778
 30
0.0
  0
VERTEX
  5
1AA
330
19C
100
AcDbEntity
  8
DEFAULT
 62
     1
100
AcDbVertex
100
AcDb2dVertex
 10
345.8610402777778
 20
114.3552097222222
 30
0.0
  0
VERTEX
  5
1AB
330
19C
100
AcDbEntity
  8
DEFAULT
 62
     1
100
AcDbVertex
100
AcDb2dVertex
 10
348.8596513888889
 20
114.3552097222222
 30
0.0
  0
VERTEX
  5
1AC
330
19C
100
AcDbEntity
  8
DEFAULT
 62
     1
100
AcDbVertex
100
AcDb2dVertex
 10
348.8596513888889
 20
124.9131430555555
 30
0.0
  0
VERTEX
  5
1AD
330
19C
100
AcDbEntity
  8
DEFAULT
 62
     1
100
AcDbVertex
100
AcDb2dVertex
 10
345.8610402777778
 20
124.9131430555555
 30
0.0
  0
VERTEX
  5
1AE
330
19C
100
AcDbEntity
  8
DEFAULT
 62
     1
100
AcDbVertex
100
AcDb2dVertex
 10
345.8610402777778
 20
136.0683291666666
 30
0.0
  0
VERTEX
  5
1AF
330
19C
100
AcDbEntity
  8
DEFAULT
 62
     1
100
AcDbVertex
100
AcDb2dVertex
 10
348.8596513888889
 20
136.0683291666666
 30
0.0
  0
VERTEX
  5
1B0
330
19C
100
AcDbEntity
  8
DEFAULT
 62
     1
100
AcDbVertex
100
AcDb2dVertex
 10
348.8596513888889
 20
146.6269680555555
 30
0.0
  0
VERTEX
  5
1B1
330
19C
100
AcDbEntity
  8
DEFAULT
 62
     1
100
AcDbVertex
100
AcDb2dVertex
 10
345.8610402777778
 20
146.6269680555555
 30
0.0
  0
VERTEX
  5
1B2
330
19C
100
AcDbEntity
  8
DEFAULT
 62
     1
100
AcDbVertex
100
AcDb2dVertex
 10
345.8610402777778
 20
157.7821541666666
 30
0.0
  0
VERTEX
  5
1B3
330
19C
100
AcDbEntity
  8
DEFAULT
 62
     1
100
AcDbVertex
100
AcDb2dVertex
 10
348.8596513888889
 20
157.7821541666666
 30
0.0
  0
VERTEX
  5
1B4
330
19C
100
AcDbEntity
  8
DEFAULT
 62
     1
100
AcDbVertex
100
AcDb2dVertex
 10
348.8596513888889
 20
165.4917597222222
 30
0.0
  0
VERTEX
  5
1B5
330
19C
100
AcDbEntity
  8
DEFAULT
 62
     1
100
AcDbVertex
100
AcDb2dVertex
 10
357.9944791666667
 20
165.4917597222222
 30
0.0
  0
VERTEX
  5
1B6
330
19C
100
AcDbEntity
  8
DEFAULT
 62
     1
100
AcDbVertex
100
AcDb2dVertex
 10
357.9944791666667
 20
168.4903708333333
 30
0.0
  0
VERTEX
  5
1B7
330
19C
100
AcDbEntity
  8
DEFAULT
 62
     1
100
AcDbVertex
100
AcDb2dVertex
 10
370.5822958333334
 20
168.4903708333333
 30
0.0
  0
VERTEX
  5
1B8
330
19C
100
AcDbEntity
  8
DEFAULT
 62
     1
100
AcDbVertex
100
AcDb2dVertex
 10
370.5822958333334
 20
165.4917597222222
 30
0.0
  0
VERTEX
  5
1B9
330
19C
100
AcDbEntity
  8
DEFAULT
 62
     1
100
AcDbVertex
100
AcDb2dVertex
 10
382.5654513888888
 20
165.4917597222222
 30
0.0
  0
VERTEX
  5
1BA
330
19C
100
AcDbEntity
  8
DEFAULT
 62
     1
100
AcDbVertex
100
AcDb2dVertex
 10
382.5654513888888
 20
168.4903708333333
 30
0.0
  0
VERTEX
  5
1BB
330
19C
100
AcDbEntity
  8
DEFAULT
 62
     1
100
AcDbVertex
100
AcDb2dVertex
 10
395.1532680555555
 20
168.4903708333333
 30
0.0
  0
VERTEX
  5
1BC
330
19C
100
AcDbEntity
  8
DEFAULT
 62
     1
100
AcDbVertex
100
AcDb2dVertex
 10
395.1532680555555
 20
165.4917597222222
 30
0.0
  0
VERTEX
  5
1BD
330
19C
100
AcDbEntity
  8
DEFAULT
 62
     1
100
AcDbVertex
100
AcDb2dVertex
 10
407.1367763888888
 20
165.4917597222222
 30
0.0
  0
VERTEX
  5
1BE
330
19C
100
AcDbEntity
  8
DEFAULT
 62
     1
100
AcDbVertex
100
AcDb2dVertex
 10
407.1367763888888
 20
168.4903708333333
 30
0.0
  0
VERTEX
  5
1BF
330
19C
100
AcDbEntity
  8
DEFAULT
 62
     1
100
AcDbVertex
100
AcDb2dVertex
 10
419.7242402777778
 20
168.4903708333333
 30
0.0
  0
VERTEX
  5
1C0
330
19C
100
AcDbEntity
  8
DEFAULT
 62
     1
100
AcDbVertex
100
AcDb2dVertex
 10
419.7242402777778
 20
165.4917597222222
 30
0.0
  0
VERTEX
  5
1C1
330
19C
100
AcDbEntity
  8
DEFAULT
 62
     1
100
AcDbVertex
100
AcDb2dVertex
 10
428.8590680555556
 20
165.4917597222222
 30
0.0
  0
VERTEX
  5
1C2
330
19C
100
AcDbEntity
  8
DEFAULT
 62
     1
100
AcDbVertex
100
AcDb2dVertex
 10
428.8590680555556
 20
157.7821541666666
 30
0.0
  0
VERTEX
  5
1C3
330
19C
100
AcDbEntity
  8
DEFAULT
 62
     1
100
AcDbVertex
100
AcDb2dVertex
 10
431.8576791666667
 20
157.7821541666666
 30
0.0
  0
VERTEX
  5
1C4
330
19C
100
AcDbEntity
  8
DEFAULT
 62
     1
100
AcDbVertex
100
AcDb2dVertex
 10
431.8576791666667
 20
146.6269680555555
 30
0.0
  0
SEQEND
  5
1C5
330
19C
100
AcDbEntity
  8
DEFAULT
 62
     1
  0
POLYLINE
  5
1C6
330
1F
100
AcDbEntity
  8
DEFAULT
 62
     1
100
AcDb2dPolyline
 66
     1
 10
0.0
 20
0.0
 30
0.0
 70
     1
  0
VERTEX
  5
1C7
330
1C6
100
AcDbEntity
  8
DEFAULT
 62
     1
100
AcDbVertex
100
AcDb2dVertex
 10
599.405075
 20
166.9823163888889
 30
0.0
  0
VERTEX
  5
1C8
330
1C6
100
AcDbEntity
  8
DEFAULT
 62
     1
100
AcDbVertex
100
AcDb2dVertex
 10
586.8483027777777
 20
166.9823163888889
 30
0.0
  0
VERTEX
  5
1C9
330
1C6
100
AcDbEntity
  8
DEFAULT
 62
     1
100
AcDbVertex
100
AcDb2dVertex
 10
586.8483027777777
 20
163.9837052777777
 30
0.0
  0
VERTEX
  5
1CA
330
1C6
100
AcDbEntity
  8
DEFAULT
 62
     1
100
AcDbVertex
100
AcDb2dVertex
 10
573.69075
 20
163.9837052777777
 30
0.0
  0
VERTEX
  5
1CB
330
1C6
100
AcDbEntity
  8
DEFAULT
 62
     1
100
AcDbVertex
100
AcDb2dVertex
 10
573.69075
 20
166.9823163888889
 30
0.0
  0
VERTEX
  5
1CC
330
1C6
100
AcDbEntity
  8
DEFAULT
 62
     1
100
AcDbVertex
100
AcDb2dVertex
 10
560.9868694444444
 20
166.9823163888889
 30
0.0
  0
VERTEX
  5
1CD
330
1C6
100
AcDbEntity
  8
DEFAULT
 62
     1
100
AcDbVertex
100
AcDb2dVertex
 10
560.9868694444444
 20
240.9845108333333
 30
0.0
  0
VERTEX
  5
1CE
330
1C6
100
AcDbEntity
  8
DEFAULT
 62
     1
100
AcDbVertex
100
AcDb2dVertex
 10
573.69075
 20
240.9845108333333
 30
0.0
  0
VERTEX
  5
1CF
330
1C6
100
AcDbEntity
  8
DEFAULT
 62
     1
100
AcDbVertex
100
AcDb2dVertex
 10
573.69075
 20
243.9831219444444
 30
0.0
  0
VERTEX
  5
1D0
330
1C6
100
AcDbEntity
  8
DEFAULT
 62
     1
100
AcDbVertex
100
AcDb2dVertex
 10
586.8483027777777
 20
243.9831219444444
 30
0.0
  0
VERTEX
  5
1D1
330
1C6
100
AcDbEntity
  8
DEFAULT
 62
     1
100
AcDbVertex
100
AcDb2dVertex
 10
586.8483027777777
 20
240.9845108333333
 30
0.0
  0
VERTEX
  5
1D2
330
1C6
100
AcDbEntity
  8
DEFAULT
 62
     1
100
AcDbVertex
100
AcDb2dVertex
 10
599.405075
 20
240.9845108333333
 30
0.0
  0
VERTEX
  5
1D3
330
1C6
100
AcDbEntity
  8
DEFAULT
 62
     1
100
AcDbVertex
100
AcDb2dVertex
 10
599.405075
 20
243.9831219444444
 30
0.0
  0
VERTEX
  5
1D4
330
1C6
100
AcDbEntity
  8
DEFAULT
 62
     1
100
AcDbVertex
100
AcDb2dVertex
 10
612.5626277777777
 20
243.9831219444444
 30
0.0
  0
VERTEX
  5
1D5
330
1C6
100
AcDbEntity
  8
DEFAULT
 62
     1
100
AcDbVertex
100
AcDb2dVertex
 10
612.5626277777777
 20
240.9845108333333
 30
0.0
  0
VERTEX
  5
1D6
330
1C6
100
AcDbEntity
  8
DEFAULT
 62
     1
100
AcDbVertex
100
AcDb2dVertex
 10
625.0689527777778
 20
240.9845108333333
 30
0.0
  0
VERTEX
  5
1D7
330
1C6
100
AcDbEntity
  8
DEFAULT
 62
     1
100
AcDbVertex
100
AcDb2dVertex
 10
625.0689527777778
 20
232.5531219444444
 30
0.0
  0
VERTEX
  5
1D8
330
1C6
100
AcDbEntity
  8
DEFAULT
 62
     1
100
AcDbVertex
100
AcDb2dVertex
 10
622.0703416666666
 20
232.5531219444444
 30
0.0
  0
VERTEX
  5
1D9
330
1C6
100
AcDbEntity
  8
DEFAULT
 62
     1
100
AcDbVertex
100
AcDb2dVertex
 10
622.0703416666666
 20
221.1266497222222
 30
0.0
  0
VERTEX
  5
1DA
330
1C6
100
AcDbEntity
  8
DEFAULT
 62
     1
100
AcDbVertex
100
AcDb2dVertex
 10
625.0689527777778
 20
221.1266497222222
 30
0.0
  0
VERTEX
  5
1DB
330
1C6
100
AcDbEntity
  8
DEFAULT
 62
     1
100
AcDbVertex
100
AcDb2dVertex
 10
625.0689527777778
 20
209.6966497222222
 30
0.0
  0
VERTEX
  5
1DC
330
1C6
100
AcDbEntity
  8
DEFAULT
 62
     1
100
AcDbVertex
100
AcDb2dVertex
 10
622.0703416666666
 20
209.6966497222222
 30
0.0
  0
VERTEX
  5
1DD
330
1C6
100
AcDbEntity
  8
DEFAULT
 62
     1
100
AcDbVertex
100
AcDb2dVertex
 10
622.0703416666666
 20
198.2701775
 30
0.0
  0
VERTEX
  5
1DE
330
1C6
100
AcDbEntity
  8
DEFAULT
 62
     1
100
AcDbVertex
100
AcDb2dVertex
 10
625.0689527777778
 20
198.2701775
 30
0.0
  0
VERTEX
  5
1DF
330
1C6
100
AcDbEntity
  8
DEFAULT
 62
     1
100
AcDbVertex
100
AcDb2dVertex
 10
625.0689527777778
 20
186.8401775
 30
0.0
  0
VERTEX
  5
1E0
330
1C6
100
AcDbEntity
  8
DEFAULT
 62
     1
100
AcDbVertex
100
AcDb2dVertex
 10
622.0703416666666
 20
186.8401775
 30
0.0
  0
VERTEX
  5
1E1
330
1C6
100
AcDbEntity
  8
DEFAULT
 62
     1
100
AcDbVertex
100
AcDb2dVertex
 10
622.0703416666666
 20
175.4101775
 30
0.0
  0
VERTEX
  5
1E2
330
1C6
100
AcDbEntity
  8
DEFAULT
 62
     1
100
AcDbVertex
100
AcDb2dVertex
 10
625.0689527777778
 20
175.4101775
 30
0.0
  0
VERTEX
  5
1E3
330
1C6
100
AcDbEntity
  8
DEFAULT
 62
     1
100
AcDbVertex
100
AcDb2dVertex
 10
625.0689527777778
 20
166.9823163888889
 30
0.0
  0
VERTEX
  5
1E4
330
1C6
100
AcDbEntity
  8
DEFAULT
 62
     1
100
AcDbVertex
100
AcDb2dVertex
 10
612.5626277777777
 20
166.9823163888889
 30
0.0
  0
VERTEX
  5
1E5
330
1C6
100
AcDbEntity
  8
DEFAULT
 62
     1
100
AcDbVertex
100
AcDb2dVertex
 10
612.5626277777777
 20
163.9837052777777
 30
0.0
  0
VERTEX
  5
1E6
330
1C6
100
AcDbEntity
  8
DEFAULT
 62
     1
100
AcDbVertex
100
AcDb2dVertex
 10
599.405075
 20
163.9837052777777
 30
0.0
  0
SEQEND
  5
1E7
330
1C6
100
AcDbEntity
  8
DEFAULT
 62
     1
  0
SPLINE
  5
1E8
330
1F
100
AcDbEntity
  8
DEFAULT
 62
     1
100
AcDbSpline
210
0.0
220
0.0
230
1.0
 70
    11
 71
     3
 72
    17
 73
    13
 74
     0
 42
0.000000001
 43
0.0000000001
 40
0.0
 40
0.0
 40
0.0
 40
0.0
 40
1.0
 40
1.0
 40
1.0
 40
2.0
 40
2.0
 40
2.0
 40
3.0
 40
3.0
 40
3.0
 40
4.0
 40
4.0
 40
4.0
 40
4.0
 10
553.2039213888888
 20
154.9809927777777
 30
0.0
 10
556.1041074999999
 20
154.9809927777777
 30
0.0
 10
558.4529019444443
 20
152.6314927777777
 30
0.0
 10
558.4529019444443
 20
149.7320122222222
 30
0.0
 10
558.4529019444443
 20
146.8318261111111
 30
0.0
 10
556.1041074999999
 20
144.4823261111111
 30
0.0
 10
553.2039213888888
 20
144.4823261111111
 30
0.0
 10
550.3037352777777
 20
144.4823261111111
 30
0.0
 10
547.9542352777777
 20
146.8318261111111
 30
0.0
 10
547.9542352777777
 20
149.7320122222222
 30
0.0
 10
547.9542352777777
 20
152.6314927777777
 30
0.0
 10
550.3037352777777
 20
154.9809927777777
 30
0.0
 10
553.2039213888888
 20
154.9809927777777
 30
0.0
  0
SPLINE
  5
1E9
330
1F
100
AcDbEntity
  8
DEFAULT
 62
     1
100
AcDbSpline
210
0.0
220
0.0
230
1.0
 70
    11
 71
     3
 72
    92
 73
    88
 74
     0
 42
0.000000001
 43
0.0000000001
 40
1.0
 40
1.0
 40
1.0
 40
1.0
 40
120.049
 40
120.049
 40
120.049
 40
150.828
 40
150.828
 40
150.828
 40
159.328
 40
159.328
 40
159.328
 40
190.098
 40
190.098
 40
190.098
 40
198.598
 40
198.598
 40
198.598
 40
229.377
 40
229.377
 40
229.377
 40
237.877
 40
237.877
 40
237.877
 40
268.658
 40
268.658
 40
268.658
 40
277.158
 40
277.158
 40
277.158
 40
307.928
 40
307.928
 40
307.928
 40
316.428
 40
316.428
 40
316.428
 40
347.208
 40
347.208
 40
347.208
 40
355.708
 40
355.708
 40
355.708
 40
377.9879999999999
 40
377.9879999999999
 40
377.9879999999999
 40
394.561
 40
394.561
 40
394.561
 40
403.061
 40
403.061
 40
403.061
 40
420.9229999999999
 40
420.9229999999999
 40
420.9229999999999
 40
429.4229999999999
 40
429.4229999999999
 40
429.4229999999999
 40
445.581
 40
445.581
 40
445.581
 40
454.081
 40
454.081
 40
454.081
 40
471.9419999999999
 40
471.9419999999999
 40
471.9419999999999
 40
480.4419999999999
 40
480.4419999999999
 40
480.4419999999999
 40
496.591
 40
496.591
 40
496.591
 40
505.091
 40
505.091
 40
505.091
 40
522.9519999999999
 40
522.9519999999999
 40
522.9519999999999
 40
531.4519999999999
 40
531.4519999999999
 40
531.4519999999999
 40
548.0369999999999
 40
548.0369999999999
 40
548.0369999999999
 40
549.0369999999999
 40
549.0369999999999
 40
549.0369999999999
 40
550.0369999999999
 40
550.0369999999999
 40
550.0369999999999
 40
550.0369999999999
 10
568.8811541666665
 20
163.9837052777777
 30
0.0
 10
554.881873611111
 20
163.9837052777777
 30
0.0
 10
540.8825930555555
 20
163.9837052777777
 30
0.0
 10
526.8833124999999
 20
163.9837052777777
 30
0.0
 10
526.8833124999999
 20
160.3643228703703
 30
0.0
 10
526.8833124999999
 20
156.7449404629629
 30
0.0
 10
526.8833124999999
 20
153.1255580555555
 30
0.0
 10
527.8828495370369
 20
153.1255580555555
 30
0.0
 10
528.882386574074
 20
153.1255580555555
 30
0.0
 10
529.881923611111
 20
153.1255580555555
 30
0.0
 10
529.881923611111
 20
149.5072339814814
 30
0.0
 10
529.881923611111
 20
145.8889099074074
 30
0.0
 10
529.881923611111
 20
142.2705858333333
 30
0.0
 10
528.882386574074
 20
142.2705858333333
 30
0.0
 10
527.8828495370369
 20
142.2705858333333
 30
0.0
 10
526.8833124999999
 20
142.2705858333333
 30
0.0
 10
526.8833124999999
 20
138.6512034259259
 30
0.0
 10
526.8833124999999
 20
135.0318210185185
 30
0.0
 10
526.8833124999999
 20
131.4124386111111
 30
0.0
 10
527.8828495370369
 20
131.4124386111111
 30
0.0
 10
528.882386574074
 20
131.4124386111111
 30
0.0
 10
529.881923611111
 20
131.4124386111111
 30
0.0
 10
529.881923611111
 20
127.7928210185185
 30
0.0
 10
529.881923611111
 20
124.1732034259259
 30
0.0
 10
529.881923611111
 20
120.5535858333333
 30
0.0
 10
528.882386574074
 20
120.5535858333333
 30
0.0
 10
527.8828495370369
 20
120.5535858333333
 30
0.0
 10
526.8833124999999
 20
120.5535858333333
 30
0.0
 10
526.8833124999999
 20
116.9352617592592
 30
0.0
 10
526.8833124999999
 20
113.3169376851852
 30
0.0
 10
526.8833124999999
 20
109.6986136111111
 30
0.0
 10
527.8828495370369
 20
109.6986136111111
 30
0.0
 10
528.882386574074
 20
109.6986136111111
 30
0.0
 10
529.881923611111
 20
109.6986136111111
 30
0.0
 10
529.881923611111
 20
106.0791136111111
 30
0.0
 10
529.881923611111
 20
102.4596136111111
 30
0.0
 10
529.881923611111
 20
98.84011361111111
 30
0.0
 10
528.882386574074
 20
98.84011361111111
 30
0.0
 10
527.8828495370369
 20
98.84011361111111
 30
0.0
 10
526.8833124999999
 20
98.84011361111111
 30
0.0
 10
526.8833124999999
 20
96.22015064814813
 30
0.0
 10
526.8833124999999
 20
93.60018768518518
 30
0.0
 10
526.8833124999999
 20
90.98022472222222
 30
0.0
 10
528.832174537037
 20
90.98022472222222
 30
0.0
 10
530.7810365740739
 20
90.98022472222222
 30
0.0
 10
532.729898611111
 20
90.98022472222222
 30
0.0
 10
532.729898611111
 20
89.98068768518517
 30
0.0
 10
532.729898611111
 20
88.98115064814813
 30
0.0
 10
532.729898611111
 20
87.98161361111109
 30
0.0
 10
534.8303374999999
 20
87.98161361111109
 30
0.0
 10
536.9307763888888
 20
87.98161361111109
 30
0.0
 10
539.0312152777777
 20
87.98161361111109
 30
0.0
 10
539.0312152777777
 20
88.98115064814813
 30
0.0
 10
539.0312152777777
 20
89.98068768518517
 30
0.0
 10
539.0312152777777
 20
90.98022472222222
 30
0.0
 10
540.9312763888888
 20
90.98022472222222
 30
0.0
 10
542.8313374999999
 20
90.98022472222222
 30
0.0
 10
544.7313986111111
 20
90.98022472222222
 30
0.0
 10
544.7313986111111
 20
89.98068768518517
 30
0.0
 10
544.7313986111111
 20
88.98115064814813
 30
0.0
 10
544.7313986111111
 20
87.98161361111109
 30
0.0
 10
546.8317199074073
 20
87.98161361111109
 30
0.0
 10
548.9320412037035
 20
87.98161361111109
 30
0.0
 10
551.0323624999999
 20
87.98161361111109
 30
0.0
 10
551.0323624999999
 20
88.98115064814813
 30
0.0
 10
551.0323624999999
 20
89.98068768518517
 30
0.0
 10
551.0323624999999
 20
90.98022472222222
 30
0.0
 10
552.9313652777777
 20
90.98022472222222
 30
0.0
 10
554.8303680555556
 20
90.98022472222222
 30
0.0
 10
556.7293708333333
 20
90.98022472222222
 30
0.0
 10
556.7293708333333
 20
89.98068768518517
 30
0.0
 10
556.7293708333333
 20
88.98115064814813
 30
0.0
 10
556.7293708333333
 20
87.98161361111109
 30
0.0
 10
558.8296921296296
 20
87.98161361111109
 30
0.0
 10
560.930013425926
 20
87.98161361111109
 30
0.0
 10
563.0303347222222
 20
87.98161361111109
 30
0.0
 10
563.0303347222222
 20
88.98115064814813
 30
0.0
 10
563.0303347222222
 20
89.98068768518517
 30
0.0
 10
563.0303347222222
 20
90.98022472222222
 30
0.0
 10
564.9806078703704
 20
90.98022472222222
 30
0.0
 10
566.9308810185184
 20
90.98022472222222
 30
0.0
 10
568.8811541666665
 20
90.98022472222222
 30
0.0
 10
568.8811541666665
 20
112.0548163888889
 30
0.0
 10
579.8807652777778
 20
123.8379469444444
 30
0.0
 10
579.8807652777778
 20
147.0546052777778
 30
0.0
 10
579.8807652777778
 20
157.6061886111111
 30
0.0
 10
574.6310791666666
 20
163.9837052777777
 30
0.0
 10
568.8811541666665
 20
163.9837052777777
 30
0.0
  0
SPLINE
  5
1EA
330
1F
100
AcDbEntity
  8
DEFAULT
 62
     1
100
AcDbSpline
210
0.0
220
0.0
230
1.0
 70
    11
 71
     3
 72
    17
 73
    13
 74
     0
 42
0.000000001
 43
0.0000000001
 40
0.0
 40
0.0
 40
0.0
 40
0.0
 40
1.0
 40
1.0
 40
1.0
 40
2.0
 40
2.0
 40
2.0
 40
3.0
 40
3.0
 40
3.0
 40
4.0
 40
4.0
 40
4.0
 40
4.0
 10
502.6374955555555
 20
154.2389247222222
 30
0.0
 10
502.6374955555555
 20
151.3387386111111
 30
0.0
 10
500.2879955555555
 20
148.9892386111111
 30
0.0
 10
497.3878094444444
 20
148.9892386111111
 30
0.0
 10
494.4876233333332
 20
148.9892386111111
 30
0.0
 10
492.1388288888888
 20
151.3387386111111
 30
0.0
 10
492.1388288888888
 20
154.2389247222222
 30
0.0
 10
492.1388288888888
 20
157.1384052777778
 30
0.0
 10
494.4876233333332
 20
159.4879052777778
 30
0.0
 10
497.3878094444444
 20
159.4879052777778
 30
0.0
 10
500.2879955555555
 20
159.4879052777778
 30
0.0
 10
502.6374955555555
 20
157.1384052777778
 30
0.0
 10
502.6374955555555
 20
154.2389247222222
 30
0.0
  0
SPLINE
  5
1EB
330
1F
100
AcDbEntity
  8
DEFAULT
 62
     1
100
AcDbSpline
210
0.0
220
0.0
230
1.0
 70
    11
 71
     3
 72
    92
 73
    88
 74
     0
 42
0.000000001
 43
0.0000000001
 40
1.0
 40
1.0
 40
1.0
 40
1.0
 40
2.0
 40
2.0
 40
2.0
 40
18.58500000000004
 40
18.58500000000004
 40
18.58500000000004
 40
27.08400000000006
 40
27.08400000000006
 40
27.08400000000006
 40
44.94499999999994
 40
44.94499999999994
 40
44.94499999999994
 40
53.44399999999996
 40
53.44399999999996
 40
53.44399999999996
 40
69.59199999999987
 40
69.59199999999987
 40
69.59199999999987
 40
78.0909999999999
 40
78.0909999999999
 40
78.0909999999999
 40
95.95299999999997
 40
95.95299999999997
 40
95.95299999999997
 40
104.452
 40
104.452
 40
104.452
 40
120.6100000000001
 40
120.6100000000001
 40
120.6100000000001
 40
129.1090000000002
 40
129.1090000000002
 40
129.1090000000002
 40
146.97
 40
146.97
 40
146.97
 40
155.4690000000001
 40
155.4690000000001
 40
155.4690000000001
 40
172.0430000000001
 40
172.0430000000001
 40
172.0430000000001
 40
194.3240000000001
 40
194.3240000000001
 40
194.3240000000001
 40
202.8240000000001
 40
202.8240000000001
 40
202.8240000000001
 40
233.6040000000001
 40
233.6040000000001
 40
233.6040000000001
 40
242.1040000000001
 40
242.1040000000001
 40
242.1040000000001
 40
272.8730000000001
 40
272.8730000000001
 40
272.8730000000001
 40
281.3730000000001
 40
281.3730000000001
 40
281.3730000000001
 40
312.1550000000001
 40
312.1550000000001
 40
312.1550000000001
 40
320.6550000000001
 40
320.6550000000001
 40
320.6550000000001
 40
351.4340000000001
 40
351.4340000000001
 40
351.4340000000001
 40
359.9340000000001
 40
359.9340000000001
 40
359.9340000000001
 40
390.7040000000001
 40
390.7040000000001
 40
390.7040000000001
 40
399.2040000000001
 40
399.2040000000001
 40
399.2040000000001
 40
429.9830000000001
 40
429.9830000000001
 40
429.9830000000001
 40
549.0320000000002
 40
549.0320000000002
 40
549.0320000000002
 40
550.0320000000002
 40
550.0320000000002
 40
550.0320000000002
 40
550.0320000000002
 10
470.7111066666666
 20
151.5613766666667
 30
0.0
 10
470.7111066666666
 20
128.3447183333333
 30
0.0
 10
481.7107177777777
 20
116.5619405555555
 30
0.0
 10
481.7107177777777
 20
95.48664333333332
 30
0.0
 10
483.6609909259259
 20
95.48664333333333
 30
0.0
 10
485.611264074074
 20
95.48664333333333
 30
0.0
 10
487.5615372222222
 20
95.48664333333332
 30
0.0
 10
487.5615372222222
 20
94.48722388888886
 30
0.0
 10
487.5615372222222
 20
93.48780444444442
 30
0.0
 10
487.5615372222222
 20
92.48838499999998
 30
0.0
 10
489.6618585185185
 20
92.48838499999998
 30
0.0
 10
491.7621798148148
 20
92.48838499999998
 30
0.0
 10
493.862501111111
 20
92.48838499999998
 30
0.0
 10
493.862501111111
 20
93.48780444444442
 30
0.0
 10
493.862501111111
 20
94.48722388888886
 30
0.0
 10
493.862501111111
 20
95.48664333333332
 30
0.0
 10
495.7613862962962
 20
95.48664333333333
 30
0.0
 10
497.6602714814814
 20
95.48664333333333
 30
0.0
 10
499.5591566666666
 20
95.48664333333332
 30
0.0
 10
499.5591566666665
 20
94.48722388888886
 30
0.0
 10
499.5591566666665
 20
93.48780444444442
 30
0.0
 10
499.5591566666666
 20
92.48838499999998
 30
0.0
 10
501.6595955555555
 20
92.48838499999998
 30
0.0
 10
503.7600344444443
 20
92.48838499999998
 30
0.0
 10
505.8604733333332
 20
92.48838499999998
 30
0.0
 10
505.8604733333332
 20
93.48780444444442
 30
0.0
 10
505.8604733333332
 20
94.48722388888886
 30
0.0
 10
505.8604733333332
 20
95.48664333333332
 30
0.0
 10
507.7605344444444
 20
95.48664333333333
 30
0.0
 10
509.6605955555555
 20
95.48664333333333
 30
0.0
 10
511.5606566666666
 20
95.48664333333332
 30
0.0
 10
511.5606566666666
 20
94.48722388888886
 30
0.0
 10
511.5606566666666
 20
93.48780444444442
 30
0.0
 10
511.5606566666666
 20
92.48838499999998
 30
0.0
 10
513.6609779629629
 20
92.48838499999998
 30
0.0
 10
515.7612992592591
 20
92.48838499999998
 30
0.0
 10
517.8616205555554
 20
92.48838499999998
 30
0.0
 10
517.8616205555554
 20
93.48780444444442
 30
0.0
 10
517.8616205555554
 20
94.48722388888886
 30
0.0
 10
517.8616205555554
 20
95.48664333333332
 30
0.0
 10
519.8106001851851
 20
95.48664333333333
 30
0.0
 10
521.7595798148146
 20
95.48664333333333
 30
0.0
 10
523.7085594444444
 20
95.48664333333332
 30
0.0
 10
523.7085594444444
 20
98.10672388888888
 30
0.0
 10
523.7085594444444
 20
100.7268044444444
 30
0.0
 10
523.7085594444444
 20
103.346885
 30
0.0
 10
522.7090224074074
 20
103.346885
 30
0.0
 10
521.7094853703703
 20
103.346885
 30
0.0
 10
520.7099483333333
 20
103.346885
 30
0.0
 10
520.7099483333333
 20
106.966385
 30
0.0
 10
520.7099483333333
 20
110.585885
 30
0.0
 10
520.7099483333333
 20
114.205385
 30
0.0
 10
521.7094853703703
 20
114.205385
 30
0.0
 10
522.7090224074074
 20
114.205385
 30
0.0
 10
523.7085594444444
 20
114.205385
 30
0.0
 10
523.7085594444444
 20
117.8235914814815
 30
0.0
 10
523.7085594444444
 20
121.4417979629629
 30
0.0
 10
523.7085594444444
 20
125.0600044444444
 30
0.0
 10
522.7090224074074
 20
125.0600044444444
 30
0.0
 10
521.7094853703703
 20
125.0600044444444
 30
0.0
 10
520.7099483333333
 20
125.0600044444444
 30
0.0
 10
520.7099483333333
 20
128.6797396296296
 30
0.0
 10
520.7099483333333
 20
132.2994748148148
 30
0.0
 10
520.7099483333333
 20
135.91921
 30
0.0
 10
521.7094853703703
 20
135.91921
 30
0.0
 10
522.7090224074074
 20
135.91921
 30
0.0
 10
523.7085594444444
 20
135.91921
 30
0.0
 10
523.7085594444444
 20
139.5385924074074
 30
0.0
 10
523.7085594444444
 20
143.1579748148148
 30
0.0
 10
523.7085594444444
 20
146.7773572222222
 30
0.0
 10
522.7090224074074
 20
146.7773572222222
 30
0.0
 10
521.7094853703703
 20
146.7773572222222
 30
0.0
 10
520.7099483333333
 20
146.7773572222222
 30
0.0
 10
520.7099483333333
 20
150.3956812962963
 30
0.0
 10
520.7099483333333
 20
154.0140053703703
 30
0.0
 10
520.7099483333333
 20
157.6323294444444
 30
0.0
 10
521.7094853703703
 20
157.6323294444444
 30
0.0
 10
522.7090224074074
 20
157.6323294444444
 30
0.0
 10
523.7085594444444
 20
157.6323294444444
 30
0.0
 10
523.7085594444444
 20
161.2517118518518
 30
0.0
 10
523.7085594444444
 20
164.8710942592593
 30
0.0
 10
523.7085594444444
 20
168.4904766666666
 30
0.0
 10
509.7092788888888
 20
168.4904766666666
 30
0.0
 10
495.7099983333333
 20
168.4904766666666
 30
0.0
 10
481.7107177777777
 20
168.4904766666666
 30
0.0
 10
475.9607927777777
 20
168.4904766666666
 30
0.0
 10
470.7111066666666
 20
162.11296
 30
0.0
 10
470.7111066666666
 20
151.5613766666667
 30
0.0
  0
SPLINE
  5
1EC
330
1F
100
AcDbEntity
  8
DEFAULT
 62
     1
100
AcDbSpline
210
0.0
220
0.0
230
1.0
 70
    11
 71
     3
 72
    17
 73
    13
 74
     0
 42
0.000000001
 43
0.0000000001
 40
0.0
 40
0.0
 40
0.0
 40
0.0
 40
1.0
 40
1.0
 40
1.0
 40
2.0
 40
2.0
 40
2.0
 40
3.0
 40
3.0
 40
3.0
 40
4.0
 40
4.0
 40
4.0
 40
4.0
 10
541.2959427777778
 20
193.2218922222222
 30
0.0
 10
541.2959427777778
 20
196.1217255555555
 30
0.0
 10
543.6457955555555
 20
198.4712255555555
 30
0.0
 10
546.5456288888889
 20
198.4712255555555
 30
0.0
 10
549.4454622222222
 20
198.4712255555555
 30
0.0
 10
551.7949622222221
 20
196.1217255555555
 30
0.0
 10
551.7949622222221
 20
193.2218922222222
 30
0.0
 10
551.7949622222221
 20
190.3220588888888
 30
0.0
 10
549.4454622222222
 20
187.9725588888889
 30
0.0
 10
546.5456288888889
 20
187.9725588888889
 30
0.0
 10
543.6457955555555
 20
187.9725588888889
 30
0.0
 10
541.2959427777778
 20
190.3220588888888
 30
0.0
 10
541.2959427777778
 20
193.2218922222222
 30
0.0
  0
SPLINE
  5
1ED
330
1F
100
AcDbEntity
  8
DEFAULT
 62
     1
100
AcDbSpline
210
0.0
220
0.0
230
1.0
 70
    11
 71
     3
 72
   104
 73
   100
 74
     0
 42
0.000000001
 43
0.0000000001
 40
8.5
 40
8.5
 40
8.5
 40
8.5
 40
48.14300000000003
 40
48.14300000000003
 40
48.14300000000003
 40
56.64300000000003
 40
56.64300000000003
 40
56.64300000000003
 40
97.99000000000001
 40
97.99000000000001
 40
97.99000000000001
 40
106.49
 40
106.49
 40
106.49
 40
146.551
 40
146.551
 40
146.551
 40
279.78
 40
279.78
 40
279.78
 40
280.78
 40
280.78
 40
280.78
 40
317.2210000000001
 40
317.2210000000001
 40
317.2210000000001
 40
325.7210000000001
 40
325.7210000000001
 40
325.7210000000001
 40
362.17
 40
362.17
 40
362.17
 40
370.67
 40
370.67
 40
370.67
 40
407.1100000000001
 40
407.1100000000001
 40
407.1100000000001
 40
415.6100000000001
 40
415.6100000000001
 40
415.6100000000001
 40
452.061
 40
452.061
 40
452.061
 40
460.561
 40
460.561
 40
460.561
 40
496.431
 40
496.431
 40
496.431
 40
522.751
 40
522.751
 40
522.751
 40
531.251
 40
531.251
 40
531.251
 40
557.5710000000001
 40
557.5710000000001
 40
557.5710000000001
 40
566.0710000000001
 40
566.0710000000001
 40
566.0710000000001
 40
592.3910000000001
 40
592.3910000000001
 40
592.3910000000001
 40
600.8910000000001
 40
600.8910000000001
 40
600.8910000000001
 40
627.221
 40
627.221
 40
627.221
 40
635.721
 40
635.721
 40
635.721
 40
662.04
 40
662.04
 40
662.04
 40
670.54
 40
670.54
 40
670.54
 40
696.8610000000001
 40
696.8610000000001
 40
696.8610000000001
 40
705.3610000000001
 40
705.3610000000001
 40
705.3610000000001
 40
723.181
 40
723.181
 40
723.181
 40
770.783
 40
770.783
 40
770.783
 40
779.283
 40
779.283
 40
779.283
 40
820.63
 40
820.63
 40
820.63
 40
829.13
 40
829.13
 40
829.13
 40
829.13
 10
495.7948413888889
 20
212.6039972222222
 30
0.0
 10
495.7948413888889
 20
207.942274074074
 30
0.0
 10
495.7948413888889
 20
203.2805509259259
 30
0.0
 10
495.7948413888889
 20
198.6188277777777
 30
0.0
 10
494.7953043518519
 20
198.6188277777777
 30
0.0
 10
493.7957673148148
 20
198.6188277777777
 30
0.0
 10
492.7962302777778
 20
198.6188277777777
 30
0.0
 10
492.7962302777778
 20
193.7567268518518
 30
0.0
 10
492.7962302777778
 20
188.8946259259259
 30
0.0
 10
492.7962302777778
 20
184.032525
 30
0.0
 10
493.7957673148148
 20
184.032525
 30
0.0
 10
494.7953043518519
 20
184.032525
 30
0.0
 10
495.7948413888889
 20
184.032525
 30
0.0
 10
495.7948413888889
 20
179.3216481481481
 30
0.0
 10
495.7948413888889
 20
174.6107712962963
 30
0.0
 10
495.7948413888889
 20
169.8998944444444
 30
0.0
 10
511.4615849074074
 20
169.8998944444444
 30
0.0
 10
527.1283284259258
 20
169.8998944444444
 30
0.0
 10
542.7950719444444
 20
169.8998944444444
 30
0.0
 10
551.0892302777778
 20
169.8998944444444
 30
0.0
 10
557.7955358333334
 20
174.3727638888889
 30
0.0
 10
557.7955358333334
 20
179.9007916666667
 30
0.0
 10
557.7955358333334
 20
184.1859833333333
 30
0.0
 10
557.7955358333334
 20
188.471175
 30
0.0
 10
557.7955358333334
 20
192.7563666666667
 30
0.0
 10
556.7959987962963
 20
192.7563666666667
 30
0.0
 10
555.7964617592593
 20
192.7563666666667
 30
0.0
 10
554.7969247222222
 20
192.7563666666667
 30
0.0
 10
554.7969247222222
 20
197.0424990740741
 30
0.0
 10
554.7969247222222
 20
201.3286314814815
 30
0.0
 10
554.7969247222222
 20
205.6147638888889
 30
0.0
 10
555.7964617592593
 20
205.6147638888889
 30
0.0
 10
556.7959987962963
 20
205.6147638888889
 30
0.0
 10
557.7955358333334
 20
205.6147638888889
 30
0.0
 10
557.7955358333334
 20
209.8998379629629
 30
0.0
 10
557.7955358333334
 20
214.184912037037
 30
0.0
 10
557.7955358333334
 20
218.4699861111111
 30
0.0
 10
556.7959987962963
 20
218.4699861111111
 30
0.0
 10
555.7964617592593
 20
218.4699861111111
 30
0.0
 10
554.7969247222222
 20
218.4699861111111
 30
0.0
 10
554.7969247222222
 20
222.7563537037037
 30
0.0
 10
554.7969247222222
 20
227.0427212962963
 30
0.0
 10
554.7969247222222
 20
231.3290888888889
 30
0.0
 10
555.7964617592593
 20
231.3290888888888
 30
0.0
 10
556.7959987962963
 20
231.3290888888888
 30
0.0
 10
557.7955358333334
 20
231.3290888888889
 30
0.0
 10
557.7955358333334
 20
235.5471351851852
 30
0.0
 10
557.7955358333334
 20
239.7651814814815
 30
0.0
 10
557.7955358333334
 20
243.9832277777778
 30
0.0
 10
554.7004987962963
 20
243.9832277777778
 30
0.0
 10
551.6054617592591
 20
243.9832277777778
 30
0.0
 10
548.5104247222222
 20
243.9832277777778
 30
0.0
 10
548.5104247222222
 20
242.9836907407407
 30
0.0
 10
548.5104247222222
 20
241.9841537037037
 30
0.0
 10
548.5104247222222
 20
240.9846166666667
 30
0.0
 10
545.4153876851851
 20
240.9846166666667
 30
0.0
 10
542.3203506481481
 20
240.9846166666667
 30
0.0
 10
539.225313611111
 20
240.9846166666667
 30
0.0
 10
539.225313611111
 20
241.9841537037037
 30
0.0
 10
539.225313611111
 20
242.9836907407407
 30
0.0
 10
539.225313611111
 20
243.9832277777778
 30
0.0
 10
536.130276574074
 20
243.9832277777778
 30
0.0
 10
533.035239537037
 20
243.9832277777778
 30
0.0
 10
529.9402024999999
 20
243.9832277777778
 30
0.0
 10
529.9402024999999
 20
242.9836907407407
 30
0.0
 10
529.9402024999999
 20
241.9841537037037
 30
0.0
 10
529.9402024999999
 20
240.9846166666667
 30
0.0
 10
526.843989537037
 20
240.9846166666667
 30
0.0
 10
523.747776574074
 20
240.9846166666667
 30
0.0
 10
520.6515636111111
 20
240.9846166666667
 30
0.0
 10
520.6515636111111
 20
241.9841537037037
 30
0.0
 10
520.6515636111111
 20
242.9836907407407
 30
0.0
 10
520.6515636111111
 20
243.9832277777778
 30
0.0
 10
517.5566441666666
 20
243.9832277777778
 30
0.0
 10
514.4617247222222
 20
243.9832277777778
 30
0.0
 10
511.3668052777778
 20
243.9832277777778
 30
0.0
 10
511.3668052777778
 20
242.9836907407407
 30
0.0
 10
511.3668052777778
 20
241.9841537037037
 30
0.0
 10
511.3668052777778
 20
240.9846166666667
 30
0.0
 10
508.2716506481481
 20
240.9846166666667
 30
0.0
 10
505.1764960185185
 20
240.9846166666667
 30
0.0
 10
502.0813413888889
 20
240.9846166666667
 30
0.0
 10
502.0813413888889
 20
241.9841537037037
 30
0.0
 10
502.0813413888889
 20
242.9836907407407
 30
0.0
 10
502.0813413888889
 20
243.9832277777778
 30
0.0
 10
499.9858413888889
 20
243.9832277777778
 30
0.0
 10
497.8903413888888
 20
243.9832277777778
 30
0.0
 10
495.7948413888889
 20
243.9832277777778
 30
0.0
 10
495.7948413888889
 20
238.3855851851852
 30
0.0
 10
495.7948413888889
 20
232.7879425925926
 30
0.0
 10
495.7948413888889
 20
227.1903
 30
0.0
 10
494.7953043518519
 20
227.1903
 30
0.0
 10
493.7957673148148
 20
227.1903
 30
0.0
 10
492.7962302777778
 20
227.1903
 30
0.0
 10
492.7962302777778
 20
222.3281990740741
 30
0.0
 10
492.7962302777778
 20
217.4660981481481
 30
0.0
 10
492.7962302777778
 20
212.6039972222222
 30
0.0
 10
493.7957673148148
 20
212.6039972222222
 30
0.0
 10
494.7953043518519
 20
212.6039972222222
 30
0.0
 10
495.7948413888889
 20
212.6039972222222
 30
0.0
  0
SPLINE
  5
1EE
330
1F
100
AcDbEntity
  8
DEFAULT
 62
     1
100
AcDbSpline
210
0.0
220
0.0
230
1.0
 70
    11
 71
     3
 72
    17
 73
    13
 74
     0
 42
0.000000001
 43
0.0000000001
 40
0.0
 40
0.0
 40
0.0
 40
0.0
 40
1.0
 40
1.0
 40
1.0
 40
2.0
 40
2.0
 40
2.0
 40
3.0
 40
3.0
 40
3.0
 40
4.0
 40
4.0
 40
4.0
 40
4.0
 10
357.1111588888888
 20
187.9726294444444
 30
0.0
 10
354.2113255555555
 20
187.9726294444444
 30
0.0
 10
351.8618255555555
 20
190.3221294444444
 30
0.0
 10
351.8618255555555
 20
193.2219627777777
 30
0.0
 10
351.8618255555555
 20
196.1217961111111
 30
0.0
 10
354.2113255555555
 20
198.4712961111111
 30
0.0
 10
357.1111588888888
 20
198.4712961111111
 30
0.0
 10
360.0109922222222
 20
198.4712961111111
 30
0.0
 10
362.3604922222222
 20
196.1217961111111
 30
0.0
 10
362.3604922222222
 20
193.2219627777777
 30
0.0
 10
362.3604922222222
 20
190.3221294444444
 30
0.0
 10
360.0109922222222
 20
187.9726294444444
 30
0.0
 10
357.1111588888888
 20
187.9726294444444
 30
0.0
  0
SPLINE
  5
1EF
330
1F
100
AcDbEntity
  8
DEFAULT
 62
     1
100
AcDbSpline
210
0.0
220
0.0
230
1.0
 70
    11
 71
     3
 72
   104
 73
   100
 74
     0
 42
0.000000001
 43
0.0000000001
 40
8.5
 40
8.5
 40
8.5
 40
8.5
 40
49.84699999999998
 40
49.84699999999998
 40
49.84699999999998
 40
58.34699999999998
 40
58.34699999999998
 40
58.34699999999998
 40
105.949
 40
105.949
 40
105.949
 40
123.7689999999999
 40
123.7689999999999
 40
123.7689999999999
 40
132.2689999999999
 40
132.2689999999999
 40
132.2689999999999
 40
158.59
 40
158.59
 40
158.59
 40
167.09
 40
167.09
 40
167.09
 40
193.409
 40
193.409
 40
193.409
 40
201.909
 40
201.909
 40
201.909
 40
228.2389999999999
 40
228.2389999999999
 40
228.2389999999999
 40
236.7389999999999
 40
236.7389999999999
 40
236.7389999999999
 40
263.0590000000001
 40
263.0590000000001
 40
263.0590000000001
 40
271.5590000000001
 40
271.5590000000001
 40
271.5590000000001
 40
297.88
 40
297.88
 40
297.88
 40
306.38
 40
306.38
 40
306.38
 40
332.699
 40
332.699
 40
332.699
 40
368.569
 40
368.569
 40
368.569
 40
377.069
 40
377.069
 40
377.069
 40
413.5199999999999
 40
413.5199999999999
 40
413.5199999999999
 40
422.0199999999999
 40
422.0199999999999
 40
422.0199999999999
 40
458.4599999999999
 40
458.4599999999999
 40
458.4599999999999
 40
466.9599999999999
 40
466.9599999999999
 40
466.9599999999999
 40
503.4089999999999
 40
503.4089999999999
 40
503.4089999999999
 40
511.9089999999999
 40
511.9089999999999
 40
511.9089999999999
 40
548.3499999999999
 40
548.3499999999999
 40
548.3499999999999
 40
549.3499999999999
 40
549.3499999999999
 40
549.3499999999999
 40
682.5799999999999
 40
682.5799999999999
 40
682.5799999999999
 40
722.6409999999998
 40
722.6409999999998
 40
722.6409999999998
 40
731.1409999999998
 40
731.1409999999998
 40
731.1409999999998
 40
772.4879999999998
 40
772.4879999999998
 40
772.4879999999998
 40
780.9879999999998
 40
780.9879999999998
 40
780.9879999999998
 40
820.6309999999999
 40
820.6309999999999
 40
820.6309999999999
 40
829.1309999999999
 40
829.1309999999999
 40
829.1309999999999
 40
829.1309999999999
 10
410.8604869444444
 20
212.6039972222222
 30
0.0
 10
410.8604869444444
 20
217.4660981481481
 30
0.0
 10
410.8604869444444
 20
222.3281990740741
 30
0.0
 10
410.8604869444444
 20
227.1903
 30
0.0
 10
409.8609499074074
 20
227.1903
 30
0.0
 10
408.8614128703704
 20
227.1903
 30
0.0
 10
407.8618758333334
 20
227.1903
 30
0.0
 10
407.8618758333334
 20
232.7879425925926
 30
0.0
 10
407.8618758333334
 20
238.3855851851852
 30
0.0
 10
407.8618758333334
 20
243.9832277777778
 30
0.0
 10
405.7663758333333
 20
243.9832277777778
 30
0.0
 10
403.6708758333334
 20
243.9832277777778
 30
0.0
 10
401.5753758333333
 20
243.9832277777778
 30
0.0
 10
401.5753758333333
 20
242.9836907407407
 30
0.0
 10
401.5753758333333
 20
241.9841537037037
 30
0.0
 10
401.5753758333333
 20
240.9846166666667
 30
0.0
 10
398.4802212037036
 20
240.9846166666667
 30
0.0
 10
395.385066574074
 20
240.9846166666667
 30
0.0
 10
392.2899119444444
 20
240.9846166666667
 30
0.0
 10
392.2899119444444
 20
241.9841537037037
 30
0.0
 10
392.2899119444444
 20
242.9836907407407
 30
0.0
 10
392.2899119444444
 20
243.9832277777778
 30
0.0
 10
389.1949925
 20
243.9832277777778
 30
0.0
 10
386.1000730555556
 20
243.9832277777778
 30
0.0
 10
383.0051536111111
 20
243.9832277777778
 30
0.0
 10
383.0051536111111
 20
242.9836907407407
 30
0.0
 10
383.0051536111111
 20
241.9841537037037
 30
0.0
 10
383.0051536111111
 20
240.9846166666667
 30
0.0
 10
379.9089406481482
 20
240.9846166666667
 30
0.0
 10
376.8127276851852
 20
240.9846166666667
 30
0.0
 10
373.7165147222222
 20
240.9846166666667
 30
0.0
 10
373.7165147222222
 20
241.9841537037037
 30
0.0
 10
373.7165147222222
 20
242.9836907407407
 30
0.0
 10
373.7165147222222
 20
243.9832277777778
 30
0.0
 10
370.6214776851851
 20
243.9832277777778
 30
0.0
 10
367.5264406481481
 20
243.9832277777778
 30
0.0
 10
364.4314036111111
 20
243.9832277777778
 30
0.0
 10
364.4314036111111
 20
242.9836907407407
 30
0.0
 10
364.4314036111111
 20
241.9841537037037
 30
0.0
 10
364.4314036111111
 20
240.9846166666667
 30
0.0
 10
361.3362489814814
 20
240.9846166666667
 30
0.0
 10
358.2410943518518
 20
240.9846166666667
 30
0.0
 10
355.1459397222222
 20
240.9846166666667
 30
0.0
 10
355.1459397222222
 20
241.9841537037037
 30
0.0
 10
355.1459397222222
 20
242.9836907407407
 30
0.0
 10
355.1459397222222
 20
243.9832277777778
 30
0.0
 10
352.0510202777778
 20
243.9832277777778
 30
0.0
 10
348.9561008333333
 20
243.9832277777778
 30
0.0
 10
345.861181388889
 20
243.9832277777778
 30
0.0
 10
345.861181388889
 20
239.7651814814815
 30
0.0
 10
345.861181388889
 20
235.5471351851852
 30
0.0
 10
345.861181388889
 20
231.3290888888888
 30
0.0
 10
346.860718425926
 20
231.3290888888888
 30
0.0
 10
347.860255462963
 20
231.3290888888888
 30
0.0
 10
348.8597925
 20
231.3290888888888
 30
0.0
 10
348.8597925
 20
227.0427212962963
 30
0.0
 10
348.8597925
 20
222.7563537037037
 30
0.0
 10
348.8597925
 20
218.4699861111111
 30
0.0
 10
347.8602554629629
 20
218.4699861111111
 30
0.0
 10
346.860718425926
 20
218.4699861111111
 30
0.0
 10
345.861181388889
 20
218.4699861111111
 30
0.0
 10
345.861181388889
 20
214.184912037037
 30
0.0
 10
345.861181388889
 20
209.8998379629629
 30
0.0
 10
345.861181388889
 20
205.6147638888889
 30
0.0
 10
346.860718425926
 20
205.6147638888889
 30
0.0
 10
347.860255462963
 20
205.6147638888889
 30
0.0
 10
348.8597925
 20
205.6147638888889
 30
0.0
 10
348.8597925
 20
201.3286314814815
 30
0.0
 10
348.8597925
 20
197.0424990740741
 30
0.0
 10
348.8597925
 20
192.7563666666667
 30
0.0
 10
347.8602554629629
 20
192.7563666666667
 30
0.0
 10
346.860718425926
 20
192.7563666666667
 30
0.0
 10
345.861181388889
 20
192.7563666666667
 30
0.0
 10
345.861181388889
 20
188.471175
 30
0.0
 10
345.861181388889
 20
184.1859833333333
 30
0.0
 10
345.8611813888889
 20
179.9007916666667
 30
0.0
 10
345.8611813888889
 20
174.3727638888889
 30
0.0
 10
352.5674869444444
 20
169.8998944444444
 30
0.0
 10
360.8612925
 20
169.8998944444444
 30
0.0
 10
376.5281536111111
 20
169.8998944444444
 30
0.0
 10
392.1950147222222
 20
169.8998944444444
 30
0.0
 10
407.8618758333333
 20
169.8998944444444
 30
0.0
 10
407.8618758333334
 20
174.6107712962963
 30
0.0
 10
407.8618758333334
 20
179.3216481481481
 30
0.0
 10
407.8618758333333
 20
184.032525
 30
0.0
 10
408.8614128703704
 20
184.032525
 30
0.0
 10
409.8609499074075
 20
184.032525
 30
0.0
 10
410.8604869444444
 20
184.032525
 30
0.0
 10
410.8604869444444
 20
188.8946259259259
 30
0.0
 10
410.8604869444444
 20
193.7567268518518
 30
0.0
 10
410.8604869444444
 20
198.6188277777778
 30
0.0
 10
409.8609499074074
 20
198.6188277777777
 30
0.0
 10
408.8614128703704
 20
198.6188277777777
 30
0.0
 10
407.8618758333333
 20
198.6188277777778
 30
0.0
 10
407.8618758333334
 20
203.2805509259259
 30
0.0
 10
407.8618758333334
 20
207.942274074074
 30
0.0
 10
407.8618758333333
 20
212.6039972222222
 30
0.0
 10
408.8614128703704
 20
212.6039972222222
 30
0.0
 10
409.8609499074075
 20
212.6039972222222
 30
0.0
 10
410.8604869444444
 20
212.6039972222222
 30
0.0
  0
POLYLINE
  5
1F0
330
1F
100
AcDbEntity
  8
DEFAULT
 62
     1
100
AcDb2dPolyline
 66
     1
 10
0.0
 20
0.0
 30
0.0
 70
     1
  0
VERTEX
  5
1F1
330
1F0
100
AcDbEntity
  8
DEFAULT
 62
     1
100
AcDbVertex
100
AcDb2dVertex
 10
416.8612722222222
 20
35.77378333333333
 30
0.0
  0
VERTEX
  5
1F2
330
1F0
100
AcDbEntity
  8
DEFAULT
 62
     1
100
AcDbVertex
100
AcDb2dVertex
 10
354.8605777777777
 20
35.77378333333333
 30
0.0
  0
VERTEX
  5
1F3
330
1F0
100
AcDbEntity
  8
DEFAULT
 62
     1
100
AcDbVertex
100
AcDb2dVertex
 10
354.8605777777777
 20
82.77083888888889
 30
0.0
  0
VERTEX
  5
1F4
330
1F0
100
AcDbEntity
  8
DEFAULT
 62
     1
100
AcDbVertex
100
AcDb2dVertex
 10
416.8612722222222
 20
82.77083888888889
 30
0.0
  0
SEQEND
  5
1F5
330
1F0
100
AcDbEntity
  8
DEFAULT
 62
     1
  0
POLYLINE
  5
1F6
330
1F
100
AcDbEntity
  8
DEFAULT
 62
     1
100
AcDb2dPolyline
 66
     1
 10
0.0
 20
0.0
 30
0.0
 70
     1
  0
VERTEX
  5
1F7
330
1F6
100
AcDbEntity
  8
DEFAULT
 62
     1
100
AcDbVertex
100
AcDb2dVertex
 10
368.8692422222222
 20
91.7738336111111
 30
0.0
  0
VERTEX
  5
1F8
330
1F6
100
AcDbEntity
  8
DEFAULT
 62
     1
100
AcDbVertex
100
AcDb2dVertex
 10
357.139381111111
 20
91.7738336111111
 30
0.0
  0
VERTEX
  5
1F9
330
1F6
100
AcDbEntity
  8
DEFAULT
 62
     1
100
AcDbVertex
100
AcDb2dVertex
 10
357.139381111111
 20
88.77522249999998
 30
0.0
  0
VERTEX
  5
1FA
330
1F6
100
AcDbEntity
  8
DEFAULT
 62
     1
100
AcDbVertex
100
AcDb2dVertex
 10
348.8596866666666
 20
88.77522249999998
 30
0.0
  0
VERTEX
  5
1FB
330
1F6
100
AcDbEntity
  8
DEFAULT
 62
     1
100
AcDbVertex
100
AcDb2dVertex
 10
348.8596866666666
 20
82.63688916666666
 30
0.0
  0
VERTEX
  5
1FC
330
1F6
100
AcDbEntity
  8
DEFAULT
 62
     1
100
AcDbVertex
100
AcDb2dVertex
 10
345.8610755555555
 20
82.63688916666666
 30
0.0
  0
VERTEX
  5
1FD
330
1F6
100
AcDbEntity
  8
DEFAULT
 62
     1
100
AcDbVertex
100
AcDb2dVertex
 10
345.8610755555555
 20
73.05191694444444
 30
0.0
  0
VERTEX
  5
1FE
330
1F6
100
AcDbEntity
  8
DEFAULT
 62
     1
100
AcDbVertex
100
AcDb2dVertex
 10
348.8596866666666
 20
73.05191694444444
 30
0.0
  0
VERTEX
  5
1FF
330
1F6
100
AcDbEntity
  8
DEFAULT
 62
     1
100
AcDbVertex
100
AcDb2dVertex
 10
348.8596866666666
 20
64.06666694444444
 30
0.0
  0
VERTEX
  5
200
330
1F6
100
AcDbEntity
  8
DEFAULT
 62
     1
100
AcDbVertex
100
AcDb2dVertex
 10
345.8610755555555
 20
64.06666694444444
 30
0.0
  0
VERTEX
  5
201
330
1F6
100
AcDbEntity
  8
DEFAULT
 62
     1
100
AcDbVertex
100
AcDb2dVertex
 10
345.8610755555555
 20
54.48169472222222
 30
0.0
  0
VERTEX
  5
202
330
1F6
100
AcDbEntity
  8
DEFAULT
 62
     1
100
AcDbVertex
100
AcDb2dVertex
 10
348.8596866666666
 20
54.48169472222222
 30
0.0
  0
VERTEX
  5
203
330
1F6
100
AcDbEntity
  8
DEFAULT
 62
     1
100
AcDbVertex
100
AcDb2dVertex
 10
348.8596866666666
 20
45.49609194444444
 30
0.0
  0
VERTEX
  5
204
330
1F6
100
AcDbEntity
  8
DEFAULT
 62
     1
100
AcDbVertex
100
AcDb2dVertex
 10
345.8610755555555
 20
45.49609194444444
 30
0.0
  0
VERTEX
  5
205
330
1F6
100
AcDbEntity
  8
DEFAULT
 62
     1
100
AcDbVertex
100
AcDb2dVertex
 10
345.8610755555555
 20
35.91111972222222
 30
0.0
  0
VERTEX
  5
206
330
1F6
100
AcDbEntity
  8
DEFAULT
 62
     1
100
AcDbVertex
100
AcDb2dVertex
 10
348.8596866666666
 20
35.91111972222222
 30
0.0
  0
VERTEX
  5
207
330
1F6
100
AcDbEntity
  8
DEFAULT
 62
     1
100
AcDbVertex
100
AcDb2dVertex
 10
348.8596866666666
 20
29.77313916666666
 30
0.0
  0
VERTEX
  5
208
330
1F6
100
AcDbEntity
  8
DEFAULT
 62
     1
100
AcDbVertex
100
AcDb2dVertex
 10
357.1429088888888
 20
29.77313916666666
 30
0.0
  0
VERTEX
  5
209
330
1F6
100
AcDbEntity
  8
DEFAULT
 62
     1
100
AcDbVertex
100
AcDb2dVertex
 10
357.1429088888888
 20
26.77452805555555
 30
0.0
  0
VERTEX
  5
20A
330
1F6
100
AcDbEntity
  8
DEFAULT
 62
     1
100
AcDbVertex
100
AcDb2dVertex
 10
368.8692422222222
 20
26.77452805555555
 30
0.0
  0
VERTEX
  5
20B
330
1F6
100
AcDbEntity
  8
DEFAULT
 62
     1
100
AcDbVertex
100
AcDb2dVertex
 10
368.8692422222222
 20
29.77313916666666
 30
0.0
  0
VERTEX
  5
20C
330
1F6
100
AcDbEntity
  8
DEFAULT
 62
     1
100
AcDbVertex
100
AcDb2dVertex
 10
379.999381111111
 20
29.77313916666666
 30
0.0
  0
VERTEX
  5
20D
330
1F6
100
AcDbEntity
  8
DEFAULT
 62
     1
100
AcDbVertex
100
AcDb2dVertex
 10
379.999381111111
 20
26.77452805555555
 30
0.0
  0
VERTEX
  5
20E
330
1F6
100
AcDbEntity
  8
DEFAULT
 62
     1
100
AcDbVertex
100
AcDb2dVertex
 10
391.7257144444443
 20
26.77452805555555
 30
0.0
  0
VERTEX
  5
20F
330
1F6
100
AcDbEntity
  8
DEFAULT
 62
     1
100
AcDbVertex
100
AcDb2dVertex
 10
391.7257144444443
 20
29.77313916666666
 30
0.0
  0
VERTEX
  5
210
330
1F6
100
AcDbEntity
  8
DEFAULT
 62
     1
100
AcDbVertex
100
AcDb2dVertex
 10
402.8558533333332
 20
29.77313916666666
 30
0.0
  0
VERTEX
  5
211
330
1F6
100
AcDbEntity
  8
DEFAULT
 62
     1
100
AcDbVertex
100
AcDb2dVertex
 10
402.8558533333332
 20
26.77452805555555
 30
0.0
  0
VERTEX
  5
212
330
1F6
100
AcDbEntity
  8
DEFAULT
 62
     1
100
AcDbVertex
100
AcDb2dVertex
 10
414.5857144444444
 20
26.77452805555555
 30
0.0
  0
VERTEX
  5
213
330
1F6
100
AcDbEntity
  8
DEFAULT
 62
     1
100
AcDbVertex
100
AcDb2dVertex
 10
414.5857144444444
 20
29.77313916666666
 30
0.0
  0
VERTEX
  5
214
330
1F6
100
AcDbEntity
  8
DEFAULT
 62
     1
100
AcDbVertex
100
AcDb2dVertex
 10
422.861881111111
 20
29.77313916666666
 30
0.0
  0
VERTEX
  5
215
330
1F6
100
AcDbEntity
  8
DEFAULT
 62
     1
100
AcDbVertex
100
AcDb2dVertex
 10
422.861881111111
 20
35.91111972222222
 30
0.0
  0
VERTEX
  5
216
330
1F6
100
AcDbEntity
  8
DEFAULT
 62
     1
100
AcDbVertex
100
AcDb2dVertex
 10
425.8604922222221
 20
35.91111972222222
 30
0.0
  0
VERTEX
  5
217
330
1F6
100
AcDbEntity
  8
DEFAULT
 62
     1
100
AcDbVertex
100
AcDb2dVertex
 10
425.8604922222221
 20
45.49609194444444
 30
0.0
  0
VERTEX
  5
218
330
1F6
100
AcDbEntity
  8
DEFAULT
 62
     1
100
AcDbVertex
100
AcDb2dVertex
 10
422.861881111111
 20
45.49609194444444
 30
0.0
  0
VERTEX
  5
219
330
1F6
100
AcDbEntity
  8
DEFAULT
 62
     1
100
AcDbVertex
100
AcDb2dVertex
 10
422.861881111111
 20
54.48169472222222
 30
0.0
  0
VERTEX
  5
21A
330
1F6
100
AcDbEntity
  8
DEFAULT
 62
     1
100
AcDbVertex
100
AcDb2dVertex
 10
425.8604922222221
 20
54.48169472222222
 30
0.0
  0
VERTEX
  5
21B
330
1F6
100
AcDbEntity
  8
DEFAULT
 62
     1
100
AcDbVertex
100
AcDb2dVertex
 10
425.8604922222221
 20
64.06666694444444
 30
0.0
  0
VERTEX
  5
21C
330
1F6
100
AcDbEntity
  8
DEFAULT
 62
     1
100
AcDbVertex
100
AcDb2dVertex
 10
422.861881111111
 20
64.06666694444444
 30
0.0
  0
VERTEX
  5
21D
330
1F6
100
AcDbEntity
  8
DEFAULT
 62
     1
100
AcDbVertex
100
AcDb2dVertex
 10
422.861881111111
 20
73.05191694444444
 30
0.0
  0
VERTEX
  5
21E
330
1F6
100
AcDbEntity
  8
DEFAULT
 62
     1
100
AcDbVertex
100
AcDb2dVertex
 10
425.8604922222221
 20
73.05191694444444
 30
0.0
  0
VERTEX
  5
21F
330
1F6
100
AcDbEntity
  8
DEFAULT
 62
     1
100
AcDbVertex
100
AcDb2dVertex
 10
425.8604922222221
 20
82.63688916666666
 30
0.0
  0
VERTEX
  5
220
330
1F6
100
AcDbEntity
  8
DEFAULT
 62
     1
100
AcDbVertex
100
AcDb2dVertex
 10
422.861881111111
 20
82.63688916666666
 30
0.0
  0
VERTEX
  5
221
330
1F6
100
AcDbEntity
  8
DEFAULT
 62
     1
100
AcDbVertex
100
AcDb2dVertex
 10
422.861881111111
 20
88.77522249999998
 30
0.0
  0
VERTEX
  5
222
330
1F6
100
AcDbEntity
  8
DEFAULT
 62
     1
100
AcDbVertex
100
AcDb2dVertex
 10
414.5821866666666
 20
88.77522249999998
 30
0.0
  0
VERTEX
  5
223
330
1F6
100
AcDbEntity
  8
DEFAULT
 62
     1
100
AcDbVertex
100
AcDb2dVertex
 10
414.5821866666666
 20
91.7738336111111
 30
0.0
  0
VERTEX
  5
224
330
1F6
100
AcDbEntity
  8
DEFAULT
 62
     1
100
AcDbVertex
100
AcDb2dVertex
 10
402.8558533333332
 20
91.7738336111111
 30
0.0
  0
VERTEX
  5
225
330
1F6
100
AcDbEntity
  8
DEFAULT
 62
     1
100
AcDbVertex
100
AcDb2dVertex
 10
402.8558533333332
 20
88.77522249999998
 30
0.0
  0
VERTEX
  5
226
330
1F6
100
AcDbEntity
  8
DEFAULT
 62
     1
100
AcDbVertex
100
AcDb2dVertex
 10
391.7257144444443
 20
88.77522249999998
 30
0.0
  0
VERTEX
  5
227
330
1F6
100
AcDbEntity
  8
DEFAULT
 62
     1
100
AcDbVertex
100
AcDb2dVertex
 10
391.7257144444443
 20
91.7738336111111
 30
0.0
  0
VERTEX
  5
228
330
1F6
100
AcDbEntity
  8
DEFAULT
 62
     1
100
AcDbVertex
100
AcDb2dVertex
 10
379.999381111111
 20
91.7738336111111
 30
0.0
  0
VERTEX
  5
229
330
1F6
100
AcDbEntity
  8
DEFAULT
 62
     1
100
AcDbVertex
100
AcDb2dVertex
 10
379.999381111111
 20
88.77522249999998
 30
0.0
  0
VERTEX
  5
22A
330
1F6
100
AcDbEntity
  8
DEFAULT
 62
     1
100
AcDbVertex
100
AcDb2dVertex
 10
368.8692422222222
 20
88.77522249999998
 30
0.0
  0
SEQEND
  5
22B
330
1F6
100
AcDbEntity
  8
DEFAULT
 62
     1
  0
SPLINE
  5
22C
330
1F
100
AcDbEntity
  8
DEFAULT
 62
     1
100
AcDbSpline
210
0.0
220
0.0
230
1.0
 70
     8
 71
     3
 72
    77
 73
    73
 74
     0
 42
0.000000001
 43
0.0000000001
 40
0.0
 40
0.0
 40
0.0
 40
0.0
 40
8.500000529411748
 40
8.500000529411748
 40
8.500000529411748
 40
28.34000052941175
 40
28.34000052941175
 40
28.34000052941175
 40
30.61100052941171
 40
30.61100052941171
 40
30.61100052941171
 40
31.61100052941171
 40
31.61100052941171
 40
31.61100052941171
 40
166.4198038769676
 40
166.4198038769676
 40
166.4198038769676
 40
175.4908038769677
 40
175.4908038769677
 40
175.4908038769677
 40
310.2995483151532
 40
310.2995483151532
 40
310.2995483151532
 40
311.2995483151532
 40
311.2995483151532
 40
311.2995483151532
 40
313.5785483151532
 40
313.5785483151532
 40
313.5785483151532
 40
333.4185503564837
 40
333.4185503564837
 40
333.4185503564837
 40
341.9265508853977
 40
341.9265508853977
 40
341.9265508853977
 40
548.8625508853977
 40
548.8625508853977
 40
548.8625508853977
 40
557.3605518267957
 40
557.3605518267957
 40
557.3605518267957
 40
577.1995518267958
 40
577.1995518267958
 40
577.1995518267958
 40
579.4595518267957
 40
579.4595518267957
 40
579.4595518267957
 40
580.4595518267957
 40
580.4595518267957
 40
580.4595518267957
 40
682.3929267782806
 40
682.3929267782806
 40
682.3929267782806
 40
683.3929267782806
 40
683.3929267782806
 40
683.3929267782806
 40
684.3929267782806
 40
684.3929267782806
 40
684.3929267782806
 40
786.3260690333882
 40
786.3260690333882
 40
786.3260690333882
 40
787.3260690333882
 40
787.3260690333882
 40
787.3260690333882
 40
789.6170690333881
 40
789.6170690333881
 40
789.6170690333881
 40
809.4560715536763
 40
809.4560715536763
 40
809.4560715536763
 40
817.9660724937468
 40
817.9660724937468
 40
817.9660724937468
 40
817.9660724937468
 10
599.2593424999999
 20
77.1280525
 30
0.0
 10
598.2598054629628
 20
77.12840527777777
 30
0.0
 10
597.2602684259258
 20
77.12875805555555
 30
0.0
 10
596.2607313888888
 20
77.12911083333333
 30
0.0
 10
596.2607313888888
 20
74.79607379629628
 30
0.0
 10
596.2607313888888
 20
72.46303675925925
 30
0.0
 10
596.2607313888888
 20
70.12999972222222
 30
0.0
 10
596.5277841666666
 20
70.12999972222222
 30
0.0
 10
596.7948369444443
 20
70.12999972222222
 30
0.0
 10
597.0618897222221
 20
70.12999972222222
 30
0.0
 10
597.0618897222221
 20
68.47194416666666
 30
0.0
 10
595.8624452777777
 20
64.61573027777776
 30
0.0
 10
593.2585925
 20
66.07305527777777
 30
0.0
 10
593.1247721296295
 20
81.9250071296296
 30
0.0
 10
592.9909517592591
 20
97.77695898148147
 30
0.0
 10
592.8571313888888
 20
113.6289108333333
 30
0.0
 10
591.7904489814814
 20
113.6289108333333
 30
0.0
 10
590.7237665740739
 20
113.6289108333333
 30
0.0
 10
589.6570841666666
 20
113.6289108333333
 30
0.0
 10
589.5240869444443
 20
97.77695898148146
 30
0.0
 10
589.3910897222221
 20
81.9250071296296
 30
0.0
 10
589.2580925
 20
66.07305527777777
 30
0.0
 10
586.6545924999999
 20
64.61573027777776
 30
0.0
 10
585.4555008333333
 20
68.47194416666666
 30
0.0
 10
585.4555008333333
 20
70.12999972222222
 30
0.0
 10
585.7234943518519
 20
70.12999972222222
 30
0.0
 10
585.9914878703704
 20
70.12999972222222
 30
0.0
 10
586.2594813888888
 20
70.12999972222222
 30
0.0
 10
586.2584230555555
 20
72.46303675925925
 30
0.0
 10
586.2573647222221
 20
74.79607379629628
 30
0.0
 10
586.2563063888888
 20
77.12911083333331
 30
0.0
 10
585.255828611111
 20
77.12875805555554
 30
0.0
 10
584.2553508333332
 20
77.12840527777777
 30
0.0
 10
583.2548730555554
 20
77.1280525
 30
0.0
 10
583.2548730555554
 20
101.4621932407407
 30
0.0
 10
583.2548730555554
 20
125.7963339814815
 30
0.0
 10
583.2548730555554
 20
150.1304747222222
 30
0.0
 10
584.2541749074072
 20
150.1300043518519
 30
0.0
 10
585.2534767592591
 20
150.1295339814815
 30
0.0
 10
586.252778611111
 20
150.1290636111111
 30
0.0
 10
586.252778611111
 20
152.4619830555555
 30
0.0
 10
586.252778611111
 20
154.7949025
 30
0.0
 10
586.252778611111
 20
157.1278219444444
 30
0.0
 10
585.9870193518518
 20
157.1278219444444
 30
0.0
 10
585.7212600925926
 20
157.1278219444444
 30
0.0
 10
585.4555008333333
 20
157.1278219444444
 30
0.0
 10
585.4555008333333
 20
158.7865830555556
 30
0.0
 10
586.6545924999999
 20
162.6424441666666
 30
0.0
 10
589.2549174999999
 20
161.1847663888889
 30
0.0
 10
589.3889730555555
 20
149.1989062037037
 30
0.0
 10
589.523028611111
 20
137.2130460185185
 30
0.0
 10
589.6570841666666
 20
125.2271858333333
 30
0.0
 10
589.6570841666666
 20
124.3452413888889
 30
0.0
 10
590.3763980555555
 20
123.6329830555555
 30
0.0
 10
591.2618702777777
 20
123.6294552777778
 30
0.0
 10
592.1438147222221
 20
123.6294552777778
 30
0.0
 10
592.8603063888888
 20
124.3452413888889
 30
0.0
 10
592.8603063888888
 20
125.2271858333333
 30
0.0
 10
592.9918925
 20
137.2130460185185
 30
0.0
 10
593.1234786111111
 20
149.1989062037037
 30
0.0
 10
593.2550647222222
 20
161.1847663888889
 30
0.0
 10
595.8624452777777
 20
162.6424441666666
 30
0.0
 10
597.0618897222221
 20
158.7865830555556
 30
0.0
 10
597.0618897222221
 20
157.1278219444444
 30
0.0
 10
596.7924850925924
 20
157.1278219444444
 30
0.0
 10
596.5230804629629
 20
157.1278219444444
 30
0.0
 10
596.2536758333332
 20
157.1278219444444
 30
0.0
 10
596.254851759259
 20
154.7949025
 30
0.0
 10
596.256027685185
 20
152.4619830555555
 30
0.0
 10
596.257203611111
 20
150.1290636111111
 30
0.0
 10
597.257916574074
 20
150.1295339814815
 30
0.0
 10
598.258629537037
 20
150.1300043518519
 30
0.0
 10
599.2593424999999
 20
150.1304747222222
 30
0.0
  0
SPLINE
  5
22D
330
1F
100
AcDbEntity
  8
DEFAULT
 62
     1
100
AcDbSpline
210
0.0
220
0.0
230
1.0
 70
    11
 71
     3
 72
    80
 73
    76
 74
     0
 42
0.000000001
 43
0.0000000001
 40
8.49800094139797
 40
8.49800094139797
 40
8.49800094139797
 40
8.49800094139797
 40
28.33800094139794
 40
28.33800094139794
 40
28.33800094139794
 40
30.59900094139791
 40
30.59900094139791
 40
30.59900094139791
 40
31.59900094139791
 40
31.59900094139791
 40
31.59900094139791
 40
133.5333646515815
 40
133.5333646515815
 40
133.5333646515815
 40
134.5333646515815
 40
134.5333646515815
 40
134.5333646515815
 40
135.5333646515815
 40
135.5333646515815
 40
135.5333646515815
 40
237.4675288214024
 40
237.4675288214024
 40
237.4675288214024
 40
238.4675288214024
 40
238.4675288214024
 40
238.4675288214024
 40
240.7575288214026
 40
240.7575288214026
 40
240.7575288214026
 40
260.5975308627332
 40
260.5975308627332
 40
260.5975308627332
 40
269.1075318028036
 40
269.1075318028036
 40
269.1075318028036
 40
476.0435318028036
 40
476.0435318028036
 40
476.0435318028036
 40
484.5435320380977
 40
484.5435320380977
 40
484.5435320380977
 40
504.3835320380978
 40
504.3835320380978
 40
504.3835320380978
 40
506.654532038098
 40
506.654532038098
 40
506.654532038098
 40
507.654532038098
 40
507.654532038098
 40
507.654532038098
 40
642.4643437952545
 40
642.4643437952545
 40
642.4643437952545
 40
651.5353437952547
 40
651.5353437952547
 40
651.5353437952547
 40
786.3450714338787
 40
786.3450714338787
 40
786.3450714338787
 40
787.3450714338787
 40
787.3450714338787
 40
787.3450714338787
 40
789.6260714338787
 40
789.6260714338787
 40
789.6260714338787
 40
809.4660739540398
 40
809.4660739540398
 40
809.4660739540398
 40
817.9740741891127
 40
817.9740741891127
 40
817.9740741891127
 40
1024.910074189113
 40
1024.910074189113
 40
1024.910074189113
 40
1033.408075130511
 40
1033.408075130511
 40
1033.408075130511
 40
1033.408075130511
 10
602.2572480555555
 20
150.1290988888889
 30
0.0
 10
602.2572480555555
 20
152.4621359259259
 30
0.0
 10
602.2572480555555
 20
154.7951729629629
 30
0.0
 10
602.2572480555555
 20
157.12821
 30
0.0
 10
601.9913712037036
 20
157.12821
 30
0.0
 10
601.7254943518518
 20
157.12821
 30
0.0
 10
601.4596174999999
 20
157.12821
 30
0.0
 10
601.4596174999999
 20
158.7866183333333
 30
0.0
 10
602.6590619444444
 20
162.6424794444444
 30
0.0
 10
605.2593869444444
 20
161.1851544444444
 30
0.0
 10
605.3933249074074
 20
149.1991766666666
 30
0.0
 10
605.5272628703702
 20
137.2131988888889
 30
0.0
 10
605.6612008333332
 20
125.2272211111111
 30
0.0
 10
605.6612008333332
 20
124.3452766666666
 30
0.0
 10
606.3808674999999
 20
123.6330183333333
 30
0.0
 10
607.2663397222221
 20
123.6294905555555
 30
0.0
 10
608.1482841666666
 20
123.6294905555555
 30
0.0
 10
608.8644230555554
 20
124.3452766666666
 30
0.0
 10
608.8644230555554
 20
125.2272211111111
 30
0.0
 10
608.9962443518517
 20
137.2131988888889
 30
0.0
 10
609.128065648148
 20
149.1991766666667
 30
0.0
 10
609.2598869444444
 20
161.1851544444444
 30
0.0
 10
611.8665619444444
 20
162.6424794444444
 30
0.0
 10
613.0663591666666
 20
158.7866183333333
 30
0.0
 10
613.0663591666666
 20
157.12821
 30
0.0
 10
612.7970721296296
 20
157.12821
 30
0.0
 10
612.5277850925926
 20
157.12821
 30
0.0
 10
612.2584980555555
 20
157.12821
 30
0.0
 10
612.2595563888888
 20
154.7951729629629
 30
0.0
 10
612.260614722222
 20
152.4621359259259
 30
0.0
 10
612.2616730555554
 20
150.1290988888889
 30
0.0
 10
613.2623860185184
 20
150.1295692592593
 30
0.0
 10
614.2630989814813
 20
150.1300396296296
 30
0.0
 10
615.2638119444443
 20
150.13051
 30
0.0
 10
615.2638119444443
 20
125.7963692592593
 30
0.0
 10
615.2638119444443
 20
101.4622285185185
 30
0.0
 10
615.2638119444443
 20
77.12808777777776
 30
0.0
 10
614.2642749074073
 20
77.12832296296295
 30
0.0
 10
613.2647378703703
 20
77.12855814814814
 30
0.0
 10
612.2652008333332
 20
77.12879333333332
 30
0.0
 10
612.2652008333332
 20
74.79575629629629
 30
0.0
 10
612.2652008333332
 20
72.46271925925925
 30
0.0
 10
612.2652008333332
 20
70.1296822222222
 30
0.0
 10
612.5322536111111
 20
70.1296822222222
 30
0.0
 10
612.7993063888888
 20
70.1296822222222
 30
0.0
 10
613.0663591666666
 20
70.1296822222222
 30
0.0
 10
613.0663591666666
 20
68.47197944444443
 30
0.0
 10
611.8665619444444
 20
64.61611833333332
 30
0.0
 10
609.2630619444443
 20
66.07273777777776
 30
0.0
 10
609.1291239814814
 20
81.92480722222221
 30
0.0
 10
608.9951860185184
 20
97.77687666666664
 30
0.0
 10
608.8612480555555
 20
113.6289461111111
 30
0.0
 10
607.794565648148
 20
113.6289461111111
 30
0.0
 10
606.7278832407407
 20
113.6289461111111
 30
0.0
 10
605.6612008333332
 20
113.6289461111111
 30
0.0
 10
605.5284387962962
 20
97.77687666666664
 30
0.0
 10
605.3956767592591
 20
81.92480722222221
 30
0.0
 10
605.2629147222221
 20
66.07273777777776
 30
0.0
 10
602.6590619444444
 20
64.61611833333332
 30
0.0
 10
601.4596174999999
 20
68.47197944444443
 30
0.0
 10
601.4596174999999
 20
70.1296822222222
 30
0.0
 10
601.7278462037036
 20
70.1296822222222
 30
0.0
 10
601.9960749074073
 20
70.1296822222222
 30
0.0
 10
602.264303611111
 20
70.1296822222222
 30
0.0
 10
602.263127685185
 20
72.46271925925925
 30
0.0
 10
602.2619517592591
 20
74.79575629629629
 30
0.0
 10
602.2607758333332
 20
77.12879333333332
 30
0.0
 10
601.2602980555554
 20
77.12855814814814
 30
0.0
 10
600.2598202777776
 20
77.12832296296295
 30
0.0
 10
599.2593424999999
 20
77.12808777777776
 30
0.0
 10
599.2593424999999
 20
101.4622285185185
 30
0.0
 10
599.2593424999999
 20
125.7963692592593
 30
0.0
 10
599.2593424999999
 20
150.13051
 30
0.0
 10
600.2586443518518
 20
150.1300396296296
 30
0.0
 10
601.2579462037037
 20
150.1295692592593
 30
0.0
 10
602.2572480555555
 20
150.1290988888889
 30
0.0
  0
POLYLINE
  5
22E
330
1F
100
AcDbEntity
  8
DEFAULT
 62
     1
100
AcDb2dPolyline
 66
     1
 10
0.0
 20
0.0
 30
0.0
 70
     1
  0
VERTEX
  5
22F
330
22E
100
AcDbEntity
  8
DEFAULT
 62
     1
100
AcDbVertex
100
AcDb2dVertex
 10
470.0303513888888
 20
106.8900438888889
 30
0.0
  0
VERTEX
  5
230
330
22E
100
AcDbEntity
  8
DEFAULT
 62
     1
100
AcDbVertex
100
AcDb2dVertex
 10
464.0296013888889
 20
106.8900438888889
 30
0.0
  0
VERTEX
  5
231
330
22E
100
AcDbEntity
  8
DEFAULT
 62
     1
100
AcDbVertex
100
AcDb2dVertex
 10
464.0296013888889
 20
103.8914327777778
 30
0.0
  0
VERTEX
  5
232
330
22E
100
AcDbEntity
  8
DEFAULT
 62
     1
100
AcDbVertex
100
AcDb2dVertex
 10
458.0323791666667
 20
103.8914327777778
 30
0.0
  0
VERTEX
  5
233
330
22E
100
AcDbEntity
  8
DEFAULT
 62
     1
100
AcDbVertex
100
AcDb2dVertex
 10
458.0323791666667
 20
106.8900438888889
 30
0.0
  0
VERTEX
  5
234
330
22E
100
AcDbEntity
  8
DEFAULT
 62
     1
100
AcDbVertex
100
AcDb2dVertex
 10
452.0316291666666
 20
106.8900438888889
 30
0.0
  0
VERTEX
  5
235
330
22E
100
AcDbEntity
  8
DEFAULT
 62
     1
100
AcDbVertex
100
AcDb2dVertex
 10
452.0316291666666
 20
103.8914327777778
 30
0.0
  0
VERTEX
  5
236
330
22E
100
AcDbEntity
  8
DEFAULT
 62
     1
100
AcDbVertex
100
AcDb2dVertex
 10
446.0312319444444
 20
103.8914327777778
 30
0.0
  0
VERTEX
  5
237
330
22E
100
AcDbEntity
  8
DEFAULT
 62
     1
100
AcDbVertex
100
AcDb2dVertex
 10
446.0312319444444
 20
106.8900438888889
 30
0.0
  0
VERTEX
  5
238
330
22E
100
AcDbEntity
  8
DEFAULT
 62
     1
100
AcDbVertex
100
AcDb2dVertex
 10
440.0304819444444
 20
106.8900438888889
 30
0.0
  0
VERTEX
  5
239
330
22E
100
AcDbEntity
  8
DEFAULT
 62
     1
100
AcDbVertex
100
AcDb2dVertex
 10
440.0304819444444
 20
103.8914327777778
 30
0.0
  0
VERTEX
  5
23A
330
22E
100
AcDbEntity
  8
DEFAULT
 62
     1
100
AcDbVertex
100
AcDb2dVertex
 10
434.0325541666667
 20
103.8914327777778
 30
0.0
  0
VERTEX
  5
23B
330
22E
100
AcDbEntity
  8
DEFAULT
 62
     1
100
AcDbVertex
100
AcDb2dVertex
 10
434.0325541666667
 20
116.1744494444444
 30
0.0
  0
VERTEX
  5
23C
330
22E
100
AcDbEntity
  8
DEFAULT
 62
     1
100
AcDbVertex
100
AcDb2dVertex
 10
437.0311652777777
 20
116.1744494444444
 30
0.0
  0
VERTEX
  5
23D
330
22E
100
AcDbEntity
  8
DEFAULT
 62
     1
100
AcDbVertex
100
AcDb2dVertex
 10
437.0311652777777
 20
128.4616994444444
 30
0.0
  0
VERTEX
  5
23E
330
22E
100
AcDbEntity
  8
DEFAULT
 62
     1
100
AcDbVertex
100
AcDb2dVertex
 10
434.0325541666667
 20
128.4616994444444
 30
0.0
  0
VERTEX
  5
23F
330
22E
100
AcDbEntity
  8
DEFAULT
 62
     1
100
AcDbVertex
100
AcDb2dVertex
 10
434.0325541666667
 20
140.7457744444444
 30
0.0
  0
VERTEX
  5
240
330
22E
100
AcDbEntity
  8
DEFAULT
 62
     1
100
AcDbVertex
100
AcDb2dVertex
 10
437.0311652777777
 20
140.7457744444444
 30
0.0
  0
VERTEX
  5
241
330
22E
100
AcDbEntity
  8
DEFAULT
 62
     1
100
AcDbVertex
100
AcDb2dVertex
 10
437.0311652777777
 20
153.0330244444444
 30
0.0
  0
VERTEX
  5
242
330
22E
100
AcDbEntity
  8
DEFAULT
 62
     1
100
AcDbVertex
100
AcDb2dVertex
 10
434.0325541666667
 20
153.0330244444444
 30
0.0
  0
VERTEX
  5
243
330
22E
100
AcDbEntity
  8
DEFAULT
 62
     1
100
AcDbVertex
100
AcDb2dVertex
 10
434.0325541666667
 20
165.3167466666667
 30
0.0
  0
VERTEX
  5
244
330
22E
100
AcDbEntity
  8
DEFAULT
 62
     1
100
AcDbVertex
100
AcDb2dVertex
 10
437.0311652777777
 20
165.3167466666667
 30
0.0
  0
VERTEX
  5
245
330
22E
100
AcDbEntity
  8
DEFAULT
 62
     1
100
AcDbVertex
100
AcDb2dVertex
 10
437.0311652777777
 20
177.6039966666667
 30
0.0
  0
VERTEX
  5
246
330
22E
100
AcDbEntity
  8
DEFAULT
 62
     1
100
AcDbVertex
100
AcDb2dVertex
 10
434.0325541666667
 20
177.6039966666667
 30
0.0
  0
VERTEX
  5
247
330
22E
100
AcDbEntity
  8
DEFAULT
 62
     1
100
AcDbVertex
100
AcDb2dVertex
 10
434.0325541666667
 20
189.8877188888889
 30
0.0
  0
VERTEX
  5
248
330
22E
100
AcDbEntity
  8
DEFAULT
 62
     1
100
AcDbVertex
100
AcDb2dVertex
 10
440.0304819444444
 20
189.8877188888889
 30
0.0
  0
VERTEX
  5
249
330
22E
100
AcDbEntity
  8
DEFAULT
 62
     1
100
AcDbVertex
100
AcDb2dVertex
 10
440.0304819444444
 20
186.8891077777778
 30
0.0
  0
VERTEX
  5
24A
330
22E
100
AcDbEntity
  8
DEFAULT
 62
     1
100
AcDbVertex
100
AcDb2dVertex
 10
446.0312319444444
 20
186.8891077777778
 30
0.0
  0
VERTEX
  5
24B
330
22E
100
AcDbEntity
  8
DEFAULT
 62
     1
100
AcDbVertex
100
AcDb2dVertex
 10
446.0312319444444
 20
189.8877188888889
 30
0.0
  0
VERTEX
  5
24C
330
22E
100
AcDbEntity
  8
DEFAULT
 62
     1
100
AcDbVertex
100
AcDb2dVertex
 10
452.0316291666666
 20
189.8877188888889
 30
0.0
  0
VERTEX
  5
24D
330
22E
100
AcDbEntity
  8
DEFAULT
 62
     1
100
AcDbVertex
100
AcDb2dVertex
 10
452.0316291666666
 20
186.8891077777778
 30
0.0
  0
VERTEX
  5
24E
330
22E
100
AcDbEntity
  8
DEFAULT
 62
     1
100
AcDbVertex
100
AcDb2dVertex
 10
458.0323791666667
 20
186.8891077777778
 30
0.0
  0
VERTEX
  5
24F
330
22E
100
AcDbEntity
  8
DEFAULT
 62
     1
100
AcDbVertex
100
AcDb2dVertex
 10
458.0323791666667
 20
189.8877188888889
 30
0.0
  0
VERTEX
  5
250
330
22E
100
AcDbEntity
  8
DEFAULT
 62
     1
100
AcDbVertex
100
AcDb2dVertex
 10
464.0296013888889
 20
189.8877188888889
 30
0.0
  0
VERTEX
  5
251
330
22E
100
AcDbEntity
  8
DEFAULT
 62
     1
100
AcDbVertex
100
AcDb2dVertex
 10
464.0296013888889
 20
186.8891077777778
 30
0.0
  0
VERTEX
  5
252
330
22E
100
AcDbEntity
  8
DEFAULT
 62
     1
100
AcDbVertex
100
AcDb2dVertex
 10
470.0303513888888
 20
186.8891077777778
 30
0.0
  0
VERTEX
  5
253
330
22E
100
AcDbEntity
  8
DEFAULT
 62
     1
100
AcDbVertex
100
AcDb2dVertex
 10
470.0303513888888
 20
189.8877188888889
 30
0.0
  0
VERTEX
  5
254
330
22E
100
AcDbEntity
  8
DEFAULT
 62
     1
100
AcDbVertex
100
AcDb2dVertex
 10
476.0311013888888
 20
189.8877188888889
 30
0.0
  0
VERTEX
  5
255
330
22E
100
AcDbEntity
  8
DEFAULT
 62
     1
100
AcDbVertex
100
AcDb2dVertex
 10
476.0311013888888
 20
179.8899966666667
 30
0.0
  0
VERTEX
  5
256
330
22E
100
AcDbEntity
  8
DEFAULT
 62
     1
100
AcDbVertex
100
AcDb2dVertex
 10
459.0307402777777
 20
179.8899966666667
 30
0.0
  0
VERTEX
  5
257
330
22E
100
AcDbEntity
  8
DEFAULT
 62
     1
100
AcDbVertex
100
AcDb2dVertex
 10
459.0307402777777
 20
170.8906355555555
 30
0.0
  0
VERTEX
  5
258
330
22E
100
AcDbEntity
  8
DEFAULT
 62
     1
100
AcDbVertex
100
AcDb2dVertex
 10
466.0298513888889
 20
170.8906355555555
 30
0.0
  0
VERTEX
  5
259
330
22E
100
AcDbEntity
  8
DEFAULT
 62
     1
100
AcDbVertex
100
AcDb2dVertex
 10
466.0298513888889
 20
160.8890327777778
 30
0.0
  0
VERTEX
  5
25A
330
22E
100
AcDbEntity
  8
DEFAULT
 62
     1
100
AcDbVertex
100
AcDb2dVertex
 10
456.0321291666666
 20
160.8890327777778
 30
0.0
  0
VERTEX
  5
25B
330
22E
100
AcDbEntity
  8
DEFAULT
 62
     1
100
AcDbVertex
100
AcDb2dVertex
 10
456.0321291666666
 20
150.8881355555556
 30
0.0
  0
VERTEX
  5
25C
330
22E
100
AcDbEntity
  8
DEFAULT
 62
     1
100
AcDbVertex
100
AcDb2dVertex
 10
461.0309902777777
 20
150.8881355555556
 30
0.0
  0
VERTEX
  5
25D
330
22E
100
AcDbEntity
  8
DEFAULT
 62
     1
100
AcDbVertex
100
AcDb2dVertex
 10
461.0309902777777
 20
142.8906633333333
 30
0.0
  0
VERTEX
  5
25E
330
22E
100
AcDbEntity
  8
DEFAULT
 62
     1
100
AcDbVertex
100
AcDb2dVertex
 10
456.0321291666666
 20
142.8906633333333
 30
0.0
  0
VERTEX
  5
25F
330
22E
100
AcDbEntity
  8
DEFAULT
 62
     1
100
AcDbVertex
100
AcDb2dVertex
 10
456.0321291666666
 20
132.8890605555555
 30
0.0
  0
VERTEX
  5
260
330
22E
100
AcDbEntity
  8
DEFAULT
 62
     1
100
AcDbVertex
100
AcDb2dVertex
 10
466.0298513888889
 20
132.8890605555555
 30
0.0
  0
VERTEX
  5
261
330
22E
100
AcDbEntity
  8
DEFAULT
 62
     1
100
AcDbVertex
100
AcDb2dVertex
 10
466.0298513888889
 20
122.8885161111111
 30
0.0
  0
VERTEX
  5
262
330
22E
100
AcDbEntity
  8
DEFAULT
 62
     1
100
AcDbVertex
100
AcDb2dVertex
 10
459.0307402777777
 20
122.8885161111111
 30
0.0
  0
VERTEX
  5
263
330
22E
100
AcDbEntity
  8
DEFAULT
 62
     1
100
AcDbVertex
100
AcDb2dVertex
 10
459.0307402777777
 20
113.889155
 30
0.0
  0
VERTEX
  5
264
330
22E
100
AcDbEntity
  8
DEFAULT
 62
     1
100
AcDbVertex
100
AcDb2dVertex
 10
476.0311013888888
 20
113.889155
 30
0.0
  0
VERTEX
  5
265
330
22E
100
AcDbEntity
  8
DEFAULT
 62
     1
100
AcDbVertex
100
AcDb2dVertex
 10
476.0311013888888
 20
103.8914327777778
 30
0.0
  0
VERTEX
  5
266
330
22E
100
AcDbEntity
  8
DEFAULT
 62
     1
100
AcDbVertex
100
AcDb2dVertex
 10
470.0303513888888
 20
103.8914327777778
 30
0.0
  0
SEQEND
  5
267
330
22E
100
AcDbEntity
  8
DEFAULT
 62
     1
  0
SPLINE
  5
268
330
1F
100
AcDbEntity
  8
DEFAULT
 62
     1
100
AcDbSpline
210
0.0
220
0.0
230
1.0
 70
    11
 71
     3
 72
    17
 73
    13
 74
     0
 42
0.000000001
 43
0.0000000001
 40
0.0
 40
0.0
 40
0.0
 40
0.0
 40
1.0
 40
1.0
 40
1.0
 40
2.0
 40
2.0
 40
2.0
 40
3.0
 40
3.0
 40
3.0
 40
4.0
 40
4.0
 40
4.0
 40
4.0
 10
467.8392838888888
 20
207.7846647222222
 30
0.0
 10
462.2368199999999
 20
207.7846647222222
 30
0.0
 10
457.6863394444444
 20
212.3354980555555
 30
0.0
 10
457.6863394444444
 20
217.9481925
 30
0.0
 10
457.6863394444444
 20
223.5432480555555
 30
0.0
 10
462.2368199999999
 20
228.0976091666667
 30
0.0
 10
467.8392838888888
 20
228.0976091666667
 30
0.0
 10
473.4516255555556
 20
228.0976091666667
 30
0.0
 10
478.0028116666666
 20
223.5432480555555
 30
0.0
 10
478.0028116666666
 20
217.9481925
 30
0.0
 10
478.0028116666666
 20
212.3354980555555
 30
0.0
 10
473.4516255555556
 20
207.7846647222222
 30
0.0
 10
467.8392838888888
 20
207.7846647222222
 30
0.0
  0
SPLINE
  5
269
330
1F
100
AcDbEntity
  8
DEFAULT
 62
     1
100
AcDbSpline
210
0.0
220
0.0
230
1.0
 70
    11
 71
     3
 72
    17
 73
    13
 74
     0
 42
0.000000001
 43
0.0000000001
 40
0.0
 40
0.0
 40
0.0
 40
0.0
 40
1.0
 40
1.0
 40
1.0
 40
2.0
 40
2.0
 40
2.0
 40
3.0
 40
3.0
 40
3.0
 40
4.0
 40
4.0
 40
4.0
 40
4.0
 10
438.5022133333333
 20
205.08595
 30
0.0
 10
431.4110272222221
 20
205.08595
 30
0.0
 10
425.6540466666666
 20
210.8468111111111
 30
0.0
 10
425.6540466666666
 20
217.9517555555555
 30
0.0
 10
425.6540466666666
 20
225.0320055555555
 30
0.0
 10
431.4110272222221
 20
230.7928666666666
 30
0.0
 10
438.5022133333333
 20
230.7928666666666
 30
0.0
 10
445.6071577777777
 20
230.7928666666666
 30
0.0
 10
451.3680188888889
 20
225.0320055555555
 30
0.0
 10
451.3680188888889
 20
217.9517555555555
 30
0.0
 10
451.3680188888889
 20
210.8468111111111
 30
0.0
 10
445.6071577777777
 20
205.08595
 30
0.0
 10
438.5022133333333
 20
205.08595
 30
0.0
  0
POLYLINE
  5
26A
330
1F
100
AcDbEntity
  8
DEFAULT
 62
     1
100
AcDb2dPolyline
 66
     1
 10
0.0
 20
0.0
 30
0.0
 70
     1
  0
VERTEX
  5
26B
330
26A
100
AcDbEntity
  8
DEFAULT
 62
     1
100
AcDbVertex
100
AcDb2dVertex
 10
491.8281727777778
 20
227.0427683333333
 30
0.0
  0
VERTEX
  5
26C
330
26A
100
AcDbEntity
  8
DEFAULT
 62
     1
100
AcDbVertex
100
AcDb2dVertex
 10
491.8281727777778
 20
243.9831572222222
 30
0.0
  0
VERTEX
  5
26D
330
26A
100
AcDbEntity
  8
DEFAULT
 62
     1
100
AcDbVertex
100
AcDb2dVertex
 10
480.4013477777777
 20
243.9831572222222
 30
0.0
  0
VERTEX
  5
26E
330
26A
100
AcDbEntity
  8
DEFAULT
 62
     1
100
AcDbVertex
100
AcDb2dVertex
 10
480.4013477777777
 20
240.9845461111111
 30
0.0
  0
VERTEX
  5
26F
330
26A
100
AcDbEntity
  8
DEFAULT
 62
     1
100
AcDbVertex
100
AcDb2dVertex
 10
468.9713477777777
 20
240.9845461111111
 30
0.0
  0
VERTEX
  5
270
330
26A
100
AcDbEntity
  8
DEFAULT
 62
     1
100
AcDbVertex
100
AcDb2dVertex
 10
468.9713477777777
 20
243.9831572222222
 30
0.0
  0
VERTEX
  5
271
330
26A
100
AcDbEntity
  8
DEFAULT
 62
     1
100
AcDbVertex
100
AcDb2dVertex
 10
457.5417005555555
 20
243.9831572222222
 30
0.0
  0
VERTEX
  5
272
330
26A
100
AcDbEntity
  8
DEFAULT
 62
     1
100
AcDbVertex
100
AcDb2dVertex
 10
457.5417005555555
 20
240.9845461111111
 30
0.0
  0
VERTEX
  5
273
330
26A
100
AcDbEntity
  8
DEFAULT
 62
     1
100
AcDbVertex
100
AcDb2dVertex
 10
446.1152283333333
 20
240.9845461111111
 30
0.0
  0
VERTEX
  5
274
330
26A
100
AcDbEntity
  8
DEFAULT
 62
     1
100
AcDbVertex
100
AcDb2dVertex
 10
446.1152283333333
 20
243.9831572222222
 30
0.0
  0
VERTEX
  5
275
330
26A
100
AcDbEntity
  8
DEFAULT
 62
     1
100
AcDbVertex
100
AcDb2dVertex
 10
434.6852283333333
 20
243.9831572222222
 30
0.0
  0
VERTEX
  5
276
330
26A
100
AcDbEntity
  8
DEFAULT
 62
     1
100
AcDbVertex
100
AcDb2dVertex
 10
434.6852283333333
 20
240.9845461111111
 30
0.0
  0
VERTEX
  5
277
330
26A
100
AcDbEntity
  8
DEFAULT
 62
     1
100
AcDbVertex
100
AcDb2dVertex
 10
423.258756111111
 20
240.9845461111111
 30
0.0
  0
VERTEX
  5
278
330
26A
100
AcDbEntity
  8
DEFAULT
 62
     1
100
AcDbVertex
100
AcDb2dVertex
 10
423.258756111111
 20
243.9831572222222
 30
0.0
  0
VERTEX
  5
279
330
26A
100
AcDbEntity
  8
DEFAULT
 62
     1
100
AcDbVertex
100
AcDb2dVertex
 10
411.8284033333333
 20
243.9831572222222
 30
0.0
  0
VERTEX
  5
27A
330
26A
100
AcDbEntity
  8
DEFAULT
 62
     1
100
AcDbVertex
100
AcDb2dVertex
 10
411.8284033333333
 20
227.0427683333333
 30
0.0
  0
VERTEX
  5
27B
330
26A
100
AcDbEntity
  8
DEFAULT
 62
     1
100
AcDbVertex
100
AcDb2dVertex
 10
414.8270144444444
 20
227.0427683333333
 30
0.0
  0
VERTEX
  5
27C
330
26A
100
AcDbEntity
  8
DEFAULT
 62
     1
100
AcDbVertex
100
AcDb2dVertex
 10
414.8270144444444
 20
212.7552683333333
 30
0.0
  0
VERTEX
  5
27D
330
26A
100
AcDbEntity
  8
DEFAULT
 62
     1
100
AcDbVertex
100
AcDb2dVertex
 10
411.8284033333333
 20
212.7552683333333
 30
0.0
  0
VERTEX
  5
27E
330
26A
100
AcDbEntity
  8
DEFAULT
 62
     1
100
AcDbVertex
100
AcDb2dVertex
 10
411.8284033333333
 20
198.4712961111111
 30
0.0
  0
VERTEX
  5
27F
330
26A
100
AcDbEntity
  8
DEFAULT
 62
     1
100
AcDbVertex
100
AcDb2dVertex
 10
414.8270144444444
 20
198.4712961111111
 30
0.0
  0
VERTEX
  5
280
330
26A
100
AcDbEntity
  8
DEFAULT
 62
     1
100
AcDbVertex
100
AcDb2dVertex
 10
414.8270144444444
 20
184.1837961111111
 30
0.0
  0
VERTEX
  5
281
330
26A
100
AcDbEntity
  8
DEFAULT
 62
     1
100
AcDbVertex
100
AcDb2dVertex
 10
411.8284033333333
 20
184.1837961111111
 30
0.0
  0
VERTEX
  5
282
330
26A
100
AcDbEntity
  8
DEFAULT
 62
     1
100
AcDbVertex
100
AcDb2dVertex
 10
411.8284033333333
 20
169.8998238888888
 30
0.0
  0
VERTEX
  5
283
330
26A
100
AcDbEntity
  8
DEFAULT
 62
     1
100
AcDbVertex
100
AcDb2dVertex
 10
421.1173949999999
 20
169.8998238888888
 30
0.0
  0
VERTEX
  5
284
330
26A
100
AcDbEntity
  8
DEFAULT
 62
     1
100
AcDbVertex
100
AcDb2dVertex
 10
421.1173949999999
 20
193.3701294444444
 30
0.0
  0
VERTEX
  5
285
330
26A
100
AcDbEntity
  8
DEFAULT
 62
     1
100
AcDbVertex
100
AcDb2dVertex
 10
429.4782283333333
 20
193.3701294444444
 30
0.0
  0
VERTEX
  5
286
330
26A
100
AcDbEntity
  8
DEFAULT
 62
     1
100
AcDbVertex
100
AcDb2dVertex
 10
429.4782283333333
 20
196.8026572222222
 30
0.0
  0
VERTEX
  5
287
330
26A
100
AcDbEntity
  8
DEFAULT
 62
     1
100
AcDbVertex
100
AcDb2dVertex
 10
438.7668672222221
 20
196.8026572222222
 30
0.0
  0
VERTEX
  5
288
330
26A
100
AcDbEntity
  8
DEFAULT
 62
     1
100
AcDbVertex
100
AcDb2dVertex
 10
438.7668672222221
 20
191.8990461111111
 30
0.0
  0
VERTEX
  5
289
330
26A
100
AcDbEntity
  8
DEFAULT
 62
     1
100
AcDbVertex
100
AcDb2dVertex
 10
446.8313672222222
 20
191.8990461111111
 30
0.0
  0
VERTEX
  5
28A
330
26A
100
AcDbEntity
  8
DEFAULT
 62
     1
100
AcDbVertex
100
AcDb2dVertex
 10
446.8313672222222
 20
194.3508516666666
 30
0.0
  0
VERTEX
  5
28B
330
26A
100
AcDbEntity
  8
DEFAULT
 62
     1
100
AcDbVertex
100
AcDb2dVertex
 10
456.8252088888888
 20
194.3508516666666
 30
0.0
  0
VERTEX
  5
28C
330
26A
100
AcDbEntity
  8
DEFAULT
 62
     1
100
AcDbVertex
100
AcDb2dVertex
 10
456.8252088888888
 20
191.8990461111111
 30
0.0
  0
VERTEX
  5
28D
330
26A
100
AcDbEntity
  8
DEFAULT
 62
     1
100
AcDbVertex
100
AcDb2dVertex
 10
464.7768199999999
 20
191.8990461111111
 30
0.0
  0
VERTEX
  5
28E
330
26A
100
AcDbEntity
  8
DEFAULT
 62
     1
100
AcDbVertex
100
AcDb2dVertex
 10
464.7768199999999
 20
196.8026572222222
 30
0.0
  0
VERTEX
  5
28F
330
26A
100
AcDbEntity
  8
DEFAULT
 62
     1
100
AcDbVertex
100
AcDb2dVertex
 10
474.0689866666667
 20
196.8026572222222
 30
0.0
  0
VERTEX
  5
290
330
26A
100
AcDbEntity
  8
DEFAULT
 62
     1
100
AcDbVertex
100
AcDb2dVertex
 10
474.0689866666667
 20
193.3701294444444
 30
0.0
  0
VERTEX
  5
291
330
26A
100
AcDbEntity
  8
DEFAULT
 62
     1
100
AcDbVertex
100
AcDb2dVertex
 10
482.4298199999999
 20
193.3701294444444
 30
0.0
  0
VERTEX
  5
292
330
26A
100
AcDbEntity
  8
DEFAULT
 62
     1
100
AcDbVertex
100
AcDb2dVertex
 10
482.4298199999999
 20
169.8998238888888
 30
0.0
  0
VERTEX
  5
293
330
26A
100
AcDbEntity
  8
DEFAULT
 62
     1
100
AcDbVertex
100
AcDb2dVertex
 10
491.8281727777778
 20
169.8998238888888
 30
0.0
  0
VERTEX
  5
294
330
26A
100
AcDbEntity
  8
DEFAULT
 62
     1
100
AcDbVertex
100
AcDb2dVertex
 10
491.8281727777778
 20
184.1837961111111
 30
0.0
  0
VERTEX
  5
295
330
26A
100
AcDbEntity
  8
DEFAULT
 62
     1
100
AcDbVertex
100
AcDb2dVertex
 10
488.8295616666666
 20
184.1837961111111
 30
0.0
  0
VERTEX
  5
296
330
26A
100
AcDbEntity
  8
DEFAULT
 62
     1
100
AcDbVertex
100
AcDb2dVertex
 10
488.8295616666666
 20
198.4712961111111
 30
0.0
  0
VERTEX
  5
297
330
26A
100
AcDbEntity
  8
DEFAULT
 62
     1
100
AcDbVertex
100
AcDb2dVertex
 10
491.8281727777778
 20
198.4712961111111
 30
0.0
  0
VERTEX
  5
298
330
26A
100
AcDbEntity
  8
DEFAULT
 62
     1
100
AcDbVertex
100
AcDb2dVertex
 10
491.8281727777778
 20
212.7552683333333
 30
0.0
  0
VERTEX
  5
299
330
26A
100
AcDbEntity
  8
DEFAULT
 62
     1
100
AcDbVertex
100
AcDb2dVertex
 10
488.8295616666666
 20
212.7552683333333
 30
0.0
  0
VERTEX
  5
29A
330
26A
100
AcDbEntity
  8
DEFAULT
 62
     1
100
AcDbVertex
100
AcDb2dVertex
 10
488.8295616666666
 20
227.0427683333333
 30
0.0
  0
SEQEND
  5
29B
330
26A
100
AcDbEntity
  8
DEFAULT
 62
     1
  0
POLYLINE
  5
29C
330
1F
100
AcDbEntity
  8
DEFAULT
 62
     1
100
AcDb2dPolyline
 66
     1
 10
0.0
 20
0.0
 30
0.0
 70
     1
  0
VERTEX
  5
29D
330
29C
100
AcDbEntity
  8
DEFAULT
 62
     1
100
AcDbVertex
100
AcDb2dVertex
 10
635.464961111111
 20
10.37872222222222
 30
0.0
  0
VERTEX
  5
29E
330
29C
100
AcDbEntity
  8
DEFAULT
 62
     1
100
AcDbVertex
100
AcDb2dVertex
 10
335.4648555555555
 20
10.37872222222222
 30
0.0
  0
VERTEX
  5
29F
330
29C
100
AcDbEntity
  8
DEFAULT
 62
     1
100
AcDbVertex
100
AcDb2dVertex
 10
335.4648555555555
 20
260.3789277777777
 30
0.0
  0
VERTEX
  5
2A0
330
29C
100
AcDbEntity
  8
DEFAULT
 62
     1
100
AcDbVertex
100
AcDb2dVertex
 10
635.464961111111
 20
260.3789277777777
 30
0.0
  0
SEQEND
  5
2A1
330
29C
100
AcDbEntity
  8
DEFAULT
 62
     1
  0
POLYLINE
  5
2A2
330
1F
100
AcDbEntity
  8
DEFAULT
 62
     1
100
AcDb2dPolyline
 66
     1
 10
0.0
 20
0.0
 30
0.0
 70
     1
  0
VERTEX
  5
2A3
330
2A2
100
AcDbEntity
  8
DEFAULT
 62
     1
100
AcDbVertex
100
AcDb2dVertex
 10
954.4512138888888
 20
10.37872222222222
 30
0.0
  0
VERTEX
  5
2A4
330
2A2
100
AcDbEntity
  8
DEFAULT
 62
     1
100
AcDbVertex
100
AcDb2dVertex
 10
654.4511083333333
 20
10.37872222222222
 30
0.0
  0
VERTEX
  5
2A5
330
2A2
100
AcDbEntity
  8
DEFAULT
 62
     1
100
AcDbVertex
100
AcDb2dVertex
 10
654.4511083333333
 20
260.3789277777777
 30
0.0
  0
VERTEX
  5
2A6
330
2A2
100
AcDbEntity
  8
DEFAULT
 62
     1
100
AcDbVertex
100
AcDb2dVertex
 10
954.4512138888888
 20
260.3789277777777
 30
0.0
  0
SEQEND
  5
2A7
330
2A2
100
AcDbEntity
  8
DEFAULT
 62
     1
  0
POLYLINE
  5
2A8
330
1F
100
AcDbEntity
  8
DEFAULT
 62
     1
100
AcDb2dPolyline
 66
     1
 10
0.0
 20
0.0
 30
0.0
 70
     1
  0
VERTEX
  5
2A9
330
2A8
100
AcDbEntity
  8
DEFAULT
 62
     1
100
AcDbVertex
100
AcDb2dVertex
 10
312.4439888888888
 20
10.37872222222222
 30
0.0
  0
VERTEX
  5
2AA
330
2A8
100
AcDbEntity
  8
DEFAULT
 62
     1
100
AcDbVertex
100
AcDb2dVertex
 10
12.44388333333333
 20
10.37872222222222
 30
0.0
  0
VERTEX
  5
2AB
330
2A8
100
AcDbEntity
  8
DEFAULT
 62
     1
100
AcDbVertex
100
AcDb2dVertex
 10
12.44388333333333
 20
260.3789277777777
 30
0.0
  0
VERTEX
  5
2AC
330
2A8
100
AcDbEntity
  8
DEFAULT
 62
     1
100
AcDbVertex
100
AcDb2dVertex
 10
312.4439888888888
 20
260.3789277777777
 30
0.0
  0
SEQEND
  5
2AD
330
2A8
100
AcDbEntity
  8
DEFAULT
 62
     1
  0
POLYLINE
  5
2AE
330
1F
100
AcDbEntity
  8
DEFAULT
 62
     1
100
AcDb2dPolyline
 66
     1
 10
0.0
 20
0.0
 30
0.0
 70
     1
  0
VERTEX
  5
2AF
330
2AE
100
AcDbEntity
  8
DEFAULT
 62
     1
100
AcDbVertex
100
AcDb2dVertex
 10
111.0117936111111
 20
189.8875777777778
 30
0.0
  0
VERTEX
  5
2B0
330
2AE
100
AcDbEntity
  8
DEFAULT
 62
     1
100
AcDbVertex
100
AcDb2dVertex
 10
117.0090158333333
 20
189.8875777777778
 30
0.0
  0
VERTEX
  5
2B1
330
2AE
100
AcDbEntity
  8
DEFAULT
 62
     1
100
AcDbVertex
100
AcDb2dVertex
 10
117.0090158333333
 20
186.8889666666666
 30
0.0
  0
VERTEX
  5
2B2
330
2AE
100
AcDbEntity
  8
DEFAULT
 62
     1
100
AcDbVertex
100
AcDb2dVertex
 10
123.0097658333333
 20
186.8889666666666
 30
0.0
  0
VERTEX
  5
2B3
330
2AE
100
AcDbEntity
  8
DEFAULT
 62
     1
100
AcDbVertex
100
AcDb2dVertex
 10
123.0097658333333
 20
189.8875777777778
 30
0.0
  0
VERTEX
  5
2B4
330
2AE
100
AcDbEntity
  8
DEFAULT
 62
     1
100
AcDbVertex
100
AcDb2dVertex
 10
129.0105158333333
 20
189.8875777777778
 30
0.0
  0
VERTEX
  5
2B5
330
2AE
100
AcDbEntity
  8
DEFAULT
 62
     1
100
AcDbVertex
100
AcDb2dVertex
 10
129.0105158333333
 20
186.8889666666666
 30
0.0
  0
VERTEX
  5
2B6
330
2AE
100
AcDbEntity
  8
DEFAULT
 62
     1
100
AcDbVertex
100
AcDb2dVertex
 10
135.0112658333333
 20
186.8889666666666
 30
0.0
  0
VERTEX
  5
2B7
330
2AE
100
AcDbEntity
  8
DEFAULT
 62
     1
100
AcDbVertex
100
AcDb2dVertex
 10
135.0112658333333
 20
189.8875777777778
 30
0.0
  0
VERTEX
  5
2B8
330
2AE
100
AcDbEntity
  8
DEFAULT
 62
     1
100
AcDbVertex
100
AcDb2dVertex
 10
141.0084880555555
 20
189.8875777777778
 30
0.0
  0
VERTEX
  5
2B9
330
2AE
100
AcDbEntity
  8
DEFAULT
 62
     1
100
AcDbVertex
100
AcDb2dVertex
 10
141.0084880555555
 20
186.8889666666666
 30
0.0
  0
VERTEX
  5
2BA
330
2AE
100
AcDbEntity
  8
DEFAULT
 62
     1
100
AcDbVertex
100
AcDb2dVertex
 10
147.0092380555556
 20
186.8889666666666
 30
0.0
  0
VERTEX
  5
2BB
330
2AE
100
AcDbEntity
  8
DEFAULT
 62
     1
100
AcDbVertex
100
AcDb2dVertex
 10
147.0092380555556
 20
189.8875777777778
 30
0.0
  0
VERTEX
  5
2BC
330
2AE
100
AcDbEntity
  8
DEFAULT
 62
     1
100
AcDbVertex
100
AcDb2dVertex
 10
153.0099880555555
 20
189.8875777777778
 30
0.0
  0
VERTEX
  5
2BD
330
2AE
100
AcDbEntity
  8
DEFAULT
 62
     1
100
AcDbVertex
100
AcDb2dVertex
 10
153.0099880555555
 20
179.8898555555556
 30
0.0
  0
VERTEX
  5
2BE
330
2AE
100
AcDbEntity
  8
DEFAULT
 62
     1
100
AcDbVertex
100
AcDb2dVertex
 10
136.0096269444444
 20
179.8898555555556
 30
0.0
  0
VERTEX
  5
2BF
330
2AE
100
AcDbEntity
  8
DEFAULT
 62
     1
100
AcDbVertex
100
AcDb2dVertex
 10
136.0096269444444
 20
170.8904944444444
 30
0.0
  0
VERTEX
  5
2C0
330
2AE
100
AcDbEntity
  8
DEFAULT
 62
     1
100
AcDbVertex
100
AcDb2dVertex
 10
143.0087380555555
 20
170.8904944444444
 30
0.0
  0
VERTEX
  5
2C1
330
2AE
100
AcDbEntity
  8
DEFAULT
 62
     1
100
AcDbVertex
100
AcDb2dVertex
 10
143.0087380555555
 20
160.8892444444444
 30
0.0
  0
VERTEX
  5
2C2
330
2AE
100
AcDbEntity
  8
DEFAULT
 62
     1
100
AcDbVertex
100
AcDb2dVertex
 10
133.0110158333333
 20
160.8892444444444
 30
0.0
  0
VERTEX
  5
2C3
330
2AE
100
AcDbEntity
  8
DEFAULT
 62
     1
100
AcDbVertex
100
AcDb2dVertex
 10
133.0110158333333
 20
150.8879944444444
 30
0.0
  0
VERTEX
  5
2C4
330
2AE
100
AcDbEntity
  8
DEFAULT
 62
     1
100
AcDbVertex
100
AcDb2dVertex
 10
138.0098769444444
 20
150.8879944444444
 30
0.0
  0
VERTEX
  5
2C5
330
2AE
100
AcDbEntity
  8
DEFAULT
 62
     1
100
AcDbVertex
100
AcDb2dVertex
 10
138.0098769444444
 20
142.8905222222222
 30
0.0
  0
VERTEX
  5
2C6
330
2AE
100
AcDbEntity
  8
DEFAULT
 62
     1
100
AcDbVertex
100
AcDb2dVertex
 10
133.0110158333333
 20
142.8905222222222
 30
0.0
  0
VERTEX
  5
2C7
330
2AE
100
AcDbEntity
  8
DEFAULT
 62
     1
100
AcDbVertex
100
AcDb2dVertex
 10
133.0110158333333
 20
132.8892722222222
 30
0.0
  0
VERTEX
  5
2C8
330
2AE
100
AcDbEntity
  8
DEFAULT
 62
     1
100
AcDbVertex
100
AcDb2dVertex
 10
143.0087380555555
 20
132.8892722222222
 30
0.0
  0
VERTEX
  5
2C9
330
2AE
100
AcDbEntity
  8
DEFAULT
 62
     1
100
AcDbVertex
100
AcDb2dVertex
 10
143.0087380555555
 20
122.8880222222222
 30
0.0
  0
VERTEX
  5
2CA
330
2AE
100
AcDbEntity
  8
DEFAULT
 62
     1
100
AcDbVertex
100
AcDb2dVertex
 10
136.0096269444444
 20
122.8880222222222
 30
0.0
  0
VERTEX
  5
2CB
330
2AE
100
AcDbEntity
  8
DEFAULT
 62
     1
100
AcDbVertex
100
AcDb2dVertex
 10
136.0096269444444
 20
113.8886611111111
 30
0.0
  0
VERTEX
  5
2CC
330
2AE
100
AcDbEntity
  8
DEFAULT
 62
     1
100
AcDbVertex
100
AcDb2dVertex
 10
153.0099880555555
 20
113.8886611111111
 30
0.0
  0
VERTEX
  5
2CD
330
2AE
100
AcDbEntity
  8
DEFAULT
 62
     1
100
AcDbVertex
100
AcDb2dVertex
 10
153.0099880555555
 20
103.8909388888889
 30
0.0
  0
VERTEX
  5
2CE
330
2AE
100
AcDbEntity
  8
DEFAULT
 62
     1
100
AcDbVertex
100
AcDb2dVertex
 10
147.0092380555556
 20
103.8909388888889
 30
0.0
  0
VERTEX
  5
2CF
330
2AE
100
AcDbEntity
  8
DEFAULT
 62
     1
100
AcDbVertex
100
AcDb2dVertex
 10
147.0092380555556
 20
106.88955
 30
0.0
  0
VERTEX
  5
2D0
330
2AE
100
AcDbEntity
  8
DEFAULT
 62
     1
100
AcDbVertex
100
AcDb2dVertex
 10
141.0084880555555
 20
106.88955
 30
0.0
  0
VERTEX
  5
2D1
330
2AE
100
AcDbEntity
  8
DEFAULT
 62
     1
100
AcDbVertex
100
AcDb2dVertex
 10
141.0084880555555
 20
103.8909388888889
 30
0.0
  0
VERTEX
  5
2D2
330
2AE
100
AcDbEntity
  8
DEFAULT
 62
     1
100
AcDbVertex
100
AcDb2dVertex
 10
135.0112658333333
 20
103.8909388888889
 30
0.0
  0
VERTEX
  5
2D3
330
2AE
100
AcDbEntity
  8
DEFAULT
 62
     1
100
AcDbVertex
100
AcDb2dVertex
 10
135.0112658333333
 20
106.88955
 30
0.0
  0
VERTEX
  5
2D4
330
2AE
100
AcDbEntity
  8
DEFAULT
 62
     1
100
AcDbVertex
100
AcDb2dVertex
 10
129.0105158333333
 20
106.88955
 30
0.0
  0
VERTEX
  5
2D5
330
2AE
100
AcDbEntity
  8
DEFAULT
 62
     1
100
AcDbVertex
100
AcDb2dVertex
 10
129.0105158333333
 20
103.8909388888889
 30
0.0
  0
VERTEX
  5
2D6
330
2AE
100
AcDbEntity
  8
DEFAULT
 62
     1
100
AcDbVertex
100
AcDb2dVertex
 10
123.0097658333333
 20
103.8909388888889
 30
0.0
  0
VERTEX
  5
2D7
330
2AE
100
AcDbEntity
  8
DEFAULT
 62
     1
100
AcDbVertex
100
AcDb2dVertex
 10
123.0097658333333
 20
106.88955
 30
0.0
  0
VERTEX
  5
2D8
330
2AE
100
AcDbEntity
  8
DEFAULT
 62
     1
100
AcDbVertex
100
AcDb2dVertex
 10
117.0090158333333
 20
106.88955
 30
0.0
  0
VERTEX
  5
2D9
330
2AE
100
AcDbEntity
  8
DEFAULT
 62
     1
100
AcDbVertex
100
AcDb2dVertex
 10
117.0090158333333
 20
103.8909388888889
 30
0.0
  0
VERTEX
  5
2DA
330
2AE
100
AcDbEntity
  8
DEFAULT
 62
     1
100
AcDbVertex
100
AcDb2dVertex
 10
111.0117936111111
 20
103.8909388888889
 30
0.0
  0
VERTEX
  5
2DB
330
2AE
100
AcDbEntity
  8
DEFAULT
 62
     1
100
AcDbVertex
100
AcDb2dVertex
 10
111.0117936111111
 20
116.1746611111111
 30
0.0
  0
VERTEX
  5
2DC
330
2AE
100
AcDbEntity
  8
DEFAULT
 62
     1
100
AcDbVertex
100
AcDb2dVertex
 10
114.0104047222222
 20
116.1746611111111
 30
0.0
  0
VERTEX
  5
2DD
330
2AE
100
AcDbEntity
  8
DEFAULT
 62
     1
100
AcDbVertex
100
AcDb2dVertex
 10
114.0104047222222
 20
128.4619111111111
 30
0.0
  0
VERTEX
  5
2DE
330
2AE
100
AcDbEntity
  8
DEFAULT
 62
     1
100
AcDbVertex
100
AcDb2dVertex
 10
111.0117936111111
 20
128.4619111111111
 30
0.0
  0
VERTEX
  5
2DF
330
2AE
100
AcDbEntity
  8
DEFAULT
 62
     1
100
AcDbVertex
100
AcDb2dVertex
 10
111.0117936111111
 20
140.7456333333333
 30
0.0
  0
VERTEX
  5
2E0
330
2AE
100
AcDbEntity
  8
DEFAULT
 62
     1
100
AcDbVertex
100
AcDb2dVertex
 10
114.0104047222222
 20
140.7456333333333
 30
0.0
  0
VERTEX
  5
2E1
330
2AE
100
AcDbEntity
  8
DEFAULT
 62
     1
100
AcDbVertex
100
AcDb2dVertex
 10
114.0104047222222
 20
153.0328833333333
 30
0.0
  0
VERTEX
  5
2E2
330
2AE
100
AcDbEntity
  8
DEFAULT
 62
     1
100
AcDbVertex
100
AcDb2dVertex
 10
111.0117936111111
 20
153.0328833333333
 30
0.0
  0
VERTEX
  5
2E3
330
2AE
100
AcDbEntity
  8
DEFAULT
 62
     1
100
AcDbVertex
100
AcDb2dVertex
 10
111.0117936111111
 20
165.3166055555556
 30
0.0
  0
VERTEX
  5
2E4
330
2AE
100
AcDbEntity
  8
DEFAULT
 62
     1
100
AcDbVertex
100
AcDb2dVertex
 10
114.0104047222222
 20
165.3166055555556
 30
0.0
  0
VERTEX
  5
2E5
330
2AE
100
AcDbEntity
  8
DEFAULT
 62
     1
100
AcDbVertex
100
AcDb2dVertex
 10
114.0104047222222
 20
177.6038555555556
 30
0.0
  0
VERTEX
  5
2E6
330
2AE
100
AcDbEntity
  8
DEFAULT
 62
     1
100
AcDbVertex
100
AcDb2dVertex
 10
111.0117936111111
 20
177.6038555555556
 30
0.0
  0
SEQEND
  5
2E7
330
2AE
100
AcDbEntity
  8
DEFAULT
 62
     1
  0
POLYLINE
  5
2E8
330
1F
100
AcDbEntity
  8
DEFAULT
 62
     1
100
AcDb2dPolyline
 66
     1
 10
0.0
 20
0.0
 30
0.0
 70
     1
  0
VERTEX
  5
2E9
330
2E8
100
AcDbEntity
  8
DEFAULT
 62
     1
100
AcDbVertex
100
AcDb2dVertex
 10
237.9659677777778
 20
166.9823163888889
 30
0.0
  0
VERTEX
  5
2EA
330
2E8
100
AcDbEntity
  8
DEFAULT
 62
     1
100
AcDbVertex
100
AcDb2dVertex
 10
250.82119
 20
166.9823163888889
 30
0.0
  0
VERTEX
  5
2EB
330
2E8
100
AcDbEntity
  8
DEFAULT
 62
     1
100
AcDbVertex
100
AcDb2dVertex
 10
250.82119
 20
163.9837052777777
 30
0.0
  0
VERTEX
  5
2EC
330
2E8
100
AcDbEntity
  8
DEFAULT
 62
     1
100
AcDbVertex
100
AcDb2dVertex
 10
263.67994
 20
163.9837052777777
 30
0.0
  0
VERTEX
  5
2ED
330
2E8
100
AcDbEntity
  8
DEFAULT
 62
     1
100
AcDbVertex
100
AcDb2dVertex
 10
263.67994
 20
166.9823163888889
 30
0.0
  0
VERTEX
  5
2EE
330
2E8
100
AcDbEntity
  8
DEFAULT
 62
     1
100
AcDbVertex
100
AcDb2dVertex
 10
276.5351622222223
 20
166.9823163888889
 30
0.0
  0
VERTEX
  5
2EF
330
2E8
100
AcDbEntity
  8
DEFAULT
 62
     1
100
AcDbVertex
100
AcDb2dVertex
 10
276.5351622222223
 20
163.9837052777777
 30
0.0
  0
VERTEX
  5
2F0
330
2E8
100
AcDbEntity
  8
DEFAULT
 62
     1
100
AcDbVertex
100
AcDb2dVertex
 10
289.3939122222222
 20
163.9837052777777
 30
0.0
  0
VERTEX
  5
2F1
330
2E8
100
AcDbEntity
  8
DEFAULT
 62
     1
100
AcDbVertex
100
AcDb2dVertex
 10
289.3939122222222
 20
166.9823163888889
 30
0.0
  0
VERTEX
  5
2F2
330
2E8
100
AcDbEntity
  8
DEFAULT
 62
     1
100
AcDbVertex
100
AcDb2dVertex
 10
302.0480511111111
 20
166.9823163888889
 30
0.0
  0
VERTEX
  5
2F3
330
2E8
100
AcDbEntity
  8
DEFAULT
 62
     1
100
AcDbVertex
100
AcDb2dVertex
 10
302.0480511111111
 20
175.4101775
 30
0.0
  0
VERTEX
  5
2F4
330
2E8
100
AcDbEntity
  8
DEFAULT
 62
     1
100
AcDbVertex
100
AcDb2dVertex
 10
299.04944
 20
175.4101775
 30
0.0
  0
VERTEX
  5
2F5
330
2E8
100
AcDbEntity
  8
DEFAULT
 62
     1
100
AcDbVertex
100
AcDb2dVertex
 10
299.04944
 20
186.8401775
 30
0.0
  0
VERTEX
  5
2F6
330
2E8
100
AcDbEntity
  8
DEFAULT
 62
     1
100
AcDbVertex
100
AcDb2dVertex
 10
302.0480511111111
 20
186.8401775
 30
0.0
  0
VERTEX
  5
2F7
330
2E8
100
AcDbEntity
  8
DEFAULT
 62
     1
100
AcDbVertex
100
AcDb2dVertex
 10
302.0480511111111
 20
198.2701775
 30
0.0
  0
VERTEX
  5
2F8
330
2E8
100
AcDbEntity
  8
DEFAULT
 62
     1
100
AcDbVertex
100
AcDb2dVertex
 10
299.04944
 20
198.2701775
 30
0.0
  0
VERTEX
  5
2F9
330
2E8
100
AcDbEntity
  8
DEFAULT
 62
     1
100
AcDbVertex
100
AcDb2dVertex
 10
299.04944
 20
209.6966497222222
 30
0.0
  0
VERTEX
  5
2FA
330
2E8
100
AcDbEntity
  8
DEFAULT
 62
     1
100
AcDbVertex
100
AcDb2dVertex
 10
302.0480511111111
 20
209.6966497222222
 30
0.0
  0
VERTEX
  5
2FB
330
2E8
100
AcDbEntity
  8
DEFAULT
 62
     1
100
AcDbVertex
100
AcDb2dVertex
 10
302.0480511111111
 20
221.1266497222222
 30
0.0
  0
VERTEX
  5
2FC
330
2E8
100
AcDbEntity
  8
DEFAULT
 62
     1
100
AcDbVertex
100
AcDb2dVertex
 10
299.04944
 20
221.1266497222222
 30
0.0
  0
VERTEX
  5
2FD
330
2E8
100
AcDbEntity
  8
DEFAULT
 62
     1
100
AcDbVertex
100
AcDb2dVertex
 10
299.04944
 20
232.5531219444444
 30
0.0
  0
VERTEX
  5
2FE
330
2E8
100
AcDbEntity
  8
DEFAULT
 62
     1
100
AcDbVertex
100
AcDb2dVertex
 10
302.0480511111111
 20
232.5531219444444
 30
0.0
  0
VERTEX
  5
2FF
330
2E8
100
AcDbEntity
  8
DEFAULT
 62
     1
100
AcDbVertex
100
AcDb2dVertex
 10
302.0480511111111
 20
240.9845108333333
 30
0.0
  0
VERTEX
  5
300
330
2E8
100
AcDbEntity
  8
DEFAULT
 62
     1
100
AcDbVertex
100
AcDb2dVertex
 10
289.3939122222222
 20
240.9845108333333
 30
0.0
  0
VERTEX
  5
301
330
2E8
100
AcDbEntity
  8
DEFAULT
 62
     1
100
AcDbVertex
100
AcDb2dVertex
 10
289.3939122222222
 20
243.9831219444444
 30
0.0
  0
VERTEX
  5
302
330
2E8
100
AcDbEntity
  8
DEFAULT
 62
     1
100
AcDbVertex
100
AcDb2dVertex
 10
276.5351622222223
 20
243.9831219444444
 30
0.0
  0
VERTEX
  5
303
330
2E8
100
AcDbEntity
  8
DEFAULT
 62
     1
100
AcDbVertex
100
AcDb2dVertex
 10
276.5351622222223
 20
240.9845108333333
 30
0.0
  0
VERTEX
  5
304
330
2E8
100
AcDbEntity
  8
DEFAULT
 62
     1
100
AcDbVertex
100
AcDb2dVertex
 10
263.67994
 20
240.9845108333333
 30
0.0
  0
VERTEX
  5
305
330
2E8
100
AcDbEntity
  8
DEFAULT
 62
     1
100
AcDbVertex
100
AcDb2dVertex
 10
263.67994
 20
243.9831219444444
 30
0.0
  0
VERTEX
  5
306
330
2E8
100
AcDbEntity
  8
DEFAULT
 62
     1
100
AcDbVertex
100
AcDb2dVertex
 10
250.82119
 20
243.9831219444444
 30
0.0
  0
VERTEX
  5
307
330
2E8
100
AcDbEntity
  8
DEFAULT
 62
     1
100
AcDbVertex
100
AcDb2dVertex
 10
250.82119
 20
240.9845108333333
 30
0.0
  0
VERTEX
  5
308
330
2E8
100
AcDbEntity
  8
DEFAULT
 62
     1
100
AcDbVertex
100
AcDb2dVertex
 10
237.9659677777778
 20
240.9845108333333
 30
0.0
  0
SEQEND
  5
309
330
2E8
100
AcDbEntity
  8
DEFAULT
 62
     1
  0
POLYLINE
  5
30A
330
1F
100
AcDbEntity
  8
DEFAULT
 62
     1
100
AcDb2dPolyline
 66
     1
 10
0.0
 20
0.0
 30
0.0
 70
     1
  0
VERTEX
  5
30B
330
30A
100
AcDbEntity
  8
DEFAULT
 62
     1
100
AcDbVertex
100
AcDb2dVertex
 10
93.8403
 20
35.77378333333333
 30
0.0
  0
VERTEX
  5
30C
330
30A
100
AcDbEntity
  8
DEFAULT
 62
     1
100
AcDbVertex
100
AcDb2dVertex
 10
31.83960555555556
 20
35.77378333333333
 30
0.0
  0
VERTEX
  5
30D
330
30A
100
AcDbEntity
  8
DEFAULT
 62
     1
100
AcDbVertex
100
AcDb2dVertex
 10
31.83960555555556
 20
82.77083888888889
 30
0.0
  0
VERTEX
  5
30E
330
30A
100
AcDbEntity
  8
DEFAULT
 62
     1
100
AcDbVertex
100
AcDb2dVertex
 10
93.8403
 20
82.77083888888889
 30
0.0
  0
SEQEND
  5
30F
330
30A
100
AcDbEntity
  8
DEFAULT
 62
     1
  0
POLYLINE
  5
310
330
1F
100
AcDbEntity
  8
DEFAULT
 62
     1
100
AcDb2dPolyline
 66
     1
 10
0.0
 20
0.0
 30
0.0
 70
     1
  0
VERTEX
  5
311
330
310
100
AcDbEntity
  8
DEFAULT
 62
     1
100
AcDbVertex
100
AcDb2dVertex
 10
102.8396963888889
 20
73.20339972222222
 30
0.0
  0
VERTEX
  5
312
330
310
100
AcDbEntity
  8
DEFAULT
 62
     1
100
AcDbVertex
100
AcDb2dVertex
 10
102.8396963888889
 20
82.48851083333332
 30
0.0
  0
VERTEX
  5
313
330
310
100
AcDbEntity
  8
DEFAULT
 62
     1
100
AcDbVertex
100
AcDb2dVertex
 10
99.84108527777776
 20
82.48851083333332
 30
0.0
  0
VERTEX
  5
314
330
310
100
AcDbEntity
  8
DEFAULT
 62
     1
100
AcDbVertex
100
AcDb2dVertex
 10
99.84108527777776
 20
88.7753636111111
 30
0.0
  0
VERTEX
  5
315
330
310
100
AcDbEntity
  8
DEFAULT
 62
     1
100
AcDbVertex
100
AcDb2dVertex
 10
91.41322416666665
 20
88.7753636111111
 30
0.0
  0
VERTEX
  5
316
330
310
100
AcDbEntity
  8
DEFAULT
 62
     1
100
AcDbVertex
100
AcDb2dVertex
 10
91.41322416666665
 20
91.77397472222222
 30
0.0
  0
VERTEX
  5
317
330
310
100
AcDbEntity
  8
DEFAULT
 62
     1
100
AcDbVertex
100
AcDb2dVertex
 10
79.98322416666664
 20
91.77397472222222
 30
0.0
  0
VERTEX
  5
318
330
310
100
AcDbEntity
  8
DEFAULT
 62
     1
100
AcDbVertex
100
AcDb2dVertex
 10
79.98322416666664
 20
88.7753636111111
 30
0.0
  0
VERTEX
  5
319
330
310
100
AcDbEntity
  8
DEFAULT
 62
     1
100
AcDbVertex
100
AcDb2dVertex
 10
68.55322416666665
 20
88.7753636111111
 30
0.0
  0
VERTEX
  5
31A
330
310
100
AcDbEntity
  8
DEFAULT
 62
     1
100
AcDbVertex
100
AcDb2dVertex
 10
68.55322416666665
 20
91.77397472222222
 30
0.0
  0
VERTEX
  5
31B
330
310
100
AcDbEntity
  8
DEFAULT
 62
     1
100
AcDbVertex
100
AcDb2dVertex
 10
57.12675194444443
 20
91.77397472222222
 30
0.0
  0
VERTEX
  5
31C
330
310
100
AcDbEntity
  8
DEFAULT
 62
     1
100
AcDbVertex
100
AcDb2dVertex
 10
57.12675194444443
 20
88.7753636111111
 30
0.0
  0
VERTEX
  5
31D
330
310
100
AcDbEntity
  8
DEFAULT
 62
     1
100
AcDbVertex
100
AcDb2dVertex
 10
45.69675194444444
 20
88.7753636111111
 30
0.0
  0
VERTEX
  5
31E
330
310
100
AcDbEntity
  8
DEFAULT
 62
     1
100
AcDbVertex
100
AcDb2dVertex
 10
45.69675194444444
 20
91.77397472222222
 30
0.0
  0
VERTEX
  5
31F
330
310
100
AcDbEntity
  8
DEFAULT
 62
     1
100
AcDbVertex
100
AcDb2dVertex
 10
34.27027972222221
 20
91.77397472222222
 30
0.0
  0
VERTEX
  5
320
330
310
100
AcDbEntity
  8
DEFAULT
 62
     1
100
AcDbVertex
100
AcDb2dVertex
 10
34.27027972222221
 20
88.7753636111111
 30
0.0
  0
VERTEX
  5
321
330
310
100
AcDbEntity
  8
DEFAULT
 62
     1
100
AcDbVertex
100
AcDb2dVertex
 10
25.83889083333332
 20
88.7753636111111
 30
0.0
  0
VERTEX
  5
322
330
310
100
AcDbEntity
  8
DEFAULT
 62
     1
100
AcDbVertex
100
AcDb2dVertex
 10
25.83889083333332
 20
82.48851083333332
 30
0.0
  0
VERTEX
  5
323
330
310
100
AcDbEntity
  8
DEFAULT
 62
     1
100
AcDbVertex
100
AcDb2dVertex
 10
22.84027972222221
 20
82.48851083333332
 30
0.0
  0
VERTEX
  5
324
330
310
100
AcDbEntity
  8
DEFAULT
 62
     1
100
AcDbVertex
100
AcDb2dVertex
 10
22.84027972222221
 20
73.20339972222222
 30
0.0
  0
VERTEX
  5
325
330
310
100
AcDbEntity
  8
DEFAULT
 62
     1
100
AcDbVertex
100
AcDb2dVertex
 10
25.83889083333332
 20
73.20339972222222
 30
0.0
  0
VERTEX
  5
326
330
310
100
AcDbEntity
  8
DEFAULT
 62
     1
100
AcDbVertex
100
AcDb2dVertex
 10
25.83889083333332
 20
63.9182886111111
 30
0.0
  0
VERTEX
  5
327
330
310
100
AcDbEntity
  8
DEFAULT
 62
     1
100
AcDbVertex
100
AcDb2dVertex
 10
22.84027972222221
 20
63.9182886111111
 30
0.0
  0
VERTEX
  5
328
330
310
100
AcDbEntity
  8
DEFAULT
 62
     1
100
AcDbVertex
100
AcDb2dVertex
 10
22.84027972222221
 20
54.63000249999999
 30
0.0
  0
VERTEX
  5
329
330
310
100
AcDbEntity
  8
DEFAULT
 62
     1
100
AcDbVertex
100
AcDb2dVertex
 10
25.83889083333332
 20
54.63000249999999
 30
0.0
  0
VERTEX
  5
32A
330
310
100
AcDbEntity
  8
DEFAULT
 62
     1
100
AcDbVertex
100
AcDb2dVertex
 10
25.83889083333332
 20
45.3445386111111
 30
0.0
  0
VERTEX
  5
32B
330
310
100
AcDbEntity
  8
DEFAULT
 62
     1
100
AcDbVertex
100
AcDb2dVertex
 10
22.84027972222221
 20
45.3445386111111
 30
0.0
  0
VERTEX
  5
32C
330
310
100
AcDbEntity
  8
DEFAULT
 62
     1
100
AcDbVertex
100
AcDb2dVertex
 10
22.84027972222221
 20
36.05942749999999
 30
0.0
  0
VERTEX
  5
32D
330
310
100
AcDbEntity
  8
DEFAULT
 62
     1
100
AcDbVertex
100
AcDb2dVertex
 10
25.83889083333332
 20
36.05942749999999
 30
0.0
  0
VERTEX
  5
32E
330
310
100
AcDbEntity
  8
DEFAULT
 62
     1
100
AcDbVertex
100
AcDb2dVertex
 10
25.83889083333332
 20
29.77328027777777
 30
0.0
  0
VERTEX
  5
32F
330
310
100
AcDbEntity
  8
DEFAULT
 62
     1
100
AcDbVertex
100
AcDb2dVertex
 10
34.27027972222221
 20
29.77328027777777
 30
0.0
  0
VERTEX
  5
330
330
310
100
AcDbEntity
  8
DEFAULT
 62
     1
100
AcDbVertex
100
AcDb2dVertex
 10
34.27027972222221
 20
26.77466916666666
 30
0.0
  0
VERTEX
  5
331
330
310
100
AcDbEntity
  8
DEFAULT
 62
     1
100
AcDbVertex
100
AcDb2dVertex
 10
45.69675194444444
 20
26.77466916666666
 30
0.0
  0
VERTEX
  5
332
330
310
100
AcDbEntity
  8
DEFAULT
 62
     1
100
AcDbVertex
100
AcDb2dVertex
 10
45.69675194444444
 20
29.77328027777777
 30
0.0
  0
VERTEX
  5
333
330
310
100
AcDbEntity
  8
DEFAULT
 62
     1
100
AcDbVertex
100
AcDb2dVertex
 10
57.12675194444443
 20
29.77328027777777
 30
0.0
  0
VERTEX
  5
334
330
310
100
AcDbEntity
  8
DEFAULT
 62
     1
100
AcDbVertex
100
AcDb2dVertex
 10
57.12675194444443
 20
26.77466916666666
 30
0.0
  0
VERTEX
  5
335
330
310
100
AcDbEntity
  8
DEFAULT
 62
     1
100
AcDbVertex
100
AcDb2dVertex
 10
68.55322416666665
 20
26.77466916666666
 30
0.0
  0
VERTEX
  5
336
330
310
100
AcDbEntity
  8
DEFAULT
 62
     1
100
AcDbVertex
100
AcDb2dVertex
 10
68.55322416666665
 20
29.77328027777777
 30
0.0
  0
VERTEX
  5
337
330
310
100
AcDbEntity
  8
DEFAULT
 62
     1
100
AcDbVertex
100
AcDb2dVertex
 10
79.98322416666664
 20
29.77328027777777
 30
0.0
  0
VERTEX
  5
338
330
310
100
AcDbEntity
  8
DEFAULT
 62
     1
100
AcDbVertex
100
AcDb2dVertex
 10
79.98322416666664
 20
26.77466916666666
 30
0.0
  0
VERTEX
  5
339
330
310
100
AcDbEntity
  8
DEFAULT
 62
     1
100
AcDbVertex
100
AcDb2dVertex
 10
91.41322416666665
 20
26.77466916666666
 30
0.0
  0
VERTEX
  5
33A
330
310
100
AcDbEntity
  8
DEFAULT
 62
     1
100
AcDbVertex
100
AcDb2dVertex
 10
91.41322416666665
 20
29.77328027777777
 30
0.0
  0
VERTEX
  5
33B
330
310
100
AcDbEntity
  8
DEFAULT
 62
     1
100
AcDbVertex
100
AcDb2dVertex
 10
99.84108527777776
 20
29.77328027777777
 30
0.0
  0
VERTEX
  5
33C
330
310
100
AcDbEntity
  8
DEFAULT
 62
     1
100
AcDbVertex
100
AcDb2dVertex
 10
99.84108527777776
 20
36.05942749999999
 30
0.0
  0
VERTEX
  5
33D
330
310
100
AcDbEntity
  8
DEFAULT
 62
     1
100
AcDbVertex
100
AcDb2dVertex
 10
102.8396963888889
 20
36.05942749999999
 30
0.0
  0
VERTEX
  5
33E
330
310
100
AcDbEntity
  8
DEFAULT
 62
     1
100
AcDbVertex
100
AcDb2dVertex
 10
102.8396963888889
 20
45.3445386111111
 30
0.0
  0
VERTEX
  5
33F
330
310
100
AcDbEntity
  8
DEFAULT
 62
     1
100
AcDbVertex
100
AcDb2dVertex
 10
99.84108527777776
 20
45.3445386111111
 30
0.0
  0
VERTEX
  5
340
330
310
100
AcDbEntity
  8
DEFAULT
 62
     1
100
AcDbVertex
100
AcDb2dVertex
 10
99.84108527777776
 20
54.63000249999999
 30
0.0
  0
VERTEX
  5
341
330
310
100
AcDbEntity
  8
DEFAULT
 62
     1
100
AcDbVertex
100
AcDb2dVertex
 10
102.8396963888889
 20
54.63000249999999
 30
0.0
  0
VERTEX
  5
342
330
310
100
AcDbEntity
  8
DEFAULT
 62
     1
100
AcDbVertex
100
AcDb2dVertex
 10
102.8396963888889
 20
63.9182886111111
 30
0.0
  0
VERTEX
  5
343
330
310
100
AcDbEntity
  8
DEFAULT
 62
     1
100
AcDbVertex
100
AcDb2dVertex
 10
99.84108527777776
 20
63.9182886111111
 30
0.0
  0
VERTEX
  5
344
330
310
100
AcDbEntity
  8
DEFAULT
 62
     1
100
AcDbVertex
100
AcDb2dVertex
 10
99.84108527777776
 20
73.20339972222222
 30
0.0
  0
SEQEND
  5
345
330
310
100
AcDbEntity
  8
DEFAULT
 62
     1
  0
SPLINE
  5
346
330
1F
100
AcDbEntity
  8
DEFAULT
 62
     1
100
AcDbSpline
210
0.0
220
0.0
230
1.0
 70
    11
 71
     3
 72
    17
 73
    13
 74
     0
 42
0.000000001
 43
0.0000000001
 40
0.0
 40
0.0
 40
0.0
 40
0.0
 40
1.0
 40
1.0
 40
1.0
 40
2.0
 40
2.0
 40
2.0
 40
3.0
 40
3.0
 40
3.0
 40
4.0
 40
4.0
 40
4.0
 40
4.0
 10
144.8183469444444
 20
207.7846647222222
 30
0.0
 10
139.2162358333333
 20
207.7846647222222
 30
0.0
 10
134.6654025
 20
212.3354980555555
 30
0.0
 10
134.6654025
 20
217.9481925
 30
0.0
 10
134.6654025
 20
223.5432480555555
 30
0.0
 10
139.2162358333333
 20
228.0976091666667
 30
0.0
 10
144.8183469444444
 20
228.0976091666667
 30
0.0
 10
150.4310413888889
 20
228.0976091666667
 30
0.0
 10
154.9818747222222
 20
223.5432480555555
 30
0.0
 10
154.9818747222222
 20
217.9481925
 30
0.0
 10
154.9818747222222
 20
212.3354980555555
 30
0.0
 10
150.4310413888889
 20
207.7846647222222
 30
0.0
 10
144.8183469444444
 20
207.7846647222222
 30
0.0
  0
SPLINE
  5
347
330
1F
100
AcDbEntity
  8
DEFAULT
 62
     1
100
AcDbSpline
210
0.0
220
0.0
230
1.0
 70
    11
 71
     3
 72
    17
 73
    13
 74
     0
 42
0.000000001
 43
0.0000000001
 40
0.0
 40
0.0
 40
0.0
 40
0.0
 40
1.0
 40
1.0
 40
1.0
 40
2.0
 40
2.0
 40
2.0
 40
3.0
 40
3.0
 40
3.0
 40
4.0
 40
4.0
 40
4.0
 40
4.0
 10
115.4814527777778
 20
205.0857736111111
 30
0.0
 10
108.3906194444444
 20
205.0857736111111
 30
0.0
 10
102.6332861111111
 20
210.8466347222222
 30
0.0
 10
102.6332861111111
 20
217.9515791666667
 30
0.0
 10
102.6332861111111
 20
225.0318291666666
 30
0.0
 10
108.3906194444444
 20
230.7926902777778
 30
0.0
 10
115.4814527777778
 20
230.7926902777778
 30
0.0
 10
122.5863972222222
 20
230.7926902777778
 30
0.0
 10
128.3472583333333
 20
225.0318291666666
 30
0.0
 10
128.3472583333333
 20
217.9515791666667
 30
0.0
 10
128.3472583333333
 20
210.8466347222222
 30
0.0
 10
122.5863972222222
 20
205.0857736111111
 30
0.0
 10
115.4814527777778
 20
205.0857736111111
 30
0.0
  0
POLYLINE
  5
348
330
1F
100
AcDbEntity
  8
DEFAULT
 62
     1
100
AcDb2dPolyline
 66
     1
 10
0.0
 20
0.0
 30
0.0
 70
     1
  0
VERTEX
  5
349
330
348
100
AcDbEntity
  8
DEFAULT
 62
     1
100
AcDbVertex
100
AcDb2dVertex
 10
168.8072358333333
 20
227.0427683333333
 30
0.0
  0
VERTEX
  5
34A
330
348
100
AcDbEntity
  8
DEFAULT
 62
     1
100
AcDbVertex
100
AcDb2dVertex
 10
168.8072358333333
 20
243.9831572222222
 30
0.0
  0
VERTEX
  5
34B
330
348
100
AcDbEntity
  8
DEFAULT
 62
     1
100
AcDbVertex
100
AcDb2dVertex
 10
157.3807636111111
 20
243.9831572222222
 30
0.0
  0
VERTEX
  5
34C
330
348
100
AcDbEntity
  8
DEFAULT
 62
     1
100
AcDbVertex
100
AcDb2dVertex
 10
157.3807636111111
 20
240.9845461111111
 30
0.0
  0
VERTEX
  5
34D
330
348
100
AcDbEntity
  8
DEFAULT
 62
     1
100
AcDbVertex
100
AcDb2dVertex
 10
145.9507636111111
 20
240.9845461111111
 30
0.0
  0
VERTEX
  5
34E
330
348
100
AcDbEntity
  8
DEFAULT
 62
     1
100
AcDbVertex
100
AcDb2dVertex
 10
145.9507636111111
 20
243.9831572222222
 30
0.0
  0
VERTEX
  5
34F
330
348
100
AcDbEntity
  8
DEFAULT
 62
     1
100
AcDbVertex
100
AcDb2dVertex
 10
134.5207636111111
 20
243.9831572222222
 30
0.0
  0
VERTEX
  5
350
330
348
100
AcDbEntity
  8
DEFAULT
 62
     1
100
AcDbVertex
100
AcDb2dVertex
 10
134.5207636111111
 20
240.9845461111111
 30
0.0
  0
VERTEX
  5
351
330
348
100
AcDbEntity
  8
DEFAULT
 62
     1
100
AcDbVertex
100
AcDb2dVertex
 10
123.0942913888888
 20
240.9845461111111
 30
0.0
  0
VERTEX
  5
352
330
348
100
AcDbEntity
  8
DEFAULT
 62
     1
100
AcDbVertex
100
AcDb2dVertex
 10
123.0942913888888
 20
243.9831572222222
 30
0.0
  0
VERTEX
  5
353
330
348
100
AcDbEntity
  8
DEFAULT
 62
     1
100
AcDbVertex
100
AcDb2dVertex
 10
111.6642913888889
 20
243.9831572222222
 30
0.0
  0
VERTEX
  5
354
330
348
100
AcDbEntity
  8
DEFAULT
 62
     1
100
AcDbVertex
100
AcDb2dVertex
 10
111.6642913888889
 20
240.9845461111111
 30
0.0
  0
VERTEX
  5
355
330
348
100
AcDbEntity
  8
DEFAULT
 62
     1
100
AcDbVertex
100
AcDb2dVertex
 10
100.2378191666667
 20
240.9845461111111
 30
0.0
  0
VERTEX
  5
356
330
348
100
AcDbEntity
  8
DEFAULT
 62
     1
100
AcDbVertex
100
AcDb2dVertex
 10
100.2378191666667
 20
243.9831572222222
 30
0.0
  0
VERTEX
  5
357
330
348
100
AcDbEntity
  8
DEFAULT
 62
     1
100
AcDbVertex
100
AcDb2dVertex
 10
88.80781916666665
 20
243.9831572222222
 30
0.0
  0
VERTEX
  5
358
330
348
100
AcDbEntity
  8
DEFAULT
 62
     1
100
AcDbVertex
100
AcDb2dVertex
 10
88.80781916666665
 20
227.0427683333333
 30
0.0
  0
VERTEX
  5
359
330
348
100
AcDbEntity
  8
DEFAULT
 62
     1
100
AcDbVertex
100
AcDb2dVertex
 10
91.80643027777776
 20
227.0427683333333
 30
0.0
  0
VERTEX
  5
35A
330
348
100
AcDbEntity
  8
DEFAULT
 62
     1
100
AcDbVertex
100
AcDb2dVertex
 10
91.80643027777776
 20
212.7552683333333
 30
0.0
  0
VERTEX
  5
35B
330
348
100
AcDbEntity
  8
DEFAULT
 62
     1
100
AcDbVertex
100
AcDb2dVertex
 10
88.80781916666665
 20
212.7552683333333
 30
0.0
  0
VERTEX
  5
35C
330
348
100
AcDbEntity
  8
DEFAULT
 62
     1
100
AcDbVertex
100
AcDb2dVertex
 10
88.80781916666665
 20
198.4712961111111
 30
0.0
  0
VERTEX
  5
35D
330
348
100
AcDbEntity
  8
DEFAULT
 62
     1
100
AcDbVertex
100
AcDb2dVertex
 10
91.80643027777776
 20
198.4712961111111
 30
0.0
  0
VERTEX
  5
35E
330
348
100
AcDbEntity
  8
DEFAULT
 62
     1
100
AcDbVertex
100
AcDb2dVertex
 10
91.80643027777776
 20
184.1837961111111
 30
0.0
  0
VERTEX
  5
35F
330
348
100
AcDbEntity
  8
DEFAULT
 62
     1
100
AcDbVertex
100
AcDb2dVertex
 10
88.80781916666665
 20
184.1837961111111
 30
0.0
  0
VERTEX
  5
360
330
348
100
AcDbEntity
  8
DEFAULT
 62
     1
100
AcDbVertex
100
AcDb2dVertex
 10
88.80781916666665
 20
169.8998238888888
 30
0.0
  0
VERTEX
  5
361
330
348
100
AcDbEntity
  8
DEFAULT
 62
     1
100
AcDbVertex
100
AcDb2dVertex
 10
98.09645805555554
 20
169.8998238888888
 30
0.0
  0
VERTEX
  5
362
330
348
100
AcDbEntity
  8
DEFAULT
 62
     1
100
AcDbVertex
100
AcDb2dVertex
 10
98.09645805555554
 20
193.3701294444444
 30
0.0
  0
VERTEX
  5
363
330
348
100
AcDbEntity
  8
DEFAULT
 62
     1
100
AcDbVertex
100
AcDb2dVertex
 10
106.4572913888889
 20
193.3701294444444
 30
0.0
  0
VERTEX
  5
364
330
348
100
AcDbEntity
  8
DEFAULT
 62
     1
100
AcDbVertex
100
AcDb2dVertex
 10
106.4572913888889
 20
196.8026572222222
 30
0.0
  0
VERTEX
  5
365
330
348
100
AcDbEntity
  8
DEFAULT
 62
     1
100
AcDbVertex
100
AcDb2dVertex
 10
115.7459302777778
 20
196.8026572222222
 30
0.0
  0
VERTEX
  5
366
330
348
100
AcDbEntity
  8
DEFAULT
 62
     1
100
AcDbVertex
100
AcDb2dVertex
 10
115.7459302777778
 20
191.8990461111111
 30
0.0
  0
VERTEX
  5
367
330
348
100
AcDbEntity
  8
DEFAULT
 62
     1
100
AcDbVertex
100
AcDb2dVertex
 10
123.8104302777778
 20
191.8990461111111
 30
0.0
  0
VERTEX
  5
368
330
348
100
AcDbEntity
  8
DEFAULT
 62
     1
100
AcDbVertex
100
AcDb2dVertex
 10
123.8104302777778
 20
194.3508516666666
 30
0.0
  0
VERTEX
  5
369
330
348
100
AcDbEntity
  8
DEFAULT
 62
     1
100
AcDbVertex
100
AcDb2dVertex
 10
133.8046247222222
 20
194.3508516666666
 30
0.0
  0
VERTEX
  5
36A
330
348
100
AcDbEntity
  8
DEFAULT
 62
     1
100
AcDbVertex
100
AcDb2dVertex
 10
133.8046247222222
 20
191.8990461111111
 30
0.0
  0
VERTEX
  5
36B
330
348
100
AcDbEntity
  8
DEFAULT
 62
     1
100
AcDbVertex
100
AcDb2dVertex
 10
141.7562358333333
 20
191.8990461111111
 30
0.0
  0
VERTEX
  5
36C
330
348
100
AcDbEntity
  8
DEFAULT
 62
     1
100
AcDbVertex
100
AcDb2dVertex
 10
141.7562358333333
 20
196.8026572222222
 30
0.0
  0
VERTEX
  5
36D
330
348
100
AcDbEntity
  8
DEFAULT
 62
     1
100
AcDbVertex
100
AcDb2dVertex
 10
151.0484025
 20
196.8026572222222
 30
0.0
  0
VERTEX
  5
36E
330
348
100
AcDbEntity
  8
DEFAULT
 62
     1
100
AcDbVertex
100
AcDb2dVertex
 10
151.0484025
 20
193.3701294444444
 30
0.0
  0
VERTEX
  5
36F
330
348
100
AcDbEntity
  8
DEFAULT
 62
     1
100
AcDbVertex
100
AcDb2dVertex
 10
159.4092358333333
 20
193.3701294444444
 30
0.0
  0
VERTEX
  5
370
330
348
100
AcDbEntity
  8
DEFAULT
 62
     1
100
AcDbVertex
100
AcDb2dVertex
 10
159.4092358333333
 20
169.8998238888888
 30
0.0
  0
VERTEX
  5
371
330
348
100
AcDbEntity
  8
DEFAULT
 62
     1
100
AcDbVertex
100
AcDb2dVertex
 10
168.8072358333333
 20
169.8998238888888
 30
0.0
  0
VERTEX
  5
372
330
348
100
AcDbEntity
  8
DEFAULT
 62
     1
100
AcDbVertex
100
AcDb2dVertex
 10
168.8072358333333
 20
184.1837961111111
 30
0.0
  0
VERTEX
  5
373
330
348
100
AcDbEntity
  8
DEFAULT
 62
     1
100
AcDbVertex
100
AcDb2dVertex
 10
165.8086247222222
 20
184.1837961111111
 30
0.0
  0
VERTEX
  5
374
330
348
100
AcDbEntity
  8
DEFAULT
 62
     1
100
AcDbVertex
100
AcDb2dVertex
 10
165.8086247222222
 20
198.4712961111111
 30
0.0
  0
VERTEX
  5
375
330
348
100
AcDbEntity
  8
DEFAULT
 62
     1
100
AcDbVertex
100
AcDb2dVertex
 10
168.8072358333333
 20
198.4712961111111
 30
0.0
  0
VERTEX
  5
376
330
348
100
AcDbEntity
  8
DEFAULT
 62
     1
100
AcDbVertex
100
AcDb2dVertex
 10
168.8072358333333
 20
212.7552683333333
 30
0.0
  0
VERTEX
  5
377
330
348
100
AcDbEntity
  8
DEFAULT
 62
     1
100
AcDbVertex
100
AcDb2dVertex
 10
165.8086247222222
 20
212.7552683333333
 30
0.0
  0
VERTEX
  5
378
330
348
100
AcDbEntity
  8
DEFAULT
 62
     1
100
AcDbVertex
100
AcDb2dVertex
 10
165.8086247222222
 20
227.0427683333333
 30
0.0
  0
SEQEND
  5
379
330
348
100
AcDbEntity
  8
DEFAULT
 62
     1
  0
POLYLINE
  5
37A
330
1F
100
AcDbEntity
  8
DEFAULT
 62
     1
100
AcDb2dPolyline
 66
     1
 10
0.0
 20
0.0
 30
0.0
 70
     1
  0
VERTEX
  5
37B
330
37A
100
AcDbEntity
  8
DEFAULT
 62
     1
100
AcDbVertex
100
AcDb2dVertex
 10
105.8381311111111
 20
146.7770044444444
 30
0.0
  0
VERTEX
  5
37C
330
37A
100
AcDbEntity
  8
DEFAULT
 62
     1
100
AcDbVertex
100
AcDb2dVertex
 10
105.8381311111111
 20
135.9181516666666
 30
0.0
  0
VERTEX
  5
37D
330
37A
100
AcDbEntity
  8
DEFAULT
 62
     1
100
AcDbVertex
100
AcDb2dVertex
 10
108.8367422222222
 20
135.9181516666666
 30
0.0
  0
VERTEX
  5
37E
330
37A
100
AcDbEntity
  8
DEFAULT
 62
     1
100
AcDbVertex
100
AcDb2dVertex
 10
108.8367422222222
 20
125.0596516666667
 30
0.0
  0
VERTEX
  5
37F
330
37A
100
AcDbEntity
  8
DEFAULT
 62
     1
100
AcDbVertex
100
AcDb2dVertex
 10
105.8381311111111
 20
125.0596516666667
 30
0.0
  0
VERTEX
  5
380
330
37A
100
AcDbEntity
  8
DEFAULT
 62
     1
100
AcDbVertex
100
AcDb2dVertex
 10
105.8381311111111
 20
114.2050322222222
 30
0.0
  0
VERTEX
  5
381
330
37A
100
AcDbEntity
  8
DEFAULT
 62
     1
100
AcDbVertex
100
AcDb2dVertex
 10
108.8367422222222
 20
114.2050322222222
 30
0.0
  0
VERTEX
  5
382
330
37A
100
AcDbEntity
  8
DEFAULT
 62
     1
100
AcDbVertex
100
AcDb2dVertex
 10
108.8367422222222
 20
103.3458266666667
 30
0.0
  0
VERTEX
  5
383
330
37A
100
AcDbEntity
  8
DEFAULT
 62
     1
100
AcDbVertex
100
AcDb2dVertex
 10
105.8381311111111
 20
103.3458266666667
 30
0.0
  0
VERTEX
  5
384
330
37A
100
AcDbEntity
  8
DEFAULT
 62
     1
100
AcDbVertex
100
AcDb2dVertex
 10
105.8381311111111
 20
92.48838499999998
 30
0.0
  0
VERTEX
  5
385
330
37A
100
AcDbEntity
  8
DEFAULT
 62
     1
100
AcDbVertex
100
AcDb2dVertex
 10
25.83871444444444
 20
92.48838499999998
 30
0.0
  0
VERTEX
  5
386
330
37A
100
AcDbEntity
  8
DEFAULT
 62
     1
100
AcDbVertex
100
AcDb2dVertex
 10
25.83871444444444
 20
103.3458266666667
 30
0.0
  0
VERTEX
  5
387
330
37A
100
AcDbEntity
  8
DEFAULT
 62
     1
100
AcDbVertex
100
AcDb2dVertex
 10
22.84010333333333
 20
103.3458266666667
 30
0.0
  0
VERTEX
  5
388
330
37A
100
AcDbEntity
  8
DEFAULT
 62
     1
100
AcDbVertex
100
AcDb2dVertex
 10
22.84010333333333
 20
114.2050322222222
 30
0.0
  0
VERTEX
  5
389
330
37A
100
AcDbEntity
  8
DEFAULT
 62
     1
100
AcDbVertex
100
AcDb2dVertex
 10
25.83871444444444
 20
114.2050322222222
 30
0.0
  0
VERTEX
  5
38A
330
37A
100
AcDbEntity
  8
DEFAULT
 62
     1
100
AcDbVertex
100
AcDb2dVertex
 10
25.83871444444444
 20
125.0631794444444
 30
0.0
  0
VERTEX
  5
38B
330
37A
100
AcDbEntity
  8
DEFAULT
 62
     1
100
AcDbVertex
100
AcDb2dVertex
 10
22.84010333333333
 20
125.0631794444444
 30
0.0
  0
VERTEX
  5
38C
330
37A
100
AcDbEntity
  8
DEFAULT
 62
     1
100
AcDbVertex
100
AcDb2dVertex
 10
22.84010333333333
 20
135.9181516666666
 30
0.0
  0
VERTEX
  5
38D
330
37A
100
AcDbEntity
  8
DEFAULT
 62
     1
100
AcDbVertex
100
AcDb2dVertex
 10
25.83871444444444
 20
135.9181516666666
 30
0.0
  0
VERTEX
  5
38E
330
37A
100
AcDbEntity
  8
DEFAULT
 62
     1
100
AcDbVertex
100
AcDb2dVertex
 10
25.83871444444444
 20
146.7770044444444
 30
0.0
  0
VERTEX
  5
38F
330
37A
100
AcDbEntity
  8
DEFAULT
 62
     1
100
AcDbVertex
100
AcDb2dVertex
 10
22.84010333333333
 20
146.7770044444444
 30
0.0
  0
VERTEX
  5
390
330
37A
100
AcDbEntity
  8
DEFAULT
 62
     1
100
AcDbVertex
100
AcDb2dVertex
 10
22.84010333333333
 20
157.6319766666666
 30
0.0
  0
VERTEX
  5
391
330
37A
100
AcDbEntity
  8
DEFAULT
 62
     1
100
AcDbVertex
100
AcDb2dVertex
 10
25.83871444444444
 20
157.6319766666666
 30
0.0
  0
VERTEX
  5
392
330
37A
100
AcDbEntity
  8
DEFAULT
 62
     1
100
AcDbVertex
100
AcDb2dVertex
 10
25.83871444444444
 20
165.4918655555555
 30
0.0
  0
VERTEX
  5
393
330
37A
100
AcDbEntity
  8
DEFAULT
 62
     1
100
AcDbVertex
100
AcDb2dVertex
 10
35.12347277777778
 20
165.4918655555555
 30
0.0
  0
VERTEX
  5
394
330
37A
100
AcDbEntity
  8
DEFAULT
 62
     1
100
AcDbVertex
100
AcDb2dVertex
 10
35.12347277777778
 20
168.4904766666666
 30
0.0
  0
VERTEX
  5
395
330
37A
100
AcDbEntity
  8
DEFAULT
 62
     1
100
AcDbVertex
100
AcDb2dVertex
 10
47.41107555555555
 20
168.4904766666666
 30
0.0
  0
VERTEX
  5
396
330
37A
100
AcDbEntity
  8
DEFAULT
 62
     1
100
AcDbVertex
100
AcDb2dVertex
 10
47.41107555555555
 20
165.4918655555555
 30
0.0
  0
VERTEX
  5
397
330
37A
100
AcDbEntity
  8
DEFAULT
 62
     1
100
AcDbVertex
100
AcDb2dVertex
 10
59.69479777777777
 20
165.4918655555555
 30
0.0
  0
VERTEX
  5
398
330
37A
100
AcDbEntity
  8
DEFAULT
 62
     1
100
AcDbVertex
100
AcDb2dVertex
 10
59.69479777777777
 20
168.4904766666666
 30
0.0
  0
VERTEX
  5
399
330
37A
100
AcDbEntity
  8
DEFAULT
 62
     1
100
AcDbVertex
100
AcDb2dVertex
 10
71.98240055555554
 20
168.4904766666666
 30
0.0
  0
VERTEX
  5
39A
330
37A
100
AcDbEntity
  8
DEFAULT
 62
     1
100
AcDbVertex
100
AcDb2dVertex
 10
71.98240055555554
 20
165.4918655555555
 30
0.0
  0
VERTEX
  5
39B
330
37A
100
AcDbEntity
  8
DEFAULT
 62
     1
100
AcDbVertex
100
AcDb2dVertex
 10
84.26576999999999
 20
165.4918655555555
 30
0.0
  0
VERTEX
  5
39C
330
37A
100
AcDbEntity
  8
DEFAULT
 62
     1
100
AcDbVertex
100
AcDb2dVertex
 10
84.26576999999999
 20
168.4904766666666
 30
0.0
  0
VERTEX
  5
39D
330
37A
100
AcDbEntity
  8
DEFAULT
 62
     1
100
AcDbVertex
100
AcDb2dVertex
 10
96.55337277777777
 20
168.4904766666666
 30
0.0
  0
VERTEX
  5
39E
330
37A
100
AcDbEntity
  8
DEFAULT
 62
     1
100
AcDbVertex
100
AcDb2dVertex
 10
96.55337277777777
 20
165.4918655555555
 30
0.0
  0
VERTEX
  5
39F
330
37A
100
AcDbEntity
  8
DEFAULT
 62
     1
100
AcDbVertex
100
AcDb2dVertex
 10
105.8381311111111
 20
165.4918655555555
 30
0.0
  0
VERTEX
  5
3A0
330
37A
100
AcDbEntity
  8
DEFAULT
 62
     1
100
AcDbVertex
100
AcDb2dVertex
 10
105.8381311111111
 20
157.6319766666666
 30
0.0
  0
VERTEX
  5
3A1
330
37A
100
AcDbEntity
  8
DEFAULT
 62
     1
100
AcDbVertex
100
AcDb2dVertex
 10
108.8367422222222
 20
157.6319766666666
 30
0.0
  0
VERTEX
  5
3A2
330
37A
100
AcDbEntity
  8
DEFAULT
 62
     1
100
AcDbVertex
100
AcDb2dVertex
 10
108.8367422222222
 20
146.7770044444444
 30
0.0
  0
SEQEND
  5
3A3
330
37A
100
AcDbEntity
  8
DEFAULT
 62
     1
  0
SPLINE
  5
3A4
330
1F
100
AcDbEntity
  8
DEFAULT
 62
     1
100
AcDbSpline
210
0.0
220
0.0
230
1.0
 70
    11
 71
     3
 72
    17
 73
    13
 74
     0
 42
0.000000001
 43
0.0000000001
 40
0.0
 40
0.0
 40
0.0
 40
0.0
 40
1.0
 40
1.0
 40
1.0
 40
2.0
 40
2.0
 40
2.0
 40
3.0
 40
3.0
 40
3.0
 40
4.0
 40
4.0
 40
4.0
 40
4.0
 10
230.1833372222222
 20
154.9808163888889
 30
0.0
 10
233.0831705555555
 20
154.9808163888889
 30
0.0
 10
235.4326705555555
 20
152.6313163888889
 30
0.0
 10
235.4326705555555
 20
149.7314830555555
 30
0.0
 10
235.4326705555555
 20
146.8316497222222
 30
0.0
 10
233.0831705555555
 20
144.4821497222222
 30
0.0
 10
230.1833372222222
 20
144.4821497222222
 30
0.0
 10
227.2835038888889
 20
144.4821497222222
 30
0.0
 10
224.9340038888889
 20
146.8316497222222
 30
0.0
 10
224.9340038888889
 20
149.7314830555555
 30
0.0
 10
224.9340038888889
 20
152.6313163888889
 30
0.0
 10
227.2835038888889
 20
154.9808163888889
 30
0.0
 10
230.1833372222222
 20
154.9808163888889
 30
0.0
  0
SPLINE
  5
3A5
330
1F
100
AcDbEntity
  8
DEFAULT
 62
     1
100
AcDbSpline
210
0.0
220
0.0
230
1.0
 70
    11
 71
     3
 72
    92
 73
    88
 74
     0
 42
0.000000001
 43
0.0000000001
 40
1.0
 40
1.0
 40
1.0
 40
1.0
 40
120.05
 40
120.05
 40
120.05
 40
150.8299999999999
 40
150.8299999999999
 40
150.8299999999999
 40
159.3299999999999
 40
159.3299999999999
 40
159.3299999999999
 40
190.1
 40
190.1
 40
190.1
 40
198.6
 40
198.6
 40
198.6
 40
229.3799999999999
 40
229.3799999999999
 40
229.3799999999999
 40
237.8799999999999
 40
237.8799999999999
 40
237.8799999999999
 40
268.66
 40
268.66
 40
268.66
 40
277.16
 40
277.16
 40
277.16
 40
307.9299999999999
 40
307.9299999999999
 40
307.9299999999999
 40
316.4299999999999
 40
316.4299999999999
 40
316.4299999999999
 40
347.2099999999999
 40
347.2099999999999
 40
347.2099999999999
 40
355.7099999999999
 40
355.7099999999999
 40
355.7099999999999
 40
377.9889999999999
 40
377.9889999999999
 40
377.9889999999999
 40
394.9889999999999
 40
394.9889999999999
 40
394.9889999999999
 40
403.4889999999999
 40
403.4889999999999
 40
403.4889999999999
 40
420.4989999999999
 40
420.4989999999999
 40
420.4989999999999
 40
428.9989999999999
 40
428.9989999999999
 40
428.9989999999999
 40
446.0089999999999
 40
446.0089999999999
 40
446.0089999999999
 40
454.5089999999999
 40
454.5089999999999
 40
454.5089999999999
 40
471.5189999999999
 40
471.5189999999999
 40
471.5189999999999
 40
480.0189999999999
 40
480.0189999999999
 40
480.0189999999999
 40
497.0189999999999
 40
497.0189999999999
 40
497.0189999999999
 40
505.5189999999999
 40
505.5189999999999
 40
505.5189999999999
 40
522.5289999999999
 40
522.5289999999999
 40
522.5289999999999
 40
531.0289999999999
 40
531.0289999999999
 40
531.0289999999999
 40
548.0389999999999
 40
548.0389999999999
 40
548.0389999999999
 40
549.0389999999999
 40
549.0389999999999
 40
549.0389999999999
 40
550.0389999999999
 40
550.0389999999999
 40
550.0389999999999
 40
550.0389999999999
 10
245.8607463888889
 20
163.9837052777777
 30
0.0
 10
231.8613482407407
 20
163.9837052777777
 30
0.0
 10
217.8619500925926
 20
163.9837052777777
 30
0.0
 10
203.8625519444444
 20
163.9837052777777
 30
0.0
 10
203.8625519444444
 20
160.3642052777778
 30
0.0
 10
203.8625519444444
 20
156.7447052777777
 30
0.0
 10
203.8625519444444
 20
153.1252052777778
 30
0.0
 10
204.8620889814814
 20
153.1252052777778
 30
0.0
 10
205.8616260185185
 20
153.1252052777778
 30
0.0
 10
206.8611630555555
 20
153.1252052777778
 30
0.0
 10
206.8611630555555
 20
149.5068812037037
 30
0.0
 10
206.8611630555555
 20
145.8885571296296
 30
0.0
 10
206.8611630555555
 20
142.2702330555555
 30
0.0
 10
205.8616260185185
 20
142.2702330555555
 30
0.0
 10
204.8620889814814
 20
142.2702330555555
 30
0.0
 10
203.8625519444444
 20
142.2702330555555
 30
0.0
 10
203.8625519444444
 20
138.6507330555555
 30
0.0
 10
203.8625519444444
 20
135.0312330555555
 30
0.0
 10
203.8625519444444
 20
131.4117330555555
 30
0.0
 10
204.8620889814814
 20
131.4117330555555
 30
0.0
 10
205.8616260185185
 20
131.4117330555555
 30
0.0
 10
206.8611630555555
 20
131.4117330555555
 30
0.0
 10
206.8611630555555
 20
127.7922330555555
 30
0.0
 10
206.8611630555555
 20
124.1727330555555
 30
0.0
 10
206.8611630555555
 20
120.5532330555555
 30
0.0
 10
205.8616260185185
 20
120.5532330555555
 30
0.0
 10
204.8620889814814
 20
120.5532330555555
 30
0.0
 10
203.8625519444444
 20
120.5532330555555
 30
0.0
 10
203.8625519444444
 20
116.9349089814815
 30
0.0
 10
203.8625519444444
 20
113.3165849074074
 30
0.0
 10
203.8625519444444
 20
109.6982608333333
 30
0.0
 10
204.8620889814814
 20
109.6982608333333
 30
0.0
 10
205.8616260185185
 20
109.6982608333333
 30
0.0
 10
206.8611630555555
 20
109.6982608333333
 30
0.0
 10
206.8611630555555
 20
106.0787608333333
 30
0.0
 10
206.8611630555555
 20
102.4592608333333
 30
0.0
 10
206.8611630555555
 20
98.83976083333333
 30
0.0
 10
205.8616260185185
 20
98.83976083333333
 30
0.0
 10
204.8620889814814
 20
98.83976083333333
 30
0.0
 10
203.8625519444444
 20
98.83976083333333
 30
0.0
 10
203.8625519444444
 20
96.21991546296296
 30
0.0
 10
203.8625519444444
 20
93.60007009259259
 30
0.0
 10
203.8625519444444
 20
90.98022472222222
 30
0.0
 10
205.8616260185185
 20
90.98022472222222
 30
0.0
 10
207.8607000925926
 20
90.98022472222222
 30
0.0
 10
209.8597741666667
 20
90.98022472222222
 30
0.0
 10
209.8597741666667
 20
89.98068768518517
 30
0.0
 10
209.8597741666667
 20
88.98115064814813
 30
0.0
 10
209.8597741666667
 20
87.98161361111109
 30
0.0
 10
211.8600241666666
 20
87.98161361111109
 30
0.0
 10
213.8602741666666
 20
87.98161361111109
 30
0.0
 10
215.8605241666666
 20
87.98161361111109
 30
0.0
 10
215.8605241666666
 20
88.98115064814813
 30
0.0
 10
215.8605241666666
 20
89.98068768518517
 30
0.0
 10
215.8605241666666
 20
90.98022472222222
 30
0.0
 10
217.8607741666666
 20
90.98022472222222
 30
0.0
 10
219.8610241666666
 20
90.98022472222222
 30
0.0
 10
221.8612741666667
 20
90.98022472222222
 30
0.0
 10
221.8612741666667
 20
89.98068768518517
 30
0.0
 10
221.8612741666667
 20
88.98115064814813
 30
0.0
 10
221.8612741666667
 20
87.98161361111109
 30
0.0
 10
223.8615241666666
 20
87.98161361111109
 30
0.0
 10
225.8617741666667
 20
87.98161361111109
 30
0.0
 10
227.8620241666666
 20
87.98161361111109
 30
0.0
 10
227.8620241666666
 20
88.98115064814813
 30
0.0
 10
227.8620241666666
 20
89.98068768518517
 30
0.0
 10
227.8620241666666
 20
90.98022472222222
 30
0.0
 10
229.8610982407407
 20
90.98022472222222
 30
0.0
 10
231.8601723148148
 20
90.98022472222222
 30
0.0
 10
233.8592463888889
 20
90.98022472222222
 30
0.0
 10
233.8592463888889
 20
89.98068768518517
 30
0.0
 10
233.8592463888889
 20
88.98115064814813
 30
0.0
 10
233.8592463888889
 20
87.98161361111109
 30
0.0
 10
235.8594963888889
 20
87.98161361111109
 30
0.0
 10
237.8597463888889
 20
87.98161361111109
 30
0.0
 10
239.8599963888888
 20
87.98161361111109
 30
0.0
 10
239.8599963888888
 20
88.98115064814813
 30
0.0
 10
239.8599963888888
 20
89.98068768518517
 30
0.0
 10
239.8599963888888
 20
90.98022472222222
 30
0.0
 10
241.8602463888889
 20
90.98022472222222
 30
0.0
 10
243.8604963888889
 20
90.98022472222222
 30
0.0
 10
245.8607463888889
 20
90.98022472222222
 30
0.0
 10
245.8607463888889
 20
112.0548163888889
 30
0.0
 10
256.8603575
 20
123.8375941666666
 30
0.0
 10
256.8603575
 20
147.0538997222222
 30
0.0
 10
256.8603575
 20
157.6054830555555
 30
0.0
 10
251.6110241666666
 20
163.9837052777777
 30
0.0
 10
245.8607463888889
 20
163.9837052777777
 30
0.0
  0
SPLINE
  5
3A6
330
1F
100
AcDbEntity
  8
DEFAULT
 62
     1
100
AcDbSpline
210
0.0
220
0.0
230
1.0
 70
    11
 71
     3
 72
    17
 73
    13
 74
     0
 42
0.000000001
 43
0.0000000001
 40
0.0
 40
0.0
 40
0.0
 40
0.0
 40
1.0
 40
1.0
 40
1.0
 40
2.0
 40
2.0
 40
2.0
 40
3.0
 40
3.0
 40
3.0
 40
4.0
 40
4.0
 40
4.0
 40
4.0
 10
179.6162058333333
 20
154.2383955555555
 30
0.0
 10
179.6162058333333
 20
151.3385622222222
 30
0.0
 10
177.2667058333333
 20
148.9890622222222
 30
0.0
 10
174.3668725
 20
148.9890622222222
 30
0.0
 10
171.4670391666666
 20
148.9890622222222
 30
0.0
 10
169.1175391666667
 20
151.3385622222222
 30
0.0
 10
169.1175391666667
 20
154.2383955555555
 30
0.0
 10
169.1175391666667
 20
157.1382288888889
 30
0.0
 10
171.4670391666666
 20
159.4877288888889
 30
0.0
 10
174.3668725
 20
159.4877288888889
 30
0.0
 10
177.2667058333333
 20
159.4877288888889
 30
0.0
 10
179.6162058333333
 20
157.1382288888889
 30
0.0
 10
179.6162058333333
 20
154.2383955555555
 30
0.0
  0
SPLINE
  5
3A7
330
1F
100
AcDbEntity
  8
DEFAULT
 62
     1
100
AcDbSpline
210
0.0
220
0.0
230
1.0
 70
    11
 71
     3
 72
    92
 73
    88
 74
     0
 42
0.000000001
 43
0.0000000001
 40
1.0
 40
1.0
 40
1.0
 40
1.0
 40
2.0
 40
2.0
 40
2.0
 40
19.00999999999999
 40
19.00999999999999
 40
19.00999999999999
 40
27.50999999999999
 40
27.50999999999999
 40
27.50999999999999
 40
44.51999999999998
 40
44.51999999999998
 40
44.51999999999998
 40
53.01999999999998
 40
53.01999999999998
 40
53.01999999999998
 40
70.01999999999998
 40
70.01999999999998
 40
70.01999999999998
 40
78.51999999999998
 40
78.51999999999998
 40
78.51999999999998
 40
95.52999999999997
 40
95.52999999999997
 40
95.52999999999997
 40
104.03
 40
104.03
 40
104.03
 40
121.04
 40
121.04
 40
121.04
 40
129.54
 40
129.54
 40
129.54
 40
146.55
 40
146.55
 40
146.55
 40
155.05
 40
155.05
 40
155.05
 40
172.05
 40
172.05
 40
172.05
 40
194.33
 40
194.33
 40
194.33
 40
202.83
 40
202.83
 40
202.83
 40
233.61
 40
233.61
 40
233.61
 40
242.11
 40
242.11
 40
242.11
 40
272.8799999999999
 40
272.8799999999999
 40
272.8799999999999
 40
281.3799999999999
 40
281.3799999999999
 40
281.3799999999999
 40
312.1599999999999
 40
312.1599999999999
 40
312.1599999999999
 40
320.6599999999999
 40
320.6599999999999
 40
320.6599999999999
 40
351.4399999999999
 40
351.4399999999999
 40
351.4399999999999
 40
359.9399999999999
 40
359.9399999999999
 40
359.9399999999999
 40
390.7099999999999
 40
390.7099999999999
 40
390.7099999999999
 40
399.2099999999999
 40
399.2099999999999
 40
399.2099999999999
 40
429.99
 40
429.99
 40
429.99
 40
549.04
 40
549.04
 40
549.04
 40
550.04
 40
550.04
 40
550.04
 40
550.04
 10
147.6898169444444
 20
151.5607063888889
 30
0.0
 10
147.6898169444444
 20
128.3444008333333
 30
0.0
 10
158.6894280555555
 20
116.5616230555556
 30
0.0
 10
158.6894280555555
 20
95.4866786111111
 30
0.0
 10
160.6896780555556
 20
95.48667861111112
 30
0.0
 10
162.6899280555556
 20
95.48667861111112
 30
0.0
 10
164.6901780555555
 20
95.4866786111111
 30
0.0
 10
164.6901780555555
 20
94.48714157407407
 30
0.0
 10
164.6901780555555
 20
93.48760453703704
 30
0.0
 10
164.6901780555555
 20
92.4880675
 30
0.0
 10
166.6904280555555
 20
92.4880675
 30
0.0
 10
168.6906780555555
 20
92.4880675
 30
0.0
 10
170.6909280555555
 20
92.4880675
 30
0.0
 10
170.6909280555555
 20
93.48760453703703
 30
0.0
 10
170.6909280555555
 20
94.48714157407407
 30
0.0
 10
170.6909280555555
 20
95.4866786111111
 30
0.0
 10
172.6900021296296
 20
95.48667861111112
 30
0.0
 10
174.6890762037036
 20
95.48667861111112
 30
0.0
 10
176.6881502777778
 20
95.4866786111111
 30
0.0
 10
176.6881502777777
 20
94.48714157407407
 30
0.0
 10
176.6881502777777
 20
93.48760453703704
 30
0.0
 10
176.6881502777778
 20
92.4880675
 30
0.0
 10
178.6884002777778
 20
92.4880675
 30
0.0
 10
180.6886502777778
 20
92.4880675
 30
0.0
 10
182.6889002777777
 20
92.4880675
 30
0.0
 10
182.6889002777777
 20
93.48760453703703
 30
0.0
 10
182.6889002777777
 20
94.48714157407407
 30
0.0
 10
182.6889002777777
 20
95.4866786111111
 30
0.0
 10
184.6891502777778
 20
95.48667861111112
 30
0.0
 10
186.6894002777778
 20
95.48667861111112
 30
0.0
 10
188.6896502777778
 20
95.4866786111111
 30
0.0
 10
188.6896502777778
 20
94.48714157407407
 30
0.0
 10
188.6896502777778
 20
93.48760453703704
 30
0.0
 10
188.6896502777778
 20
92.4880675
 30
0.0
 10
190.6899002777778
 20
92.4880675
 30
0.0
 10
192.6901502777777
 20
92.4880675
 30
0.0
 10
194.6904002777777
 20
92.4880675
 30
0.0
 10
194.6904002777777
 20
93.48760453703703
 30
0.0
 10
194.6904002777777
 20
94.48714157407407
 30
0.0
 10
194.6904002777777
 20
95.4866786111111
 30
0.0
 10
196.6894743518518
 20
95.48667861111112
 30
0.0
 10
198.6885484259259
 20
95.48667861111112
 30
0.0
 10
200.6876225
 20
95.4866786111111
 30
0.0
 10
200.6876225
 20
98.10664157407409
 30
0.0
 10
200.6876225
 20
100.7266045370371
 30
0.0
 10
200.6876225
 20
103.3465675
 30
0.0
 10
199.6880854629629
 20
103.3465675
 30
0.0
 10
198.6885484259259
 20
103.3465675
 30
0.0
 10
197.6890113888889
 20
103.3465675
 30
0.0
 10
197.6890113888889
 20
106.9660675
 30
0.0
 10
197.6890113888889
 20
110.5855675
 30
0.0
 10
197.6890113888889
 20
114.2050675
 30
0.0
 10
198.6885484259259
 20
114.2050675
 30
0.0
 10
199.6880854629629
 20
114.2050675
 30
0.0
 10
200.6876225
 20
114.2050675
 30
0.0
 10
200.6876225
 20
117.8233915740741
 30
0.0
 10
200.6876225
 20
121.4417156481481
 30
0.0
 10
200.6876225
 20
125.0600397222222
 30
0.0
 10
199.6880854629629
 20
125.0600397222222
 30
0.0
 10
198.6885484259259
 20
125.0600397222222
 30
0.0
 10
197.6890113888889
 20
125.0600397222222
 30
0.0
 10
197.6890113888889
 20
128.6795397222222
 30
0.0
 10
197.6890113888889
 20
132.2990397222222
 30
0.0
 10
197.6890113888889
 20
135.9185397222222
 30
0.0
 10
198.6885484259259
 20
135.9185397222222
 30
0.0
 10
199.6880854629629
 20
135.9185397222222
 30
0.0
 10
200.6876225
 20
135.9185397222222
 30
0.0
 10
200.6876225
 20
139.5380397222222
 30
0.0
 10
200.6876225
 20
143.1575397222222
 30
0.0
 10
200.6876225
 20
146.7770397222222
 30
0.0
 10
199.6880854629629
 20
146.7770397222222
 30
0.0
 10
198.6885484259259
 20
146.7770397222222
 30
0.0
 10
197.6890113888889
 20
146.7770397222222
 30
0.0
 10
197.6890113888889
 20
150.3953637962963
 30
0.0
 10
197.6890113888889
 20
154.0136878703703
 30
0.0
 10
197.6890113888889
 20
157.6320119444444
 30
0.0
 10
198.6885484259259
 20
157.6320119444444
 30
0.0
 10
199.6880854629629
 20
157.6320119444444
 30
0.0
 10
200.6876225
 20
157.6320119444444
 30
0.0
 10
200.6876225
 20
161.2515119444444
 30
0.0
 10
200.6876225
 20
164.8710119444444
 30
0.0
 10
200.6876225
 20
168.4905119444444
 30
0.0
 10
186.6882243518518
 20
168.4905119444444
 30
0.0
 10
172.6888262037037
 20
168.4905119444444
 30
0.0
 10
158.6894280555555
 20
168.4905119444444
 30
0.0
 10
152.9391502777778
 20
168.4905119444444
 30
0.0
 10
147.6898169444444
 20
162.1122897222222
 30
0.0
 10
147.6898169444444
 20
151.5607063888889
 30
0.0
  0
SPLINE
  5
3A8
330
1F
100
AcDbEntity
  8
DEFAULT
 62
     1
100
AcDbSpline
210
0.0
220
0.0
230
1.0
 70
    11
 71
     3
 72
    17
 73
    13
 74
     0
 42
0.000000001
 43
0.0000000001
 40
0.0
 40
0.0
 40
0.0
 40
0.0
 40
1.0
 40
1.0
 40
1.0
 40
2.0
 40
2.0
 40
2.0
 40
3.0
 40
3.0
 40
3.0
 40
4.0
 40
4.0
 40
4.0
 40
4.0
 10
28.84110027777778
 20
193.2218922222222
 30
0.0
 10
28.84110027777778
 20
196.1217255555555
 30
0.0
 10
31.19060027777777
 20
198.4712255555555
 30
0.0
 10
34.09043361111111
 20
198.4712255555555
 30
0.0
 10
36.99026694444444
 20
198.4712255555555
 30
0.0
 10
39.33976694444444
 20
196.1217255555555
 30
0.0
 10
39.33976694444444
 20
193.2218922222222
 30
0.0
 10
39.33976694444444
 20
190.3220588888888
 30
0.0
 10
36.99026694444444
 20
187.9725588888889
 30
0.0
 10
34.09043361111111
 20
187.9725588888889
 30
0.0
 10
31.19060027777777
 20
187.9725588888889
 30
0.0
 10
28.84110027777778
 20
190.3220588888888
 30
0.0
 10
28.84110027777778
 20
193.2218922222222
 30
0.0
  0
SPLINE
  5
3A9
330
1F
100
AcDbEntity
  8
DEFAULT
 62
     1
100
AcDbSpline
210
0.0
220
0.0
230
1.0
 70
    11
 71
     3
 72
   104
 73
   100
 74
     0
 42
0.000000001
 43
0.0000000001
 40
8.5
 40
8.5
 40
8.5
 40
8.5
 40
44.95000000000005
 40
44.95000000000005
 40
44.95000000000005
 40
53.45000000000005
 40
53.45000000000005
 40
53.45000000000005
 40
89.88999999999999
 40
89.88999999999999
 40
89.88999999999999
 40
98.38999999999999
 40
98.38999999999999
 40
98.38999999999999
 40
134.84
 40
134.84
 40
134.84
 40
143.34
 40
143.34
 40
143.34
 40
179.78
 40
179.78
 40
179.78
 40
180.78
 40
180.78
 40
180.78
 40
314.01
 40
314.01
 40
314.01
 40
354.5
 40
354.5
 40
354.5
 40
363.0
 40
363.0
 40
363.0
 40
403.5
 40
403.5
 40
403.5
 40
412.0
 40
412.0
 40
412.0
 40
452.49
 40
452.49
 40
452.49
 40
460.99
 40
460.99
 40
460.99
 40
501.49
 40
501.49
 40
501.49
 40
509.99
 40
509.99
 40
509.99
 40
558.01
 40
558.01
 40
558.01
 40
575.8299999999999
 40
575.8299999999999
 40
575.8299999999999
 40
584.3299999999999
 40
584.3299999999999
 40
584.3299999999999
 40
610.65
 40
610.65
 40
610.65
 40
619.15
 40
619.15
 40
619.15
 40
645.47
 40
645.47
 40
645.47
 40
653.97
 40
653.97
 40
653.97
 40
680.3
 40
680.3
 40
680.3
 40
688.8
 40
688.8
 40
688.8
 40
715.12
 40
715.12
 40
715.12
 40
723.62
 40
723.62
 40
723.62
 40
749.94
 40
749.94
 40
749.94
 40
758.44
 40
758.44
 40
758.44
 40
784.76
 40
784.76
 40
784.76
 40
820.63
 40
820.63
 40
820.63
 40
829.13
 40
829.13
 40
829.13
 40
829.13
 10
25.83885555555555
 20
231.3289830555555
 30
0.0
 10
25.83885555555555
 20
227.0427330555555
 30
0.0
 10
25.83885555555555
 20
222.7564830555555
 30
0.0
 10
25.83885555555555
 20
218.4702330555555
 30
0.0
 10
24.83931851851851
 20
218.4702330555555
 30
0.0
 10
23.83978148148148
 20
218.4702330555555
 30
0.0
 10
22.84024444444444
 20
218.4702330555555
 30
0.0
 10
22.84024444444444
 20
214.1851589814814
 30
0.0
 10
22.84024444444444
 20
209.9000849074074
 30
0.0
 10
22.84024444444444
 20
205.6150108333333
 30
0.0
 10
23.83978148148148
 20
205.6150108333333
 30
0.0
 10
24.83931851851851
 20
205.6150108333333
 30
0.0
 10
25.83885555555555
 20
205.6150108333333
 30
0.0
 10
25.83885555555555
 20
201.3287608333333
 30
0.0
 10
25.83885555555555
 20
197.0425108333333
 30
0.0
 10
25.83885555555555
 20
192.7562608333333
 30
0.0
 10
24.83931851851851
 20
192.7562608333333
 30
0.0
 10
23.83978148148148
 20
192.7562608333333
 30
0.0
 10
22.84024444444444
 20
192.7562608333333
 30
0.0
 10
22.84024444444444
 20
188.4711867592592
 30
0.0
 10
22.84024444444444
 20
184.1861126851852
 30
0.0
 10
22.84024444444444
 20
179.9010386111111
 30
0.0
 10
22.84024444444444
 20
174.3730108333333
 30
0.0
 10
29.54655
 20
169.8997886111111
 30
0.0
 10
37.84035555555555
 20
169.8997886111111
 30
0.0
 10
53.50721666666666
 20
169.8997886111111
 30
0.0
 10
69.17407777777777
 20
169.8997886111111
 30
0.0
 10
84.84093888888889
 20
169.8997886111111
 30
0.0
 10
84.84093888888889
 20
174.6611126851852
 30
0.0
 10
84.84093888888889
 20
179.4224367592593
 30
0.0
 10
84.84093888888889
 20
184.1837608333333
 30
0.0
 10
85.84047592592593
 20
184.1837608333333
 30
0.0
 10
86.84001296296294
 20
184.1837608333333
 30
0.0
 10
87.83954999999999
 20
184.1837608333333
 30
0.0
 10
87.83954999999999
 20
188.9462608333333
 30
0.0
 10
87.83954999999999
 20
193.7087608333333
 30
0.0
 10
87.83954999999999
 20
198.4712608333333
 30
0.0
 10
86.84001296296294
 20
198.4712608333333
 30
0.0
 10
85.8404759259259
 20
198.4712608333333
 30
0.0
 10
84.84093888888889
 20
198.4712608333333
 30
0.0
 10
84.84093888888889
 20
203.2325849074074
 30
0.0
 10
84.84093888888889
 20
207.9939089814815
 30
0.0
 10
84.84093888888889
 20
212.7552330555555
 30
0.0
 10
85.84047592592593
 20
212.7552330555555
 30
0.0
 10
86.84001296296294
 20
212.7552330555555
 30
0.0
 10
87.83954999999999
 20
212.7552330555555
 30
0.0
 10
87.83954999999999
 20
217.5177330555555
 30
0.0
 10
87.83954999999999
 20
222.2802330555555
 30
0.0
 10
87.83954999999999
 20
227.0427330555555
 30
0.0
 10
86.84001296296294
 20
227.0427330555555
 30
0.0
 10
85.8404759259259
 20
227.0427330555555
 30
0.0
 10
84.84093888888889
 20
227.0427330555555
 30
0.0
 10
84.84093888888889
 20
232.6895293518518
 30
0.0
 10
84.84093888888889
 20
238.3363256481481
 30
0.0
 10
84.84093888888889
 20
243.9831219444444
 30
0.0
 10
82.74543888888888
 20
243.9831219444444
 30
0.0
 10
80.64993888888888
 20
243.9831219444444
 30
0.0
 10
78.55443888888888
 20
243.9831219444444
 30
0.0
 10
78.55443888888888
 20
242.9835849074074
 30
0.0
 10
78.55443888888888
 20
241.9840478703703
 30
0.0
 10
78.55443888888888
 20
240.9845108333333
 30
0.0
 10
75.45940185185184
 20
240.9845108333333
 30
0.0
 10
72.3643648148148
 20
240.9845108333333
 30
0.0
 10
69.26932777777776
 20
240.9845108333333
 30
0.0
 10
69.26932777777776
 20
241.9840478703703
 30
0.0
 10
69.26932777777776
 20
242.9835849074074
 30
0.0
 10
69.26932777777776
 20
243.9831219444444
 30
0.0
 10
66.17429074074073
 20
243.9831219444444
 30
0.0
 10
63.07925370370369
 20
243.9831219444444
 30
0.0
 10
59.98421666666666
 20
243.9831219444444
 30
0.0
 10
59.98421666666666
 20
242.9835849074074
 30
0.0
 10
59.98421666666666
 20
241.9840478703703
 30
0.0
 10
59.98421666666666
 20
240.9845108333333
 30
0.0
 10
56.8880037037037
 20
240.9845108333333
 30
0.0
 10
53.79179074074074
 20
240.9845108333333
 30
0.0
 10
50.69557777777778
 20
240.9845108333333
 30
0.0
 10
50.69557777777778
 20
241.9840478703703
 30
0.0
 10
50.69557777777778
 20
242.9835849074074
 30
0.0
 10
50.69557777777778
 20
243.9831219444444
 30
0.0
 10
47.60054074074074
 20
243.9831219444444
 30
0.0
 10
44.50550370370371
 20
243.9831219444444
 30
0.0
 10
41.41046666666666
 20
243.9831219444444
 30
0.0
 10
41.41046666666666
 20
242.9835849074074
 30
0.0
 10
41.41046666666666
 20
241.9840478703703
 30
0.0
 10
41.41046666666666
 20
240.9845108333333
 30
0.0
 10
38.31542962962963
 20
240.9845108333333
 30
0.0
 10
35.22039259259258
 20
240.9845108333333
 30
0.0
 10
32.12535555555555
 20
240.9845108333333
 30
0.0
 10
32.12535555555555
 20
241.9840478703703
 30
0.0
 10
32.12535555555555
 20
242.9835849074074
 30
0.0
 10
32.12535555555555
 20
243.9831219444444
 30
0.0
 10
29.03031851851852
 20
243.9831219444444
 30
0.0
 10
25.93528148148148
 20
243.9831219444444
 30
0.0
 10
22.84024444444444
 20
243.9831219444444
 30
0.0
 10
22.84024444444444
 20
239.7650756481481
 30
0.0
 10
22.84024444444444
 20
235.5470293518518
 30
0.0
 10
22.84024444444444
 20
231.3289830555555
 30
0.0
 10
23.83978148148148
 20
231.3289830555555
 30
0.0
 10
24.83931851851851
 20
231.3289830555555
 30
0.0
 10
25.83885555555555
 20
231.3289830555555
 30
0.0
  0
SPLINE
  5
3AA
330
1F
100
AcDbEntity
  8
DEFAULT
 62
     1
100
AcDbSpline
210
0.0
220
0.0
230
1.0
 70
    11
 71
     3
 72
    17
 73
    13
 74
     0
 42
0.000000001
 43
0.0000000001
 40
0.0
 40
0.0
 40
0.0
 40
0.0
 40
1.0
 40
1.0
 40
1.0
 40
2.0
 40
2.0
 40
2.0
 40
3.0
 40
3.0
 40
3.0
 40
4.0
 40
4.0
 40
4.0
 40
4.0
 10
223.5246566666667
 20
187.9726294444444
 30
0.0
 10
220.6248233333333
 20
187.9726294444444
 30
0.0
 10
218.2753233333333
 20
190.3221294444444
 30
0.0
 10
218.2753233333333
 20
193.2219627777777
 30
0.0
 10
218.2753233333333
 20
196.1217961111111
 30
0.0
 10
220.6248233333333
 20
198.4712961111111
 30
0.0
 10
223.5246566666667
 20
198.4712961111111
 30
0.0
 10
226.42449
 20
198.4712961111111
 30
0.0
 10
228.77399
 20
196.1217961111111
 30
0.0
 10
228.77399
 20
193.2219627777777
 30
0.0
 10
228.77399
 20
190.3221294444444
 30
0.0
 10
226.42449
 20
187.9726294444444
 30
0.0
 10
223.5246566666667
 20
187.9726294444444
 30
0.0
  0
SPLINE
  5
3AB
330
1F
100
AcDbEntity
  8
DEFAULT
 62
     1
100
AcDbSpline
210
0.0
220
0.0
230
1.0
 70
    11
 71
     3
 72
   104
 73
   100
 74
     0
 42
0.000000001
 43
0.0000000001
 40
8.5
 40
8.5
 40
8.5
 40
8.5
 40
44.37
 40
44.37
 40
44.37
 40
70.69000000000005
 40
70.69000000000005
 40
70.69000000000005
 40
79.19000000000005
 40
79.19000000000005
 40
79.19000000000005
 40
105.51
 40
105.51
 40
105.51
 40
114.01
 40
114.01
 40
114.01
 40
140.33
 40
140.33
 40
140.33
 40
148.83
 40
148.83
 40
148.83
 40
175.16
 40
175.16
 40
175.16
 40
183.66
 40
183.66
 40
183.66
 40
209.98
 40
209.98
 40
209.98
 40
218.48
 40
218.48
 40
218.48
 40
244.8
 40
244.8
 40
244.8
 40
253.3
 40
253.3
 40
253.3
 40
271.12
 40
271.12
 40
271.12
 40
319.14
 40
319.14
 40
319.14
 40
327.64
 40
327.64
 40
327.64
 40
368.14
 40
368.14
 40
368.14
 40
376.64
 40
376.64
 40
376.64
 40
417.13
 40
417.13
 40
417.13
 40
425.63
 40
425.63
 40
425.63
 40
466.13
 40
466.13
 40
466.13
 40
474.63
 40
474.63
 40
474.63
 40
515.12
 40
515.12
 40
515.12
 40
648.35
 40
648.35
 40
648.35
 40
649.35
 40
649.35
 40
649.35
 40
685.79
 40
685.79
 40
685.79
 40
694.29
 40
694.29
 40
694.29
 40
730.74
 40
730.74
 40
730.74
 40
739.24
 40
739.24
 40
739.24
 40
775.68
 40
775.68
 40
775.68
 40
784.18
 40
784.18
 40
784.18
 40
820.63
 40
820.63
 40
820.63
 40
829.13
 40
829.13
 40
829.13
 40
829.13
 10
234.7747752777777
 20
231.3289830555555
 30
0.0
 10
234.7747752777777
 20
235.5470293518518
 30
0.0
 10
234.7747752777777
 20
239.7650756481481
 30
0.0
 10
234.7747752777777
 20
243.9831219444444
 30
0.0
 10
231.6797382407407
 20
243.9831219444444
 30
0.0
 10
228.5847012037036
 20
243.9831219444444
 30
0.0
 10
225.4896641666666
 20
243.9831219444444
 30
0.0
 10
225.4896641666666
 20
242.9835849074074
 30
0.0
 10
225.4896641666666
 20
241.9840478703703
 30
0.0
 10
225.4896641666666
 20
240.9845108333333
 30
0.0
 10
222.3946271296296
 20
240.9845108333333
 30
0.0
 10
219.2995900925926
 20
240.9845108333333
 30
0.0
 10
216.2045530555555
 20
240.9845108333333
 30
0.0
 10
216.2045530555555
 20
241.9840478703703
 30
0.0
 10
216.2045530555555
 20
242.9835849074074
 30
0.0
 10
216.2045530555555
 20
243.9831219444444
 30
0.0
 10
213.1095160185185
 20
243.9831219444444
 30
0.0
 10
210.0144789814815
 20
243.9831219444444
 30
0.0
 10
206.9194419444444
 20
243.9831219444444
 30
0.0
 10
206.9194419444444
 20
242.9835849074074
 30
0.0
 10
206.9194419444444
 20
241.9840478703703
 30
0.0
 10
206.9194419444444
 20
240.9845108333333
 30
0.0
 10
203.8232289814814
 20
240.9845108333333
 30
0.0
 10
200.7270160185185
 20
240.9845108333333
 30
0.0
 10
197.6308030555555
 20
240.9845108333333
 30
0.0
 10
197.6308030555555
 20
241.9840478703703
 30
0.0
 10
197.6308030555555
 20
242.9835849074074
 30
0.0
 10
197.6308030555555
 20
243.9831219444444
 30
0.0
 10
194.5357660185185
 20
243.9831219444444
 30
0.0
 10
191.4407289814814
 20
243.9831219444444
 30
0.0
 10
188.3456919444444
 20
243.9831219444444
 30
0.0
 10
188.3456919444444
 20
242.9835849074074
 30
0.0
 10
188.3456919444444
 20
241.9840478703703
 30
0.0
 10
188.3456919444444
 20
240.9845108333333
 30
0.0
 10
185.2506549074074
 20
240.9845108333333
 30
0.0
 10
182.1556178703703
 20
240.9845108333333
 30
0.0
 10
179.0605808333333
 20
240.9845108333333
 30
0.0
 10
179.0605808333333
 20
241.9840478703703
 30
0.0
 10
179.0605808333333
 20
242.9835849074074
 30
0.0
 10
179.0605808333333
 20
243.9831219444444
 30
0.0
 10
176.9650808333333
 20
243.9831219444444
 30
0.0
 10
174.8695808333333
 20
243.9831219444444
 30
0.0
 10
172.7740808333333
 20
243.9831219444444
 30
0.0
 10
172.7740808333333
 20
238.3363256481481
 30
0.0
 10
172.7740808333333
 20
232.6895293518518
 30
0.0
 10
172.7740808333333
 20
227.0427330555555
 30
0.0
 10
171.7745437962963
 20
227.0427330555555
 30
0.0
 10
170.7750067592592
 20
227.0427330555555
 30
0.0
 10
169.7754697222222
 20
227.0427330555555
 30
0.0
 10
169.7754697222222
 20
222.2802330555555
 30
0.0
 10
169.7754697222222
 20
217.5177330555555
 30
0.0
 10
169.7754697222222
 20
212.7552330555555
 30
0.0
 10
170.7750067592592
 20
212.7552330555555
 30
0.0
 10
171.7745437962963
 20
212.7552330555555
 30
0.0
 10
172.7740808333333
 20
212.7552330555555
 30
0.0
 10
172.7740808333333
 20
207.9939089814815
 30
0.0
 10
172.7740808333333
 20
203.2325849074074
 30
0.0
 10
172.7740808333333
 20
198.4712608333333
 30
0.0
 10
171.7745437962963
 20
198.4712608333333
 30
0.0
 10
170.7750067592592
 20
198.4712608333333
 30
0.0
 10
169.7754697222222
 20
198.4712608333333
 30
0.0
 10
169.7754697222222
 20
193.7087608333333
 30
0.0
 10
169.7754697222222
 20
188.9462608333333
 30
0.0
 10
169.7754697222222
 20
184.1837608333333
 30
0.0
 10
170.7750067592592
 20
184.1837608333333
 30
0.0
 10
171.7745437962963
 20
184.1837608333333
 30
0.0
 10
172.7740808333333
 20
184.1837608333333
 30
0.0
 10
172.7740808333333
 20
179.4224367592592
 30
0.0
 10
172.7740808333333
 20
174.6611126851852
 30
0.0
 10
172.7740808333333
 20
169.8997886111111
 30
0.0
 10
188.4409419444444
 20
169.8997886111111
 30
0.0
 10
204.1078030555555
 20
169.8997886111111
 30
0.0
 10
219.7746641666666
 20
169.8997886111111
 30
0.0
 10
228.0684697222222
 20
169.8997886111111
 30
0.0
 10
234.7747752777777
 20
174.3730108333333
 30
0.0
 10
234.7747752777777
 20
179.9010386111111
 30
0.0
 10
234.7747752777777
 20
184.1861126851852
 30
0.0
 10
234.7747752777777
 20
188.4711867592592
 30
0.0
 10
234.7747752777777
 20
192.7562608333333
 30
0.0
 10
233.7752382407407
 20
192.7562608333333
 30
0.0
 10
232.7757012037036
 20
192.7562608333333
 30
0.0
 10
231.7761641666666
 20
192.7562608333333
 30
0.0
 10
231.7761641666666
 20
197.0425108333333
 30
0.0
 10
231.7761641666666
 20
201.3287608333333
 30
0.0
 10
231.7761641666666
 20
205.6150108333333
 30
0.0
 10
232.7757012037036
 20
205.6150108333333
 30
0.0
 10
233.7752382407407
 20
205.6150108333333
 30
0.0
 10
234.7747752777777
 20
205.6150108333333
 30
0.0
 10
234.7747752777777
 20
209.9000849074074
 30
0.0
 10
234.7747752777777
 20
214.1851589814814
 30
0.0
 10
234.7747752777777
 20
218.4702330555555
 30
0.0
 10
233.7752382407407
 20
218.4702330555555
 30
0.0
 10
232.7757012037036
 20
218.4702330555555
 30
0.0
 10
231.7761641666666
 20
218.4702330555555
 30
0.0
 10
231.7761641666666
 20
222.7564830555555
 30
0.0
 10
231.7761641666666
 20
227.0427330555555
 30
0.0
 10
231.7761641666666
 20
231.3289830555555
 30
0.0
 10
232.7757012037036
 20
231.3289830555555
 30
0.0
 10
233.7752382407407
 20
231.3289830555555
 30
0.0
 10
234.7747752777777
 20
231.3289830555555
 30
0.0
  0
SPLINE
  5
3AC
330
1F
100
AcDbEntity
  8
DEFAULT
 62
     1
100
AcDbSpline
210
0.0
220
0.0
230
1.0
 70
     8
 71
     3
 72
    77
 73
    73
 74
     0
 42
0.000000001
 43
0.0000000001
 40
0.0
 40
0.0
 40
0.0
 40
0.0
 40
8.500000529411635
 40
8.500000529411635
 40
8.500000529411635
 40
28.34000052941161
 40
28.34000052941161
 40
28.34000052941161
 40
30.61100052941157
 40
30.61100052941157
 40
30.61100052941157
 40
31.61100052941157
 40
31.61100052941157
 40
31.61100052941157
 40
166.4198038769674
 40
166.4198038769674
 40
166.4198038769674
 40
175.4908038769675
 40
175.4908038769675
 40
175.4908038769675
 40
310.2995483151529
 40
310.2995483151529
 40
310.2995483151529
 40
311.2995483151529
 40
311.2995483151529
 40
311.2995483151529
 40
313.5785483151529
 40
313.5785483151529
 40
313.5785483151529
 40
333.4185503564835
 40
333.4185503564835
 40
333.4185503564835
 40
341.9265508853974
 40
341.9265508853974
 40
341.9265508853974
 40
548.8625508853974
 40
548.8625508853974
 40
548.8625508853974
 40
557.3605518267952
 40
557.3605518267952
 40
557.3605518267952
 40
577.1995518267953
 40
577.1995518267953
 40
577.1995518267953
 40
579.4595518267953
 40
579.4595518267953
 40
579.4595518267953
 40
580.4595518267953
 40
580.4595518267953
 40
580.4595518267953
 40
682.3929267782802
 40
682.3929267782802
 40
682.3929267782802
 40
683.3929267782802
 40
683.3929267782802
 40
683.3929267782802
 40
684.3929267782802
 40
684.3929267782802
 40
684.3929267782802
 40
786.3260690333877
 40
786.3260690333877
 40
786.3260690333877
 40
787.3260690333877
 40
787.3260690333877
 40
787.3260690333877
 40
789.6170690333877
 40
789.6170690333877
 40
789.6170690333877
 40
809.4560715536759
 40
809.4560715536759
 40
809.4560715536759
 40
817.9660724937463
 40
817.9660724937463
 40
817.9660724937463
 40
817.9660724937463
 10
276.2385819444444
 20
77.1280525
 30
0.0
 10
275.2390449074074
 20
77.12840527777777
 30
0.0
 10
274.2395078703704
 20
77.12875805555554
 30
0.0
 10
273.2399708333334
 20
77.12911083333331
 30
0.0
 10
273.2399708333334
 20
74.79607379629628
 30
0.0
 10
273.2399708333334
 20
72.46303675925925
 30
0.0
 10
273.2399708333333
 20
70.12999972222222
 30
0.0
 10
273.507023611111
 20
70.12999972222222
 30
0.0
 10
273.7740763888888
 20
70.12999972222222
 30
0.0
 10
274.0411291666666
 20
70.12999972222222
 30
0.0
 10
274.0411291666666
 20
68.47194416666666
 30
0.0
 10
272.8416847222222
 20
64.61573027777776
 30
0.0
 10
270.2378319444444
 20
66.07305527777777
 30
0.0
 10
270.104011574074
 20
81.9250071296296
 30
0.0
 10
269.9701912037037
 20
97.77695898148147
 30
0.0
 10
269.8363708333333
 20
113.6289108333333
 30
0.0
 10
268.7696884259259
 20
113.6289108333333
 30
0.0
 10
267.7030060185185
 20
113.6289108333333
 30
0.0
 10
266.6363236111111
 20
113.6289108333333
 30
0.0
 10
266.5033263888889
 20
97.77695898148146
 30
0.0
 10
266.3703291666666
 20
81.9250071296296
 30
0.0
 10
266.2373319444444
 20
66.07305527777777
 30
0.0
 10
263.6338319444444
 20
64.61573027777776
 30
0.0
 10
262.4347402777777
 20
68.47194416666666
 30
0.0
 10
262.4347402777777
 20
70.12999972222222
 30
0.0
 10
262.7027337962963
 20
70.12999972222222
 30
0.0
 10
262.9707273148147
 20
70.12999972222222
 30
0.0
 10
263.2387208333333
 20
70.12999972222222
 30
0.0
 10
263.2376624999999
 20
72.46303675925925
 30
0.0
 10
263.2366041666666
 20
74.79607379629628
 30
0.0
 10
263.2355458333333
 20
77.12911083333331
 30
0.0
 10
262.2350680555555
 20
77.12875805555554
 30
0.0
 10
261.2345902777777
 20
77.12840527777777
 30
0.0
 10
260.2341125
 20
77.1280525
 30
0.0
 10
260.2341125
 20
101.4621932407407
 30
0.0
 10
260.2341125
 20
125.7963339814815
 30
0.0
 10
260.2341125
 20
150.1304747222222
 30
0.0
 10
261.2334143518519
 20
150.1300043518519
 30
0.0
 10
262.2327162037037
 20
150.1295339814815
 30
0.0
 10
263.2320180555555
 20
150.1290636111111
 30
0.0
 10
263.2320180555555
 20
152.4619830555555
 30
0.0
 10
263.2320180555555
 20
154.7949025
 30
0.0
 10
263.2320180555555
 20
157.1278219444444
 30
0.0
 10
262.9662587962962
 20
157.1278219444444
 30
0.0
 10
262.700499537037
 20
157.1278219444444
 30
0.0
 10
262.4347402777777
 20
157.1278219444444
 30
0.0
 10
262.4347402777777
 20
158.7865830555556
 30
0.0
 10
263.6338319444444
 20
162.6420913888889
 30
0.0
 10
266.2341569444444
 20
161.1847663888889
 30
0.0
 10
266.3682125
 20
149.1989062037037
 30
0.0
 10
266.5022680555556
 20
137.2130460185185
 30
0.0
 10
266.6363236111111
 20
125.2271858333333
 30
0.0
 10
266.6363236111111
 20
124.3452413888889
 30
0.0
 10
267.3556375
 20
123.6326302777778
 30
0.0
 10
268.2411097222222
 20
123.6291025
 30
0.0
 10
269.1230541666666
 20
123.6291025
 30
0.0
 10
269.8395458333333
 20
124.3452413888889
 30
0.0
 10
269.8395458333333
 20
125.2271858333333
 30
0.0
 10
269.9711319444444
 20
137.2130460185185
 30
0.0
 10
270.1027180555556
 20
149.1989062037037
 30
0.0
 10
270.2343041666667
 20
161.1847663888889
 30
0.0
 10
272.8416847222222
 20
162.6420913888889
 30
0.0
 10
274.0411291666666
 20
158.7865830555556
 30
0.0
 10
274.0411291666666
 20
157.1278219444444
 30
0.0
 10
273.771724537037
 20
157.1278219444444
 30
0.0
 10
273.5023199074074
 20
157.1278219444444
 30
0.0
 10
273.2329152777777
 20
157.1278219444444
 30
0.0
 10
273.2340912037037
 20
154.7949025
 30
0.0
 10
273.2352671296296
 20
152.4619830555555
 30
0.0
 10
273.2364430555555
 20
150.1290636111111
 30
0.0
 10
274.2371560185185
 20
150.1295339814815
 30
0.0
 10
275.2378689814815
 20
150.1300043518519
 30
0.0
 10
276.2385819444444
 20
150.1304747222222
 30
0.0
  0
SPLINE
  5
3AD
330
1F
100
AcDbEntity
  8
DEFAULT
 62
     1
100
AcDbSpline
210
0.0
220
0.0
230
1.0
 70
    11
 71
     3
 72
    80
 73
    76
 74
     0
 42
0.000000001
 43
0.0000000001
 40
8.49800094139797
 40
8.49800094139797
 40
8.49800094139797
 40
8.49800094139797
 40
28.33800094139794
 40
28.33800094139794
 40
28.33800094139794
 40
30.59900094139791
 40
30.59900094139791
 40
30.59900094139791
 40
31.59900094139791
 40
31.59900094139791
 40
31.59900094139791
 40
133.5333646515815
 40
133.5333646515815
 40
133.5333646515815
 40
134.5333646515815
 40
134.5333646515815
 40
134.5333646515815
 40
135.5333646515815
 40
135.5333646515815
 40
135.5333646515815
 40
237.4675288214024
 40
237.4675288214024
 40
237.4675288214024
 40
238.4675288214024
 40
238.4675288214024
 40
238.4675288214024
 40
240.7575288214024
 40
240.7575288214024
 40
240.7575288214024
 40
260.5975308627329
 40
260.5975308627329
 40
260.5975308627329
 40
269.1075318028034
 40
269.1075318028034
 40
269.1075318028034
 40
476.0435318028034
 40
476.0435318028034
 40
476.0435318028034
 40
484.5435320380975
 40
484.5435320380975
 40
484.5435320380975
 40
504.3835320380975
 40
504.3835320380975
 40
504.3835320380975
 40
506.6545320380975
 40
506.6545320380975
 40
506.6545320380975
 40
507.6545320380975
 40
507.6545320380975
 40
507.6545320380975
 40
642.4643437952541
 40
642.4643437952541
 40
642.4643437952541
 40
651.5353437952541
 40
651.5353437952541
 40
651.5353437952541
 40
786.3450714338782
 40
786.3450714338782
 40
786.3450714338782
 40
787.3450714338782
 40
787.3450714338782
 40
787.3450714338782
 40
789.6260714338781
 40
789.6260714338781
 40
789.6260714338781
 40
809.4660739540392
 40
809.4660739540392
 40
809.4660739540392
 40
817.9740741891121
 40
817.9740741891121
 40
817.9740741891121
 40
1024.910074189112
 40
1024.910074189112
 40
1024.910074189112
 40
1033.40807513051
 40
1033.40807513051
 40
1033.40807513051
 40
1033.40807513051
 10
279.2364875
 20
150.1290988888889
 30
0.0
 10
279.2364875
 20
152.4621359259259
 30
0.0
 10
279.2364875
 20
154.7951729629629
 30
0.0
 10
279.2364875
 20
157.12821
 30
0.0
 10
278.9706106481481
 20
157.12821
 30
0.0
 10
278.7047337962963
 20
157.12821
 30
0.0
 10
278.4388569444445
 20
157.12821
 30
0.0
 10
278.4388569444445
 20
158.7866183333333
 30
0.0
 10
279.6383013888889
 20
162.6424794444444
 30
0.0
 10
282.2386263888889
 20
161.1851544444444
 30
0.0
 10
282.3725643518518
 20
149.1991766666666
 30
0.0
 10
282.5065023148148
 20
137.2131988888889
 30
0.0
 10
282.6404402777778
 20
125.2272211111111
 30
0.0
 10
282.6404402777778
 20
124.3452766666666
 30
0.0
 10
283.3601069444444
 20
123.6330183333333
 30
0.0
 10
284.2455791666666
 20
123.6294905555555
 30
0.0
 10
285.1275236111111
 20
123.6294905555555
 30
0.0
 10
285.8436625
 20
124.3452766666666
 30
0.0
 10
285.8436625
 20
125.2272211111111
 30
0.0
 10
285.9754837962963
 20
137.2131988888889
 30
0.0
 10
286.1073050925926
 20
149.1991766666667
 30
0.0
 10
286.2391263888889
 20
161.1851544444444
 30
0.0
 10
288.8458013888889
 20
162.6424794444444
 30
0.0
 10
290.0455986111111
 20
158.7866183333333
 30
0.0
 10
290.0455986111111
 20
157.12821
 30
0.0
 10
289.776311574074
 20
157.12821
 30
0.0
 10
289.507024537037
 20
157.12821
 30
0.0
 10
289.2377375
 20
157.12821
 30
0.0
 10
289.2387958333333
 20
154.7951729629629
 30
0.0
 10
289.2398541666666
 20
152.4621359259259
 30
0.0
 10
289.2409125
 20
150.1290988888889
 30
0.0
 10
290.2416254629629
 20
150.1295692592593
 30
0.0
 10
291.2423384259259
 20
150.1300396296296
 30
0.0
 10
292.2430513888889
 20
150.13051
 30
0.0
 10
292.2430513888889
 20
125.7963692592593
 30
0.0
 10
292.2430513888889
 20
101.4622285185185
 30
0.0
 10
292.2430513888889
 20
77.12808777777776
 30
0.0
 10
291.2435143518518
 20
77.12832296296295
 30
0.0
 10
290.2439773148148
 20
77.12855814814814
 30
0.0
 10
289.2444402777778
 20
77.12879333333332
 30
0.0
 10
289.2444402777778
 20
74.79575629629629
 30
0.0
 10
289.2444402777778
 20
72.46271925925925
 30
0.0
 10
289.2444402777778
 20
70.1296822222222
 30
0.0
 10
289.5114930555555
 20
70.1296822222222
 30
0.0
 10
289.7785458333333
 20
70.1296822222222
 30
0.0
 10
290.0455986111111
 20
70.1296822222222
 30
0.0
 10
290.0455986111111
 20
68.47197944444443
 30
0.0
 10
288.8458013888889
 20
64.61611833333332
 30
0.0
 10
286.2423013888889
 20
66.07273777777776
 30
0.0
 10
286.1083634259259
 20
81.92480722222221
 30
0.0
 10
285.974425462963
 20
97.77687666666664
 30
0.0
 10
285.8404875
 20
113.6289461111111
 30
0.0
 10
284.7738050925926
 20
113.6289461111111
 30
0.0
 10
283.7071226851851
 20
113.6289461111111
 30
0.0
 10
282.6404402777778
 20
113.6289461111111
 30
0.0
 10
282.5076782407407
 20
97.77687666666664
 30
0.0
 10
282.3749162037037
 20
81.92480722222221
 30
0.0
 10
282.2421541666666
 20
66.07273777777776
 30
0.0
 10
279.6383013888889
 20
64.61611833333332
 30
0.0
 10
278.4388569444445
 20
68.47197944444443
 30
0.0
 10
278.4388569444445
 20
70.1296822222222
 30
0.0
 10
278.7070856481482
 20
70.1296822222222
 30
0.0
 10
278.9753143518519
 20
70.1296822222222
 30
0.0
 10
279.2435430555556
 20
70.1296822222222
 30
0.0
 10
279.2423671296297
 20
72.46271925925925
 30
0.0
 10
279.2411912037037
 20
74.79575629629629
 30
0.0
 10
279.2400152777778
 20
77.12879333333332
 30
0.0
 10
278.2395375
 20
77.12855814814814
 30
0.0
 10
277.2390597222222
 20
77.12832296296295
 30
0.0
 10
276.2385819444444
 20
77.12808777777776
 30
0.0
 10
276.2385819444444
 20
101.4622285185185
 30
0.0
 10
276.2385819444444
 20
125.7963692592593
 30
0.0
 10
276.2385819444444
 20
150.13051
 30
0.0
 10
277.2378837962963
 20
150.1300396296296
 30
0.0
 10
278.2371856481481
 20
150.1295692592593
 30
0.0
 10
279.2364875
 20
150.1290988888889
 30
0.0
  0
ENDSEC
  0
SECTION
  2
OBJECTS
  0
DICTIONARY
  5
C
330
0
100
AcDbDictionary
  3
ACAD_GROUP
350
D
  3
ACAD_LAYOUT
350
1A
  3
ACAD_MATERIAL
350
43
  3
ACAD_MLEADERSTYLE
350
3D0
  3
ACAD_MLINESTYLE
350
17
  3
ACAD_PLOTSETTINGS
350
19
  3
ACAD_SCALELIST
350
47
  3
ACAD_VISUALSTYLE
350
2A
  3
ACDBHEADERROUNDTRIPXREC
350
3AE
  3
ACDBVARIABLEDICTIONARY
350
3CE
  0
DICTIONARY
  5
D
102
{ACAD_REACTORS
330
C
102
}
330
C
100
AcDbDictionary
  0
DICTIONARY
  5
1A
102
{ACAD_REACTORS
330
C
102
}
330
C
100
AcDbDictionary
  0
DICTIONARY
  5
43
102
{ACAD_REACTORS
330
C
102
}
330
C
100
AcDbDictionary
  3
BYBLOCK
350
45
  3
BYLAYER
350
44
  3
GLOBAL
350
46
  0
DICTIONARY
  5
3D0
102
{ACAD_REACTORS
330
C
102
}
330
C
100
AcDbDictionary
  0
DICTIONARY
  5
17
102
{ACAD_REACTORS
330
C
102
}
330
C
100
AcDbDictionary
  3
STANDARD
350
18
  0
DICTIONARY
  5
19
102
{ACAD_REACTORS
330
C
102
}
330
C
100
AcDbDictionary
  0
DICTIONARY
  5
47
102
{ACAD_REACTORS
330
C
102
}
330
C
100
AcDbDictionary
  3
A0
350
48
  3
A1
350
49
  3
A2
350
4A
  3
A3
350
4B
  3
A4
350
4C
  3
A5
350
4D
  3
A6
350
4E
  3
A7
350
4F
  3
A8
350
50
  3
A9
350
51
  3
B0
350
52
  3
B1
350
53
  3
B2
350
54
  3
B3
350
55
  3
B4
350
56
  3
B5
350
57
  3
B6
350
58
  3
B7
350
59
  3
B8
350
5A
  3
B9
350
5B
  3
C0
350
5C
  3
C1
350
5D
  3
C2
350
5E
  3
C3
350
5F
  3
C4
350
60
  3
C5
350
61
  3
C6
350
62
  3
C7
350
63
  3
C8
350
64
  3
C9
350
65
  3
D0
350
66
  3
D1
350
67
  3
D2
350
68
  0
DICTIONARY
  5
2A
102
{ACAD_REACTORS
330
C
102
}
330
C
100
AcDbDictionary
  3
2DWIREFRAME
350
2F
  3
BASIC
350
32
  3
BRIGHTEN
350
36
  3
COLORCHANGE
350
3A
  3
CONCEPTUAL
350
34
  3
DIM
350
35
  3
EDGECOLOROFF
350
3D
  3
FACEPATTERN
350
39
  3
FLAT
350
2B
  3
FLATWITHEDGES
350
2C
  3
GOURAUD
350
2D
  3
GOURAUDWITHEDGES
350
2E
  3
HIDDEN
350
31
  3
JITTEROFF
350
3B
  3
LINEPATTERN
350
38
  3
OVERHANGOFF
350
3C
  3
REALISTIC
350
33
  3
SHADED
350
42
  3
SHADED_WITH_EDGES
350
41
  3
SHADES_OF_GRAY
350
3E
  3
SKETCHY
350
3F
  3
THICKEN
350
37
  3
WIREFRAME
350
30
  3
X-RAY
350
40
  0
DICTIONARY
  5
3AE
102
{ACAD_REACTORS
330
C
102
}
330
C
100
AcDbDictionary
  3
CEPSNTYPE
350
3B7
  3
DIMSTYLEDATA
350
3CD
  3
FINGERPRINTGUID
350
3B8
  3
HYPERLINKBASE
350
3B1
  3
INSUNITS
350
3B6
  3
LAYOUTDICT
350
3B3
  3
LWETCUNION
350
3B5
  3
PLOTSETDICT
350
3B4
  3
PSVPSCALE
350
3BA
  3
PUCSBASE
350
3BD
  3
PUCSORGBACK
350
3C3
  3
PUCSORGBOTTOM
350
3BF
  3
PUCSORGFRONT
350
3C2
  3
PUCSORGLEFT
350
3C0
  3
PUCSORGRIGHT
350
3C1
  3
PUCSORGTOP
350
3BE
  3
PUCSORTHOREF
350
3BB
  3
PUCSORTHOVIEW
350
3BC
  3
STYLESHEET
350
3B2
  3
TSTACKALIGN
350
3AF
  3
TSTACKSIZE
350
3B0
  3
UCSBASE
350
3C6
  3
UCSORGBACK
350
3CC
  3
UCSORGBOTTOM
350
3C8
  3
UCSORGFRONT
350
3CB
  3
UCSORGLEFT
350
3C9
  3
UCSORGRIGHT
350
3CA
  3
UCSORGTOP
350
3C7
  3
UCSORTHOREF
350
3C4
  3
UCSORTHOVIEW
350
3C5
  3
VERSIONGUID
350
3B9
  0
DICTIONARY
  5
3CE
102
{ACAD_REACTORS
330
C
102
}
330
C
100
AcDbDictionary
  3
CANNOSCALE
350
3D5
  3
DIMASSOC
350
3D3
  3
HIDETEXT
350
3D4
  3
MSLTSCALE
350
3D6
  0
MATERIAL
  5
45
102
{ACAD_REACTORS
330
43
102
}
102
{ACAD_XDICTIONARY
360
3D9
102
}
330
43
100
AcDbMaterial
  1
BYBLOCK
  0
MATERIAL
  5
44
102
{ACAD_REACTORS
330
43
102
}
102
{ACAD_XDICTIONARY
360
3D7
102
}
330
43
100
AcDbMaterial
  1
BYLAYER
  0
MATERIAL
  5
46
102
{ACAD_REACTORS
330
43
102
}
102
{ACAD_XDICTIONARY
360
3DB
102
}
330
43
100
AcDbMaterial
  1
GLOBAL
  0
MLINESTYLE
  5
18
102
{ACAD_REACTORS
330
17
102
}
330
17
100
AcDbMlineStyle
  2
Standard
 70
     0
  3

 62
   256
 51
90.0
 52
90.0
 71
     2
 49
0.5
 62
   256
  6
BYLAYER
 49
-0.5
 62
   256
  6
BYLAYER
  0
ACAD_PROXY_OBJECT
  5
48
102
{ACAD_REACTORS
330
47
102
}
330
47
100
AcDbProxyObject
 90
      499
 91
      503
 93
       41
310
903313A31580
  0
ACAD_PROXY_OBJECT
  5
49
102
{ACAD_REACTORS
330
47
102
}
330
47
100
AcDbProxyObject
 90
      499
 91
      503
 93
      105
310
903313A324000000000000004000
  0
ACAD_PROXY_OBJECT
  5
4A
102
{ACAD_REACTORS
330
47
102
}
330
47
100
AcDbProxyObject
 90
      499
 91
      503
 93
      105
310
903313A344000000000000104000
  0
ACAD_PROXY_OBJECT
  5
4B
102
{ACAD_REACTORS
330
47
102
}
330
47
100
AcDbProxyObject
 90
      499
 91
      503
 93
      105
310
903313A354000000000000144000
  0
ACAD_PROXY_OBJECT
  5
4C
102
{ACAD_REACTORS
330
47
102
}
330
47
100
AcDbProxyObject
 90
      499
 91
      503
 93
      105
310
903313A384000000000000204000
  0
ACAD_PROXY_OBJECT
  5
4D
102
{ACAD_REACTORS
330
47
102
}
330
47
100
AcDbProxyObject
 90
      499
 91
      503
 93
      113
310
904313A31304000000000000244000
  0
ACAD_PROXY_OBJECT
  5
4E
102
{ACAD_REACTORS
330
47
102
}
330
47
100
AcDbProxyObject
 90
      499
 91
      503
 93
      113
310
904313A31364000000000000304000
  0
ACAD_PROXY_OBJECT
  5
4F
102
{ACAD_REACTORS
330
47
102
}
330
47
100
AcDbProxyObject
 90
      499
 91
      503
 93
      113
310
904313A32304000000000000344000
  0
ACAD_PROXY_OBJECT
  5
50
102
{ACAD_REACTORS
330
47
102
}
330
47
100
AcDbProxyObject
 90
      499
 91
      503
 93
      113
310
904313A333040000000000003E4000
  0
ACAD_PROXY_OBJECT
  5
51
102
{ACAD_REACTORS
330
47
102
}
330
47
100
AcDbProxyObject
 90
      499
 91
      503
 93
      113
310
904313A34304000000000000444000
  0
ACAD_PROXY_OBJECT
  5
52
102
{ACAD_REACTORS
330
47
102
}
330
47
100
AcDbProxyObject
 90
      499
 91
      503
 93
      113
310
904313A35304000000000000494000
  0
ACAD_PROXY_OBJECT
  5
53
102
{ACAD_REACTORS
330
47
102
}
330
47
100
AcDbProxyObject
 90
      499
 91
      503
 93
      121
310
905313A3130304000000000000594000
  0
ACAD_PROXY_OBJECT
  5
54
102
{ACAD_REACTORS
330
47
102
}
330
47
100
AcDbProxyObject
 90
      499
 91
      503
 93
      105
310
903323A310000000000000010100
  0
ACAD_PROXY_OBJECT
  5
55
102
{ACAD_REACTORS
330
47
102
}
330
47
100
AcDbProxyObject
 90
      499
 91
      503
 93
      105
310
903343A310000000000000410100
  0
ACAD_PROXY_OBJECT
  5
56
102
{ACAD_REACTORS
330
47
102
}
330
47
100
AcDbProxyObject
 90
      499
 91
      503
 93
      105
310
903383A310000000000000810100
  0
ACAD_PROXY_OBJECT
  5
57
102
{ACAD_REACTORS
330
47
102
}
330
47
100
AcDbProxyObject
 90
      499
 91
      503
 93
      113
310
90431303A310000000000000910100
  0
ACAD_PROXY_OBJECT
  5
58
102
{ACAD_REACTORS
330
47
102
}
330
47
100
AcDbProxyObject
 90
      499
 91
      503
 93
      121
310
9053130303A310000000000001650100
  0
ACAD_PROXY_OBJECT
  5
59
102
{ACAD_REACTORS
330
47
102
}
330
47
100
AcDbProxyObject
 90
      499
 91
      503
 93
      257
310
90E312F31323822203D2031272D3022000000000000200FC000000000000284000
  0
ACAD_PROXY_OBJECT
  5
5A
102
{ACAD_REACTORS
330
47
102
}
330
47
100
AcDbProxyObject
 90
      499
 91
      503
 93
      249
310
90D312F363422203D2031272D3022000000000000240FC000000000000284000
  0
ACAD_PROXY_OBJECT
  5
5B
102
{ACAD_REACTORS
330
47
102
}
330
47
100
AcDbProxyObject
 90
      499
 91
      503
 93
      249
310
90D312F333222203D2031272D3022000000000000280FC000000000000284000
  0
ACAD_PROXY_OBJECT
  5
5C
102
{ACAD_REACTORS
330
47
102
}
330
47
100
AcDbProxyObject
 90
      499
 91
      503
 93
      249
310
90D312F313622203D2031272D30220000000000002C0FC000000000000284000
  0
ACAD_PROXY_OBJECT
  5
5D
102
{ACAD_REACTORS
330
47
102
}
330
47
100
AcDbProxyObject
 90
      499
 91
      503
 93
      249
310
90D332F333222203D2031272D30220000000000002E0FC000000000000284000
  0
ACAD_PROXY_OBJECT
  5
5E
102
{ACAD_REACTORS
330
47
102
}
330
47
100
AcDbProxyObject
 90
      499
 91
      503
 93
      241
310
90C312F3822203D2031272D3022000000000000300FC000000000000284000
  0
ACAD_PROXY_OBJECT
  5
5F
102
{ACAD_REACTORS
330
47
102
}
330
47
100
AcDbProxyObject
 90
      499
 91
      503
 93
      249
310
90D332F313622203D2031272D3022000000000000320FC000000000000284000
  0
ACAD_PROXY_OBJECT
  5
60
102
{ACAD_REACTORS
330
47
102
}
330
47
100
AcDbProxyObject
 90
      499
 91
      503
 93
      241
310
90C312F3422203D2031272D3022000000000000340FC000000000000284000
  0
ACAD_PROXY_OBJECT
  5
61
102
{ACAD_REACTORS
330
47
102
}
330
47
100
AcDbProxyObject
 90
      499
 91
      503
 93
      241
310
90C332F3822203D2031272D3022000000000000360FC000000000000284000
  0
ACAD_PROXY_OBJECT
  5
62
102
{ACAD_REACTORS
330
47
102
}
330
47
100
AcDbProxyObject
 90
      499
 91
      503
 93
      241
310
90C312F3222203D2031272D3022000000000000380FC000000000000284000
  0
ACAD_PROXY_OBJECT
  5
63
102
{ACAD_REACTORS
330
47
102
}
330
47
100
AcDbProxyObject
 90
      499
 91
      503
 93
      241
310
90C332F3422203D2031272D30220000000000003A0FC000000000000284000
  0
ACAD_PROXY_OBJECT
  5
64
102
{ACAD_REACTORS
330
47
102
}
330
47
100
AcDbProxyObject
 90
      499
 91
      503
 93
      161
310
90A3122203D2031272D30224000000000000284000
  0
ACAD_PROXY_OBJECT
  5
65
102
{ACAD_REACTORS
330
47
102
}
330
47
100
AcDbProxyObject
 90
      499
 91
      503
 93
      257
310
90E312D312F3222203D2031272D30220000000000003E0FC000000000000284000
  0
ACAD_PROXY_OBJECT
  5
66
102
{ACAD_REACTORS
330
47
102
}
330
47
100
AcDbProxyObject
 90
      499
 91
      503
 93
      225
310
90A3322203D2031272D302200000000000002100000000000000284000
  0
ACAD_PROXY_OBJECT
  5
67
102
{ACAD_REACTORS
330
47
102
}
330
47
100
AcDbProxyObject
 90
      499
 91
      503
 93
      225
310
90A3622203D2031272D302200000000000006100000000000000284000
  0
ACAD_PROXY_OBJECT
  5
68
102
{ACAD_REACTORS
330
47
102
}
330
47
100
AcDbProxyObject
 90
      499
 91
      503
 93
      249
310
90D31272D3022203D2031272D30220000000000000A100000000000000284000
  0
ACAD_PROXY_OBJECT
  5
2F
102
{ACAD_REACTORS
330
2A
102
}
330
2A
100
AcDbProxyObject
 90
      499
 91
      501
 93
      436
310
42CC9915DA5C99599C985B595049028333333333333E33F0000000000000F90107901411070040501600405405064090741402480A0340
1001
ACAD
1000
AcDbSavedByObjectVersion
1070
     0
  0
ACAD_PROXY_OBJECT
  5
32
102
{ACAD_REACTORS
330
2A
102
}
330
2A
100
AcDbProxyObject
 90
      499
 91
      501
 93
      388
310
4150985CDA58D07406404333333333333E33F0000000000000F90107A41107004050150841D405064090741402480A0350
1001
ACAD
1000
AcDbSavedByObjectVersion
1070
     0
  0
ACAD_PROXY_OBJECT
  5
36
102
{ACAD_REACTORS
330
2A
102
}
330
2A
100
AcDbProxyObject
 90
      499
 91
      501
 93
      428
310
42109C9A59DA1D195B90C409028333333333333E33F0000000000000F9010790141107004050150841D405064090741402480A029950
1001
ACAD
1000
AcDbSavedByObjectVersion
1070
     0
  0
ACAD_PROXY_OBJECT
  5
3A
102
{ACAD_REACTORS
330
2A
102
}
330
2A
100
AcDbProxyObject
 90
      499
 91
      501
 93
      452
310
42D0DBDB1BDC90DA185B99D95104090240C333333333333E33F0000000000000F90108901411070040501508421405064090741402480A0350
1001
ACAD
1000
AcDbSavedByObjectVersion
1070
     0
  0
ACAD_PROXY_OBJECT
  5
34
102
{ACAD_REACTORS
330
2A
102
}
330
2A
100
AcDbProxyObject
 90
      499
 91
      501
 93
      500
310
4290DBDB98D95C1D1D585B10940D028333333333333E33F0000000000000F90107902409070040501000000000018199010841D405064090740C02480A0340
1001
ACAD
1000
AcDbSavedByObjectVersion
1070
     0
  0
ACAD_PROXY_OBJECT
  5
35
102
{ACAD_REACTORS
330
2A
102
}
330
2A
100
AcDbProxyObject
 90
      499
 91
      501
 93
      412
310
40D11A5B50B409028333333333333E33F0000000000000F9010790141107004050150841D405064090741402480A02677FFFFFD0
1001
ACAD
1000
AcDbSavedByObjectVersion
1070
     0
  0
ACAD_PROXY_OBJECT
  5
3D
102
{ACAD_REACTORS
330
2A
102
}
330
2A
100
AcDbProxyObject
 90
      499
 91
      501
 93
      452
310
43115919D950DBDB1BDC93D999916409028333333333333E33F0000000000000F9010790141107004050150841D405064090741402480A0350
1001
ACAD
1000
AcDbSavedByObjectVersion
1070
     0
  0
ACAD_PROXY_OBJECT
  5
39
102
{ACAD_REACTORS
330
2A
102
}
330
2A
100
AcDbProxyObject
 90
      499
 91
      501
 93
      444
310
42D19858D95C185D1D195C9B90F409028333333333333E33F0000000000000F9010790141107004050150841D405064090741402480A0350
1001
ACAD
1000
AcDbSavedByObjectVersion
1070
     0
  0
ACAD_PROXY_OBJECT
  5
2B
102
{ACAD_REACTORS
330
2A
102
}
330
2A
100
AcDbProxyObject
 90
      499
 91
      501
 93
      380
310
41119B185D240901404333333333333E33F0000000000000F9010740A907004050150841D405064090741402480A1B50
1001
ACAD
1000
AcDbSavedByObjectVersion
1070
     0
  0
ACAD_PROXY_OBJECT
  5
2C
102
{ACAD_REACTORS
330
2A
102
}
330
2A
100
AcDbProxyObject
 90
      499
 91
      501
 93
      468
310
43519B185D15DA5D1A115919D95CD0140901404333333333333E33F0000000000000F90107409019070040501600405405064090741402480A1B50
1001
ACAD
1000
AcDbSavedByObjectVersion
1070
     0
  0
ACAD_PROXY_OBJECT
  5
2D
102
{ACAD_REACTORS
330
2A
102
}
330
2A
100
AcDbProxyObject
 90
      499
 91
      501
 93
      404
310
41D1DBDD5C985D5910240902404333333333333E33F0000000000000F9010740A9070040501641D405064090741402480A1B50
1001
ACAD
1000
AcDbSavedByObjectVersion
1070
     0
  0
ACAD_PROXY_OBJECT
  5
2E
102
{ACAD_REACTORS
330
2A
102
}
330
2A
100
AcDbProxyObject
 90
      499
 91
      501
 93
      492
310
4411DBDD5C985D5915DA5D1A115919D95CD0340902404333333333333E33F0000000000000F90107409019070040501600405405064090741402480A1B50
1001
ACAD
1000
AcDbSavedByObjectVersion
1070
     0
  0
ACAD_PROXY_OBJECT
  5
31
102
{ACAD_REACTORS
330
2A
102
}
330
2A
100
AcDbProxyObject
 90
      499
 91
      501
 93
      476
310
41921A5919195B90640502408333333333333E33F0000000000000F901079024090700405020000000000001110200405405064090740C02480A0340
1001
ACAD
1000
AcDbSavedByObjectVersion
1070
     0
  0
ACAD_PROXY_OBJECT
  5
3B
102
{ACAD_REACTORS
330
2A
102
}
330
2A
100
AcDbProxyObject
 90
      499
 91
      501
 93
      428
310
42529A5D1D195C93D999914409028333333333333E33F0000000000000F9010790141107004050150A41D405064090741402480A0350
1001
ACAD
1000
AcDbSavedByObjectVersion
1070
     0
  0
ACAD_PROXY_OBJECT
  5
38
102
{ACAD_REACTORS
330
2A
102
}
330
2A
100
AcDbProxyObject
 90
      499
 91
      501
 93
      444
310
42D31A5B995C185D1D195C9B90E409028333333333333E33F0000000000000F9010790141107004050750841D405064090741402483A0350
1001
ACAD
1000
AcDbSavedByObjectVersion
1070
     0
  0
ACAD_PROXY_OBJECT
  5
3C
102
{ACAD_REACTORS
330
2A
102
}
330
2A
100
AcDbProxyObject
 90
      499
 91
      501
 93
      444
310
42D3DD995C9A185B99D3D999915409028333333333333E33F0000000000000F9010790141107004050150941D405064090741402480A0350
1001
ACAD
1000
AcDbSavedByObjectVersion
1070
     0
  0
ACAD_PROXY_OBJECT
  5
33
102
{ACAD_REACTORS
330
2A
102
}
330
2A
100
AcDbProxyObject
 90
      499
 91
      501
 93
      428
310
425499585B1A5CDD1A58D08409038333333333333E33F0000000000000F9010740A907004050150800405405064090740C02480A1B40
1001
ACAD
1000
AcDbSavedByObjectVersion
1070
     0
  0
ACAD_PROXY_OBJECT
  5
42
102
{ACAD_REACTORS
330
2A
102
}
330
2A
100
AcDbProxyObject
 90
      499
 91
      501
 93
      420
310
4194DA1859195911B40902404333333333333E33F0000000000000F9010740A41107004050150800405405064090840C02480A0B40
1001
ACAD
1000
AcDbSavedByObjectVersion
1070
     0
  0
ACAD_PROXY_OBJECT
  5
41
102
{ACAD_REACTORS
330
2A
102
}
330
2A
100
AcDbProxyObject
 90
      499
 91
      501
 93
      516
310
4454DA18591959081DDA5D1A08195919D95CD1A40902404333333333333E33F0000000000000F901074090142907004050250800405405064090740C02480A0B40
1001
ACAD
1000
AcDbSavedByObjectVersion
1070
     0
  0
ACAD_PROXY_OBJECT
  5
3E
102
{ACAD_REACTORS
330
2A
102
}
330
2A
100
AcDbProxyObject
 90
      499
 91
      501
 93
      532
310
4394DA1859195CC81BD98811DC985E5174090240C333333333333E33F0000000000000F901079024090741D01000000000000111010841D405064090740C02480A0340
1001
ACAD
1000
AcDbSavedByObjectVersion
1070
     0
  0
ACAD_PROXY_OBJECT
  5
3F
102
{ACAD_REACTORS
330
2A
102
}
330
2A
100
AcDbProxyObject
 90
      499
 91
      501
 93
      476
310
41D4DAD95D18DA1E51840502408333333333333E33F0000000000000F901079024090741D01000000000000111010B41D405064090741802480A0340
1001
ACAD
1000
AcDbSavedByObjectVersion
1070
     0
  0
ACAD_PROXY_OBJECT
  5
37
102
{ACAD_REACTORS
330
2A
102
}
330
2A
100
AcDbProxyObject
 90
      499
 91
      501
 93
      412
310
41D51A1A58DAD95B90D409028333333333333E33F0000000000000F9010790141107004050150C41D405064090741402480A0350
1001
ACAD
1000
AcDbSavedByObjectVersion
1070
     0
  0
ACAD_PROXY_OBJECT
  5
30
102
{ACAD_REACTORS
330
2A
102
}
330
2A
100
AcDbProxyObject
 90
      499
 91
      501
 93
      420
310
4255DA5C99599C985B595059028333333333333E33F0000000000000F90107901411070040501600405405064090740C02480A0340
1001
ACAD
1000
AcDbSavedByObjectVersion
1070
     0
  0
ACAD_PROXY_OBJECT
  5
40
102
{ACAD_REACTORS
330
2A
102
}
330
2A
100
AcDbProxyObject
 90
      499
 91
      501
 93
      404
310
41560B54985E51940902404000000000000E03F0000000000000F9010740501907004050150841D405064090740C02480A1B40
1001
ACAD
1000
AcDbSavedByObjectVersion
1070
     0
  0
XRECORD
  5
3B7
102
{ACAD_REACTORS
330
3AE
102
}
330
3AE
100
AcDbXrecord
 90
        0
  0
XRECORD
  5
3CD
102
{ACAD_REACTORS
330
3AE
102
}
330
3AE
100
AcDbXrecord
1000
DSTYLE
1002
{
1070
   279
 70
     2
1070
   340
340
11
1002
}
  0
XRECORD
  5
3B8
102
{ACAD_REACTORS
330
3AE
102
}
330
3AE
100
AcDbXrecord
  1
{C808DAA7-9AE9-48E1-8468-4A5B4D655D2F}
  0
XRECORD
  5
3B1
102
{ACAD_REACTORS
330
3AE
102
}
330
3AE
100
AcDbXrecord
  1

  0
XRECORD
  5
3B6
102
{ACAD_REACTORS
330
3AE
102
}
330
3AE
100
AcDbXrecord
 90
        4
  0
XRECORD
  5
3B3
102
{ACAD_REACTORS
330
3AE
102
}
330
3AE
100
AcDbXrecord
340
1A
  0
XRECORD
  5
3B5
102
{ACAD_REACTORS
330
3AE
102
}
330
3AE
100
AcDbXrecord
 90
    10781
  0
XRECORD
  5
3B4
102
{ACAD_REACTORS
330
3AE
102
}
330
3AE
100
AcDbXrecord
340
19
  0
XRECORD
  5
3BA
102
{ACAD_REACTORS
330
3AE
102
}
330
3AE
100
AcDbXrecord
 40
0.0
  0
XRECORD
  5
3BD
102
{ACAD_REACTORS
330
3AE
102
}
330
3AE
100
AcDbXrecord
340
0
  0
XRECORD
  5
3C3
102
{ACAD_REACTORS
330
3AE
102
}
330
3AE
100
AcDbXrecord
 10
0.0
 20
0.0
 30
0.0
  0
XRECORD
  5
3BF
102
{ACAD_REACTORS
330
3AE
102
}
330
3AE
100
AcDbXrecord
 10
0.0
 20
0.0
 30
0.0
  0
XRECORD
  5
3C2
102
{ACAD_REACTORS
330
3AE
102
}
330
3AE
100
AcDbXrecord
 10
0.0
 20
0.0
 30
0.0
  0
XRECORD
  5
3C0
102
{ACAD_REACTORS
330
3AE
102
}
330
3AE
100
AcDbXrecord
 10
0.0
 20
0.0
 30
0.0
  0
XRECORD
  5
3C1
102
{ACAD_REACTORS
330
3AE
102
}
330
3AE
100
AcDbXrecord
 10
0.0
 20
0.0
 30
0.0
  0
XRECORD
  5
3BE
102
{ACAD_REACTORS
330
3AE
102
}
330
3AE
100
AcDbXrecord
 10
0.0
 20
0.0
 30
0.0
  0
XRECORD
  5
3BB
102
{ACAD_REACTORS
330
3AE
102
}
330
3AE
100
AcDbXrecord
340
0
  0
XRECORD
  5
3BC
102
{ACAD_REACTORS
330
3AE
102
}
330
3AE
100
AcDbXrecord
 70
     0
  0
XRECORD
  5
3B2
102
{ACAD_REACTORS
330
3AE
102
}
330
3AE
100
AcDbXrecord
  1

  0
XRECORD
  5
3AF
102
{ACAD_REACTORS
330
3AE
102
}
330
3AE
100
AcDbXrecord
 90
        1
  0
XRECORD
  5
3B0
102
{ACAD_REACTORS
330
3AE
102
}
330
3AE
100
AcDbXrecord
 90
       70
  0
XRECORD
  5
3C6
102
{ACAD_REACTORS
330
3AE
102
}
330
3AE
100
AcDbXrecord
340
0
  0
XRECORD
  5
3CC
102
{ACAD_REACTORS
330
3AE
102
}
330
3AE
100
AcDbXrecord
 10
0.0
 20
0.0
 30
0.0
  0
XRECORD
  5
3C8
102
{ACAD_REACTORS
330
3AE
102
}
330
3AE
100
AcDbXrecord
 10
0.0
 20
0.0
 30
0.0
  0
XRECORD
  5
3CB
102
{ACAD_REACTORS
330
3AE
102
}
330
3AE
100
AcDbXrecord
 10
0.0
 20
0.0
 30
0.0
  0
XRECORD
  5
3C9
102
{ACAD_REACTORS
330
3AE
102
}
330
3AE
100
AcDbXrecord
 10
0.0
 20
0.0
 30
0.0
  0
XRECORD
  5
3CA
102
{ACAD_REACTORS
330
3AE
102
}
330
3AE
100
AcDbXrecord
 10
0.0
 20
0.0
 30
0.0
  0
XRECORD
  5
3C7
102
{ACAD_REACTORS
330
3AE
102
}
330
3AE
100
AcDbXrecord
 10
0.0
 20
0.0
 30
0.0
  0
XRECORD
  5
3C4
102
{ACAD_REACTORS
330
3AE
102
}
330
3AE
100
AcDbXrecord
340
0
  0
XRECORD
  5
3C5
102
{ACAD_REACTORS
330
3AE
102
}
330
3AE
100
AcDbXrecord
 70
     0
  0
XRECORD
  5
3B9
102
{ACAD_REACTORS
330
3AE
102
}
330
3AE
100
AcDbXrecord
  1
{FAEB1C32-E019-11D5-929B-00C0DF256EC4}
  0
DICTIONARYVAR
  5
3D5
102
{ACAD_REACTORS
330
3CE
102
}
330
3CE
100
DictionaryVariables
280
     0
  1
1:1
  0
DICTIONARYVAR
  5
3D3
102
{ACAD_REACTORS
330
3CE
102
}
330
3CE
100
DictionaryVariables
280
     0
  1
2
  0
DICTIONARYVAR
  5
3D4
102
{ACAD_REACTORS
330
3CE
102
}
330
3CE
100
DictionaryVariables
280
     0
  1
1
  0
DICTIONARYVAR
  5
3D6
102
{ACAD_REACTORS
330
3CE
102
}
330
3CE
100
DictionaryVariables
280
     0
  1
1
  0
DICTIONARY
  5
3D9
330
45
100
AcDbDictionary
280
     1
  3
ACAD_XREC_ROUNDTRIP
360
3DA
  0
DICTIONARY
  5
3D7
330
44
100
AcDbDictionary
280
     1
  3
ACAD_XREC_ROUNDTRIP
360
3D8
  0
DICTIONARY
  5
3DB
330
46
100
AcDbDictionary
280
     1
  3
ACAD_XREC_ROUNDTRIP
360
3DC
  0
XRECORD
  5
3DA
102
{ACAD_REACTORS
330
3D9
102
}
330
3D9
100
AcDbXrecord
102
MATERIAL
148
0.0
149
0.0
149
0.0
 93
        0
 94
      127
282
     0
 72
     1
 77
     1
171
     1
175
     1
179
     1
273
     0
  0
XRECORD
  5
3D8
102
{ACAD_REACTORS
330
3D7
102
}
330
3D7
100
AcDbXrecord
102
MATERIAL
148
0.0
149
0.0
149
0.0
 93
        0
 94
      127
282
     0
 72
     1
 77
     1
171
     1
175
     1
179
     1
273
     0
  0
XRECORD
  5
3DC
102
{ACAD_REACTORS
330
3DB
102
}
330
3DB
100
AcDbXrecord
102
MATERIAL
148
0.0
149
0.0
149
0.0
 93
        0
 94
      127
282
     0
 72
     1
 77
     1
171
     1
175
     1
179
     1
273
     0
  0
ENDSEC
  0
EOF
