  0
SECTION
  2
HEADER
  9
$ACADVER
  1
AC1014
  9
$ACADMAINTVER
 70
     9
  9
$DWGCODEPAGE
  3
ANSI_1252
  9
$INSBASE
 10
0.0
 20
0.0
 30
0.0
  9
$EXTMIN
 10
8.11388888888888
 20
9.774413888888887
 30
0.0
  9
$EXTMAX
 10
699.0489222222221
 20
168.5649127777778
 30
0.0
  9
$LIMMIN
 10
0.0
 20
0.0
  9
$LIMMAX
 10
12.0
 20
9.0
  9
$ORTHOMODE
 70
     0
  9
$REGENMODE
 70
     1
  9
$FILLMODE
 70
     1
  9
$QTEXTMODE
 70
     0
  9
$MIRRTEXT
 70
     1
  9
$DRAGMODE
 70
     2
  9
$LTSCALE
 40
1.0
  9
$OSMODE
 70
    37
  9
$ATTMODE
 70
     1
  9
$TEXTSIZE
 40
0.2
  9
$TRACEWID
 40
0.05
  9
$TEXTSTYLE
  7
STANDARD
  9
$CLAYER
  8
DEFAULT
  9
$CELTYPE
  6
BYLAYER
  9
$CECOLOR
 62
   256
  9
$CELTSCALE
 40
1.0
  9
$DELOBJ
 70
     1
  9
$DISPSILH
 70
     0
  9
$DIMSCALE
 40
1.0
  9
$DIMASZ
 40
0.18
  9
$DIMEXO
 40
0.0625
  9
$DIMDLI
 40
0.38
  9
$DIMRND
 40
0.0
  9
$DIMDLE
 40
0.0
  9
$DIMEXE
 40
0.18
  9
$DIMTP
 40
0.0
  9
$DIMTM
 40
0.0
  9
$DIMTXT
 40
0.18
  9
$DIMCEN
 40
0.09
  9
$DIMTSZ
 40
0.0
  9
$DIMTOL
 70
     0
  9
$DIMLIM
 70
     0
  9
$DIMTIH
 70
     1
  9
$DIMTOH
 70
     1
  9
$DIMSE1
 70
     0
  9
$DIMSE2
 70
     0
  9
$DIMTAD
 70
     0
  9
$DIMZIN
 70
     0
  9
$DIMBLK
  1

  9
$DIMASO
 70
     1
  9
$DIMSHO
 70
     1
  9
$DIMPOST
  1

  9
$DIMAPOST
  1

  9
$DIMALT
 70
     0
  9
$DIMALTD
 70
     2
  9
$DIMALTF
 40
25.4
  9
$DIMLFAC
 40
1.0
  9
$DIMTOFL
 70
     0
  9
$DIMTVP
 40
0.0
  9
$DIMTIX
 70
     0
  9
$DIMSOXD
 70
     0
  9
$DIMSAH
 70
     0
  9
$DIMBLK1
  1

  9
$DIMBLK2
  1

  9
$DIMSTYLE
  2
STANDARD
  9
$DIMCLRD
 70
     0
  9
$DIMCLRE
 70
     0
  9
$DIMCLRT
 70
     0
  9
$DIMTFAC
 40
1.0
  9
$DIMGAP
 40
0.09
  9
$DIMJUST
 70
     0
  9
$DIMSD1
 70
     0
  9
$DIMSD2
 70
     0
  9
$DIMTOLJ
 70
     1
  9
$DIMTZIN
 70
     0
  9
$DIMALTZ
 70
     0
  9
$DIMALTTZ
 70
     0
  9
$DIMFIT
 70
     5
  9
$DIMUPT
 70
     0
  9
$DIMUNIT
 70
     2
  9
$DIMDEC
 70
     4
  9
$DIMTDEC
 70
     4
  9
$DIMALTU
 70
     2
  9
$DIMALTTD
 70
     2
  9
$DIMTXSTY
  7
STANDARD
  9
$DIMAUNIT
 70
     0
  9
$LUNITS
 70
     2
  9
$LUPREC
 70
     3
  9
$SKETCHINC
 40
0.1
  9
$FILLETRAD
 40
0.5
  9
$AUNITS
 70
     0
  9
$AUPREC
 70
     0
  9
$MENU
  1
.
  9
$ELEVATION
 40
0.0
  9
$PELEVATION
 40
0.0
  9
$THICKNESS
 40
0.0
  9
$LIMCHECK
 70
     0
  9
$CHAMFERA
 40
0.0
  9
$CHAMFERB
 40
0.0
  9
$CHAMFERC
 40
0.0
  9
$CHAMFERD
 40
0.0
  9
$SKPOLY
 70
     0
  9
$TDCREATE
 40
2459020.53173581
  9
$TDUPDATE
 40
2459020.531769711
  9
$TDINDWG
 40
0.0000000116
  9
$TDUSRTIMER
 40
0.0000000116
  9
$USRTIMER
 70
     1
  9
$ANGBASE
 50
0.0
  9
$ANGDIR
 70
     0
  9
$PDMODE
 70
     0
  9
$PDSIZE
 40
0.0
  9
$PLINEWID
 40
0.0
  9
$COORDS
 70
     1
  9
$SPLFRAME
 70
     0
  9
$SPLINETYPE
 70
     6
  9
$SPLINESEGS
 70
     8
  9
$ATTDIA
 70
     0
  9
$ATTREQ
 70
     1
  9
$HANDLING
 70
     1
  9
$HANDSEED
  5
3AD
  9
$SURFTAB1
 70
     6
  9
$SURFTAB2
 70
     6
  9
$SURFTYPE
 70
     6
  9
$SURFU
 70
     6
  9
$SURFV
 70
     6
  9
$UCSNAME
  2

  9
$UCSORG
 10
0.0
 20
0.0
 30
0.0
  9
$UCSXDIR
 10
1.0
 20
0.0
 30
0.0
  9
$UCSYDIR
 10
0.0
 20
1.0
 30
0.0
  9
$PUCSNAME
  2

  9
$PUCSORG
 10
0.0
 20
0.0
 30
0.0
  9
$PUCSXDIR
 10
1.0
 20
0.0
 30
0.0
  9
$PUCSYDIR
 10
0.0
 20
1.0
 30
0.0
  9
$USERI1
 70
     0
  9
$USERI2
 70
     0
  9
$USERI3
 70
     0
  9
$USERI4
 70
     0
  9
$USERI5
 70
     0
  9
$USERR1
 40
0.0
  9
$USERR2
 40
0.0
  9
$USERR3
 40
0.0
  9
$USERR4
 40
0.0
  9
$USERR5
 40
0.0
  9
$WORLDVIEW
 70
     1
  9
$SHADEDGE
 70
     3
  9
$SHADEDIF
 70
    70
  9
$TILEMODE
 70
     1
  9
$MAXACTVP
 70
    64
  9
$PINSBASE
 10
0.0
 20
0.0
 30
0.0
  9
$PLIMCHECK
 70
     0
  9
$PEXTMIN
 10
1.000000000000000E+20
 20
1.000000000000000E+20
 30
1.000000000000000E+20
  9
$PEXTMAX
 10
-1.000000000000000E+20
 20
-1.000000000000000E+20
 30
-1.000000000000000E+20
  9
$PLIMMIN
 10
0.0
 20
0.0
  9
$PLIMMAX
 10
12.0
 20
9.0
  9
$UNITMODE
 70
     0
  9
$VISRETAIN
 70
     1
  9
$PLINEGEN
 70
     0
  9
$PSLTSCALE
 70
     1
  9
$TREEDEPTH
 70
  3020
  9
$PICKSTYLE
 70
     1
  9
$CMLSTYLE
  2
STANDARD
  9
$CMLJUST
 70
     0
  9
$CMLSCALE
 40
1.0
  9
$PROXYGRAPHICS
 70
     1
  9
$MEASUREMENT
 70
     0
  0
ENDSEC
  0
SECTION
  2
CLASSES
  0
CLASS
  1
ACDBDICTIONARYWDFLT
  2
AcDbDictionaryWithDefault
  3
ObjectDBX Classes
 90
        0
280
     0
281
     0
  0
CLASS
  1
VISUALSTYLE
  2
AcDbVisualStyle
  3
ObjectDBX Classes
 90
     4095
280
     0
281
     0
  0
CLASS
  1
MATERIAL
  2
AcDbMaterial
  3
ObjectDBX Classes
 90
     1153
280
     0
281
     0
  0
CLASS
  1
SCALE
  2
AcDbScale
  3
ObjectDBX Classes
 90
     1153
280
     0
281
     0
  0
CLASS
  1
SUN
  2
AcDbSun
  3
SCENEOE
 90
     1153
280
     0
281
     0
  0
CLASS
  1
DICTIONARYVAR
  2
AcDbDictionaryVar
  3
ObjectDBX Classes
 90
        0
280
     0
281
     0
  0
CLASS
  1
XRECORD
  2
AcDbXrecord
  3
ObjectDBX Classes
 90
        0
280
     0
281
     0
  0
CLASS
  1
LWPOLYLINE
  2
AcDbPolyline
  3
ObjectDBX Classes
 90
        0
280
     0
281
     1
  0
CLASS
  1
HATCH
  2
AcDbHatch
  3
ObjectDBX Classes
 90
        0
280
     0
281
     1
  0
CLASS
  1
ACDBPLACEHOLDER
  2
AcDbPlaceHolder
  3
ObjectDBX Classes
 90
        0
280
     0
281
     0
  0
CLASS
  1
LAYOUT
  2
AcDbLayout
  3
ObjectDBX Classes
 90
        0
280
     0
281
     0
  0
ENDSEC
  0
SECTION
  2
TABLES
  0
TABLE
  2
VPORT
  5
8
330
0
100
AcDbSymbolTable
 70
     1
  0
VPORT
  5
29
330
8
100
AcDbSymbolTableRecord
100
AcDbViewportTableRecord
  2
*ACTIVE
 70
     0
 10
0.0
 20
0.0
 11
1.0
 21
1.0
 12
353.5814055555555
 22
89.16966333333333
 13
0.0
 23
0.0
 14
0.5
 24
0.5
 15
0.5
 25
0.5
 16
0.0
 26
0.0
 36
1.0
 17
0.0
 27
0.0
 37
0.0
 40
161.9663088666667
 41
4.351236617858376
 42
50.0
 43
0.0
 44
0.0
 50
0.0
 51
0.0
 71
     0
 72
   100
 73
     1
 74
     3
 75
     0
 76
     0
 77
     0
 78
     0
  0
ENDTAB
  0
TABLE
  2
LTYPE
  5
5
330
0
100
AcDbSymbolTable
 70
     1
  0
LTYPE
  5
14
330
5
100
AcDbSymbolTableRecord
100
AcDbLinetypeTableRecord
  2
BYBLOCK
 70
     0
  3

 72
    65
 73
     0
 40
0.0
  0
LTYPE
  5
15
330
5
100
AcDbSymbolTableRecord
100
AcDbLinetypeTableRecord
  2
BYLAYER
 70
     0
  3

 72
    65
 73
     0
 40
0.0
  0
LTYPE
  5
16
330
5
100
AcDbSymbolTableRecord
100
AcDbLinetypeTableRecord
  2
CONTINUOUS
 70
     0
  3
Solid line
 72
    65
 73
     0
 40
0.0
  0
ENDTAB
  0
TABLE
  2
LAYER
  5
2
330
0
100
AcDbSymbolTable
 70
     2
  0
LAYER
  5
10
330
2
100
AcDbSymbolTableRecord
100
AcDbLayerTableRecord
  2
0
 70
     0
 62
     7
  6
CONTINUOUS
  0
LAYER
  5
6A
330
2
100
AcDbSymbolTableRecord
100
AcDbLayerTableRecord
  2
DEFAULT
 70
     0
 62
     7
  6
CONTINUOUS
  0
ENDTAB
  0
TABLE
  2
STYLE
  5
3
330
0
100
AcDbSymbolTable
 70
     1
  0
STYLE
  5
11
330
3
100
AcDbSymbolTableRecord
100
AcDbTextStyleTableRecord
  2
STANDARD
 70
     0
 40
0.0
 41
1.0
 50
0.0
 71
     0
 42
0.2
  3
txt
  4

  0
ENDTAB
  0
TABLE
  2
VIEW
  5
6
330
0
100
AcDbSymbolTable
 70
     0
  0
ENDTAB
  0
TABLE
  2
UCS
  5
7
330
0
100
AcDbSymbolTable
 70
     0
  0
ENDTAB
  0
TABLE
  2
APPID
  5
9
330
0
100
AcDbSymbolTable
 70
     1
  0
APPID
  5
12
330
9
100
AcDbSymbolTableRecord
100
AcDbRegAppTableRecord
  2
ACAD
 70
     0
  0
ENDTAB
  0
TABLE
  2
DIMSTYLE
  5
A
330
0
100
AcDbSymbolTable
 70
     1
  0
DIMSTYLE
105
27
330
A
100
AcDbSymbolTableRecord
100
AcDbDimStyleTableRecord
  2
STANDARD
 70
     0
  3

  4

  5

  6

  7

 40
1.0
 41
0.18
 42
0.0625
 43
0.38
 44
0.18
 45
0.0
 46
0.0
 47
0.0
 48
0.0
140
0.18
141
0.09
142
0.0
143
25.4
144
1.0
145
0.0
146
1.0
147
0.09
 71
     0
 72
     0
 73
     1
 74
     1
 75
     0
 76
     0
 77
     0
 78
     0
170
     0
171
     2
172
     0
173
     0
174
     0
175
     0
176
     0
177
     0
178
     0
270
     2
271
     4
272
     4
273
     2
274
     2
340
11
275
     0
280
     0
281
     0
282
     0
283
     1
284
     0
285
     0
286
     0
287
     3
288
     0
  0
ENDTAB
  0
TABLE
  2
BLOCK_RECORD
  5
1
330
0
100
AcDbSymbolTable
 70
     1
  0
BLOCK_RECORD
  5
1F
330
1
100
AcDbSymbolTableRecord
100
AcDbBlockTableRecord
  2
*MODEL_SPACE
  0
BLOCK_RECORD
  5
1B
330
1
100
AcDbSymbolTableRecord
100
AcDbBlockTableRecord
  2
*PAPER_SPACE
  0
ENDTAB
  0
ENDSEC
  0
SECTION
  2
BLOCKS
  0
BLOCK
  5
20
330
1F
100
AcDbEntity
  8
0
100
AcDbBlockBegin
  2
*MODEL_SPACE
 70
     0
 10
0.0
 20
0.0
 30
0.0
  3
*MODEL_SPACE
  1

  0
ENDBLK
  5
21
330
1F
100
AcDbEntity
  8
0
100
AcDbBlockEnd
  0
BLOCK
  5
1C
330
1B
100
AcDbEntity
 67
     1
  8
0
100
AcDbBlockBegin
  2
*PAPER_SPACE
 70
     0
 10
0.0
 20
0.0
 30
0.0
  3
*PAPER_SPACE
  1

  0
ENDBLK
  5
1D
330
1B
100
AcDbEntity
 67
     1
  8
0
100
AcDbBlockEnd
  0
ENDSEC
  0
SECTION
  2
ENTITIES
  0
POLYLINE
  5
6B
330
1F
100
AcDbEntity
  8
DEFAULT
 62
     1
100
AcDb2dPolyline
 66
     1
 10
0.0
 20
0.0
 30
0.0
 70
     1
  0
VERTEX
  5
6C
330
6B
100
AcDbEntity
  8
DEFAULT
 62
     1
100
AcDbVertex
100
AcDb2dVertex
 10
487.2474238888889
 20
19.10580944444444
 30
0.0
  0
VERTEX
  5
6D
330
6B
100
AcDbEntity
  8
DEFAULT
 62
     1
100
AcDbVertex
100
AcDb2dVertex
 10
487.2474238888889
 20
68.18848722222222
 30
0.0
  0
VERTEX
  5
6E
330
6B
100
AcDbEntity
  8
DEFAULT
 62
     1
100
AcDbVertex
100
AcDb2dVertex
 10
493.9410294444444
 20
68.18848722222222
 30
0.0
  0
VERTEX
  5
6F
330
6B
100
AcDbEntity
  8
DEFAULT
 62
     1
100
AcDbVertex
100
AcDb2dVertex
 10
493.9410294444444
 20
71.18709833333332
 30
0.0
  0
VERTEX
  5
70
330
6B
100
AcDbEntity
  8
DEFAULT
 62
     1
100
AcDbVertex
100
AcDb2dVertex
 10
501.2340044444444
 20
71.18709833333332
 30
0.0
  0
VERTEX
  5
71
330
6B
100
AcDbEntity
  8
DEFAULT
 62
     1
100
AcDbVertex
100
AcDb2dVertex
 10
501.2340044444444
 20
68.18848722222222
 30
0.0
  0
VERTEX
  5
72
330
6B
100
AcDbEntity
  8
DEFAULT
 62
     1
100
AcDbVertex
100
AcDb2dVertex
 10
507.7272322222221
 20
68.18848722222222
 30
0.0
  0
VERTEX
  5
73
330
6B
100
AcDbEntity
  8
DEFAULT
 62
     1
100
AcDbVertex
100
AcDb2dVertex
 10
507.7272322222221
 20
71.18709833333332
 30
0.0
  0
VERTEX
  5
74
330
6B
100
AcDbEntity
  8
DEFAULT
 62
     1
100
AcDbVertex
100
AcDb2dVertex
 10
515.0209127777778
 20
71.18709833333332
 30
0.0
  0
VERTEX
  5
75
330
6B
100
AcDbEntity
  8
DEFAULT
 62
     1
100
AcDbVertex
100
AcDb2dVertex
 10
515.0209127777778
 20
68.18848722222222
 30
0.0
  0
VERTEX
  5
76
330
6B
100
AcDbEntity
  8
DEFAULT
 62
     1
100
AcDbVertex
100
AcDb2dVertex
 10
521.5137877777778
 20
68.18848722222222
 30
0.0
  0
VERTEX
  5
77
330
6B
100
AcDbEntity
  8
DEFAULT
 62
     1
100
AcDbVertex
100
AcDb2dVertex
 10
521.5137877777778
 20
71.18709833333332
 30
0.0
  0
VERTEX
  5
78
330
6B
100
AcDbEntity
  8
DEFAULT
 62
     1
100
AcDbVertex
100
AcDb2dVertex
 10
528.8035877777777
 20
71.18709833333332
 30
0.0
  0
VERTEX
  5
79
330
6B
100
AcDbEntity
  8
DEFAULT
 62
     1
100
AcDbVertex
100
AcDb2dVertex
 10
528.8035877777777
 20
68.18848722222222
 30
0.0
  0
VERTEX
  5
7A
330
6B
100
AcDbEntity
  8
DEFAULT
 62
     1
100
AcDbVertex
100
AcDb2dVertex
 10
535.4968405555555
 20
68.18848722222222
 30
0.0
  0
VERTEX
  5
7B
330
6B
100
AcDbEntity
  8
DEFAULT
 62
     1
100
AcDbVertex
100
AcDb2dVertex
 10
535.4968405555555
 20
62.08895944444444
 30
0.0
  0
VERTEX
  5
7C
330
6B
100
AcDbEntity
  8
DEFAULT
 62
     1
100
AcDbVertex
100
AcDb2dVertex
 10
532.4947016666666
 20
62.08895944444444
 30
0.0
  0
VERTEX
  5
7D
330
6B
100
AcDbEntity
  8
DEFAULT
 62
     1
100
AcDbVertex
100
AcDb2dVertex
 10
532.4947016666666
 20
52.79291222222222
 30
0.0
  0
VERTEX
  5
7E
330
6B
100
AcDbEntity
  8
DEFAULT
 62
     1
100
AcDbVertex
100
AcDb2dVertex
 10
535.4968405555555
 20
52.79291222222222
 30
0.0
  0
VERTEX
  5
7F
330
6B
100
AcDbEntity
  8
DEFAULT
 62
     1
100
AcDbVertex
100
AcDb2dVertex
 10
535.4968405555555
 20
46.69691222222222
 30
0.0
  0
VERTEX
  5
80
330
6B
100
AcDbEntity
  8
DEFAULT
 62
     1
100
AcDbVertex
100
AcDb2dVertex
 10
532.4947016666666
 20
46.69691222222222
 30
0.0
  0
VERTEX
  5
81
330
6B
100
AcDbEntity
  8
DEFAULT
 62
     1
100
AcDbVertex
100
AcDb2dVertex
 10
532.4947016666666
 20
40.59738444444444
 30
0.0
  0
VERTEX
  5
82
330
6B
100
AcDbEntity
  8
DEFAULT
 62
     1
100
AcDbVertex
100
AcDb2dVertex
 10
535.4968405555555
 20
40.59738444444444
 30
0.0
  0
VERTEX
  5
83
330
6B
100
AcDbEntity
  8
DEFAULT
 62
     1
100
AcDbVertex
100
AcDb2dVertex
 10
535.4968405555555
 20
34.50138444444444
 30
0.0
  0
VERTEX
  5
84
330
6B
100
AcDbEntity
  8
DEFAULT
 62
     1
100
AcDbVertex
100
AcDb2dVertex
 10
532.4947016666666
 20
34.50138444444444
 30
0.0
  0
VERTEX
  5
85
330
6B
100
AcDbEntity
  8
DEFAULT
 62
     1
100
AcDbVertex
100
AcDb2dVertex
 10
532.4947016666666
 20
25.20533722222222
 30
0.0
  0
VERTEX
  5
86
330
6B
100
AcDbEntity
  8
DEFAULT
 62
     1
100
AcDbVertex
100
AcDb2dVertex
 10
535.4968405555555
 20
25.20533722222222
 30
0.0
  0
VERTEX
  5
87
330
6B
100
AcDbEntity
  8
DEFAULT
 62
     1
100
AcDbVertex
100
AcDb2dVertex
 10
535.4968405555555
 20
19.10580944444444
 30
0.0
  0
VERTEX
  5
88
330
6B
100
AcDbEntity
  8
DEFAULT
 62
     1
100
AcDbVertex
100
AcDb2dVertex
 10
528.8035877777777
 20
19.10580944444444
 30
0.0
  0
VERTEX
  5
89
330
6B
100
AcDbEntity
  8
DEFAULT
 62
     1
100
AcDbVertex
100
AcDb2dVertex
 10
528.8035877777777
 20
16.10719833333333
 30
0.0
  0
VERTEX
  5
8A
330
6B
100
AcDbEntity
  8
DEFAULT
 62
     1
100
AcDbVertex
100
AcDb2dVertex
 10
521.51026
 20
16.10719833333333
 30
0.0
  0
VERTEX
  5
8B
330
6B
100
AcDbEntity
  8
DEFAULT
 62
     1
100
AcDbVertex
100
AcDb2dVertex
 10
521.51026
 20
19.10580944444444
 30
0.0
  0
VERTEX
  5
8C
330
6B
100
AcDbEntity
  8
DEFAULT
 62
     1
100
AcDbVertex
100
AcDb2dVertex
 10
515.017385
 20
19.10580944444444
 30
0.0
  0
VERTEX
  5
8D
330
6B
100
AcDbEntity
  8
DEFAULT
 62
     1
100
AcDbVertex
100
AcDb2dVertex
 10
515.017385
 20
16.10719833333333
 30
0.0
  0
VERTEX
  5
8E
330
6B
100
AcDbEntity
  8
DEFAULT
 62
     1
100
AcDbVertex
100
AcDb2dVertex
 10
507.7237044444444
 20
16.10719833333333
 30
0.0
  0
VERTEX
  5
8F
330
6B
100
AcDbEntity
  8
DEFAULT
 62
     1
100
AcDbVertex
100
AcDb2dVertex
 10
507.7237044444444
 20
19.10580944444444
 30
0.0
  0
VERTEX
  5
90
330
6B
100
AcDbEntity
  8
DEFAULT
 62
     1
100
AcDbVertex
100
AcDb2dVertex
 10
501.2308294444444
 20
19.10580944444444
 30
0.0
  0
VERTEX
  5
91
330
6B
100
AcDbEntity
  8
DEFAULT
 62
     1
100
AcDbVertex
100
AcDb2dVertex
 10
501.2308294444444
 20
16.10719833333333
 30
0.0
  0
VERTEX
  5
92
330
6B
100
AcDbEntity
  8
DEFAULT
 62
     1
100
AcDbVertex
100
AcDb2dVertex
 10
493.9410294444444
 20
16.10719833333333
 30
0.0
  0
VERTEX
  5
93
330
6B
100
AcDbEntity
  8
DEFAULT
 62
     1
100
AcDbVertex
100
AcDb2dVertex
 10
493.9410294444444
 20
19.10580944444444
 30
0.0
  0
SEQEND
  5
94
330
6B
100
AcDbEntity
  8
DEFAULT
 62
     1
  0
POLYLINE
  5
95
330
1F
100
AcDbEntity
  8
DEFAULT
 62
     1
100
AcDb2dPolyline
 66
     1
 10
0.0
 20
0.0
 30
0.0
 70
     1
  0
VERTEX
  5
96
330
95
100
AcDbEntity
  8
DEFAULT
 62
     1
100
AcDbVertex
100
AcDb2dVertex
 10
551.4957008333333
 20
19.10580944444444
 30
0.0
  0
VERTEX
  5
97
330
95
100
AcDbEntity
  8
DEFAULT
 62
     1
100
AcDbVertex
100
AcDb2dVertex
 10
547.1967508333333
 20
19.10580944444444
 30
0.0
  0
VERTEX
  5
98
330
95
100
AcDbEntity
  8
DEFAULT
 62
     1
100
AcDbVertex
100
AcDb2dVertex
 10
547.1967508333333
 20
16.10367055555556
 30
0.0
  0
VERTEX
  5
99
330
95
100
AcDbEntity
  8
DEFAULT
 62
     1
100
AcDbVertex
100
AcDb2dVertex
 10
542.0977008333333
 20
16.10367055555556
 30
0.0
  0
VERTEX
  5
9A
330
95
100
AcDbEntity
  8
DEFAULT
 62
     1
100
AcDbVertex
100
AcDb2dVertex
 10
542.0977008333333
 20
19.10580944444444
 30
0.0
  0
VERTEX
  5
9B
330
95
100
AcDbEntity
  8
DEFAULT
 62
     1
100
AcDbVertex
100
AcDb2dVertex
 10
540.6012175
 20
19.10580944444444
 30
0.0
  0
VERTEX
  5
9C
330
95
100
AcDbEntity
  8
DEFAULT
 62
     1
100
AcDbVertex
100
AcDb2dVertex
 10
540.6012175
 20
25.00531222222222
 30
0.0
  0
VERTEX
  5
9D
330
95
100
AcDbEntity
  8
DEFAULT
 62
     1
100
AcDbVertex
100
AcDb2dVertex
 10
537.5987258333333
 20
25.00531222222222
 30
0.0
  0
VERTEX
  5
9E
330
95
100
AcDbEntity
  8
DEFAULT
 62
     1
100
AcDbVertex
100
AcDb2dVertex
 10
537.5987258333333
 20
34.70140944444444
 30
0.0
  0
VERTEX
  5
9F
330
95
100
AcDbEntity
  8
DEFAULT
 62
     1
100
AcDbVertex
100
AcDb2dVertex
 10
540.6012175
 20
34.70140944444444
 30
0.0
  0
VERTEX
  5
A0
330
95
100
AcDbEntity
  8
DEFAULT
 62
     1
100
AcDbVertex
100
AcDb2dVertex
 10
540.6012175
 20
40.39735944444444
 30
0.0
  0
VERTEX
  5
A1
330
95
100
AcDbEntity
  8
DEFAULT
 62
     1
100
AcDbVertex
100
AcDb2dVertex
 10
537.5987258333333
 20
40.39735944444444
 30
0.0
  0
VERTEX
  5
A2
330
95
100
AcDbEntity
  8
DEFAULT
 62
     1
100
AcDbVertex
100
AcDb2dVertex
 10
537.5987258333333
 20
46.89658444444444
 30
0.0
  0
VERTEX
  5
A3
330
95
100
AcDbEntity
  8
DEFAULT
 62
     1
100
AcDbVertex
100
AcDb2dVertex
 10
540.6012175
 20
46.89658444444444
 30
0.0
  0
VERTEX
  5
A4
330
95
100
AcDbEntity
  8
DEFAULT
 62
     1
100
AcDbVertex
100
AcDb2dVertex
 10
540.6012175
 20
52.59288722222222
 30
0.0
  0
VERTEX
  5
A5
330
95
100
AcDbEntity
  8
DEFAULT
 62
     1
100
AcDbVertex
100
AcDb2dVertex
 10
537.5987258333333
 20
52.59288722222222
 30
0.0
  0
VERTEX
  5
A6
330
95
100
AcDbEntity
  8
DEFAULT
 62
     1
100
AcDbVertex
100
AcDb2dVertex
 10
537.5987258333333
 20
62.28898444444444
 30
0.0
  0
VERTEX
  5
A7
330
95
100
AcDbEntity
  8
DEFAULT
 62
     1
100
AcDbVertex
100
AcDb2dVertex
 10
540.6012175
 20
62.28898444444444
 30
0.0
  0
VERTEX
  5
A8
330
95
100
AcDbEntity
  8
DEFAULT
 62
     1
100
AcDbVertex
100
AcDb2dVertex
 10
540.6012175
 20
68.18848722222222
 30
0.0
  0
VERTEX
  5
A9
330
95
100
AcDbEntity
  8
DEFAULT
 62
     1
100
AcDbVertex
100
AcDb2dVertex
 10
542.0977008333333
 20
68.18848722222222
 30
0.0
  0
VERTEX
  5
AA
330
95
100
AcDbEntity
  8
DEFAULT
 62
     1
100
AcDbVertex
100
AcDb2dVertex
 10
542.0977008333333
 20
71.1906261111111
 30
0.0
  0
VERTEX
  5
AB
330
95
100
AcDbEntity
  8
DEFAULT
 62
     1
100
AcDbVertex
100
AcDb2dVertex
 10
547.2002786111111
 20
71.1906261111111
 30
0.0
  0
VERTEX
  5
AC
330
95
100
AcDbEntity
  8
DEFAULT
 62
     1
100
AcDbVertex
100
AcDb2dVertex
 10
547.2002786111111
 20
68.18848722222222
 30
0.0
  0
VERTEX
  5
AD
330
95
100
AcDbEntity
  8
DEFAULT
 62
     1
100
AcDbVertex
100
AcDb2dVertex
 10
551.4992286111111
 20
68.18848722222222
 30
0.0
  0
VERTEX
  5
AE
330
95
100
AcDbEntity
  8
DEFAULT
 62
     1
100
AcDbVertex
100
AcDb2dVertex
 10
551.4992286111111
 20
71.1906261111111
 30
0.0
  0
VERTEX
  5
AF
330
95
100
AcDbEntity
  8
DEFAULT
 62
     1
100
AcDbVertex
100
AcDb2dVertex
 10
556.598278611111
 20
71.1906261111111
 30
0.0
  0
VERTEX
  5
B0
330
95
100
AcDbEntity
  8
DEFAULT
 62
     1
100
AcDbVertex
100
AcDb2dVertex
 10
556.598278611111
 20
68.18848722222222
 30
0.0
  0
VERTEX
  5
B1
330
95
100
AcDbEntity
  8
DEFAULT
 62
     1
100
AcDbVertex
100
AcDb2dVertex
 10
561.097606388889
 20
68.18848722222222
 30
0.0
  0
VERTEX
  5
B2
330
95
100
AcDbEntity
  8
DEFAULT
 62
     1
100
AcDbVertex
100
AcDb2dVertex
 10
561.097606388889
 20
59.60857888888889
 30
0.0
  0
VERTEX
  5
B3
330
95
100
AcDbEntity
  8
DEFAULT
 62
     1
100
AcDbVertex
100
AcDb2dVertex
 10
555.5903925
 20
59.60857888888889
 30
0.0
  0
VERTEX
  5
B4
330
95
100
AcDbEntity
  8
DEFAULT
 62
     1
100
AcDbVertex
100
AcDb2dVertex
 10
555.5903925
 20
49.73080111111111
 30
0.0
  0
VERTEX
  5
B5
330
95
100
AcDbEntity
  8
DEFAULT
 62
     1
100
AcDbVertex
100
AcDb2dVertex
 10
558.3459397222222
 20
49.73080111111111
 30
0.0
  0
VERTEX
  5
B6
330
95
100
AcDbEntity
  8
DEFAULT
 62
     1
100
AcDbVertex
100
AcDb2dVertex
 10
558.3459397222222
 20
37.56349555555555
 30
0.0
  0
VERTEX
  5
B7
330
95
100
AcDbEntity
  8
DEFAULT
 62
     1
100
AcDbVertex
100
AcDb2dVertex
 10
555.5903925
 20
37.56349555555555
 30
0.0
  0
VERTEX
  5
B8
330
95
100
AcDbEntity
  8
DEFAULT
 62
     1
100
AcDbVertex
100
AcDb2dVertex
 10
555.5903925
 20
27.68571777777778
 30
0.0
  0
VERTEX
  5
B9
330
95
100
AcDbEntity
  8
DEFAULT
 62
     1
100
AcDbVertex
100
AcDb2dVertex
 10
561.097606388889
 20
27.68571777777778
 30
0.0
  0
VERTEX
  5
BA
330
95
100
AcDbEntity
  8
DEFAULT
 62
     1
100
AcDbVertex
100
AcDb2dVertex
 10
561.097606388889
 20
19.10580944444444
 30
0.0
  0
VERTEX
  5
BB
330
95
100
AcDbEntity
  8
DEFAULT
 62
     1
100
AcDbVertex
100
AcDb2dVertex
 10
556.598278611111
 20
19.10580944444444
 30
0.0
  0
VERTEX
  5
BC
330
95
100
AcDbEntity
  8
DEFAULT
 62
     1
100
AcDbVertex
100
AcDb2dVertex
 10
556.598278611111
 20
16.10367055555556
 30
0.0
  0
VERTEX
  5
BD
330
95
100
AcDbEntity
  8
DEFAULT
 62
     1
100
AcDbVertex
100
AcDb2dVertex
 10
551.4957008333333
 20
16.10367055555556
 30
0.0
  0
SEQEND
  5
BE
330
95
100
AcDbEntity
  8
DEFAULT
 62
     1
  0
POLYLINE
  5
BF
330
1F
100
AcDbEntity
  8
DEFAULT
 62
     1
100
AcDb2dPolyline
 66
     1
 10
0.0
 20
0.0
 30
0.0
 70
     1
  0
VERTEX
  5
C0
330
BF
100
AcDbEntity
  8
DEFAULT
 62
     1
100
AcDbVertex
100
AcDb2dVertex
 10
680.0052722222222
 20
92.76291666666665
 30
0.0
  0
VERTEX
  5
C1
330
BF
100
AcDbEntity
  8
DEFAULT
 62
     1
100
AcDbVertex
100
AcDb2dVertex
 10
647.3239388888888
 20
92.76291666666665
 30
0.0
  0
VERTEX
  5
C2
330
BF
100
AcDbEntity
  8
DEFAULT
 62
     1
100
AcDbVertex
100
AcDb2dVertex
 10
647.3239388888888
 20
125.44425
 30
0.0
  0
VERTEX
  5
C3
330
BF
100
AcDbEntity
  8
DEFAULT
 62
     1
100
AcDbVertex
100
AcDb2dVertex
 10
680.0052722222222
 20
125.44425
 30
0.0
  0
SEQEND
  5
C4
330
BF
100
AcDbEntity
  8
DEFAULT
 62
     1
  0
POLYLINE
  5
C5
330
1F
100
AcDbEntity
  8
DEFAULT
 62
     1
100
AcDb2dPolyline
 66
     1
 10
0.0
 20
0.0
 30
0.0
 70
     1
  0
VERTEX
  5
C6
330
C5
100
AcDbEntity
  8
DEFAULT
 62
     1
100
AcDbVertex
100
AcDb2dVertex
 10
688.0065897222221
 20
119.3350208333333
 30
0.0
  0
VERTEX
  5
C7
330
C5
100
AcDbEntity
  8
DEFAULT
 62
     1
100
AcDbVertex
100
AcDb2dVertex
 10
688.0065897222221
 20
126.6883208333333
 30
0.0
  0
VERTEX
  5
C8
330
C5
100
AcDbEntity
  8
DEFAULT
 62
     1
100
AcDbVertex
100
AcDb2dVertex
 10
685.0040980555555
 20
126.6883208333333
 30
0.0
  0
VERTEX
  5
C9
330
C5
100
AcDbEntity
  8
DEFAULT
 62
     1
100
AcDbVertex
100
AcDb2dVertex
 10
685.0040980555555
 20
130.4429347222222
 30
0.0
  0
VERTEX
  5
CA
330
C5
100
AcDbEntity
  8
DEFAULT
 62
     1
100
AcDbVertex
100
AcDb2dVertex
 10
681.2498369444444
 20
130.4429347222222
 30
0.0
  0
VERTEX
  5
CB
330
C5
100
AcDbEntity
  8
DEFAULT
 62
     1
100
AcDbVertex
100
AcDb2dVertex
 10
681.2498369444444
 20
133.4450736111111
 30
0.0
  0
VERTEX
  5
CC
330
C5
100
AcDbEntity
  8
DEFAULT
 62
     1
100
AcDbVertex
100
AcDb2dVertex
 10
673.8965369444443
 20
133.4450736111111
 30
0.0
  0
VERTEX
  5
CD
330
C5
100
AcDbEntity
  8
DEFAULT
 62
     1
100
AcDbVertex
100
AcDb2dVertex
 10
673.8965369444443
 20
130.4429347222222
 30
0.0
  0
VERTEX
  5
CE
330
C5
100
AcDbEntity
  8
DEFAULT
 62
     1
100
AcDbVertex
100
AcDb2dVertex
 10
667.3433369444443
 20
130.4429347222222
 30
0.0
  0
VERTEX
  5
CF
330
C5
100
AcDbEntity
  8
DEFAULT
 62
     1
100
AcDbVertex
100
AcDb2dVertex
 10
667.3433369444443
 20
133.4450736111111
 30
0.0
  0
VERTEX
  5
D0
330
C5
100
AcDbEntity
  8
DEFAULT
 62
     1
100
AcDbVertex
100
AcDb2dVertex
 10
659.9900369444443
 20
133.4450736111111
 30
0.0
  0
VERTEX
  5
D1
330
C5
100
AcDbEntity
  8
DEFAULT
 62
     1
100
AcDbVertex
100
AcDb2dVertex
 10
659.9900369444443
 20
130.4429347222222
 30
0.0
  0
VERTEX
  5
D2
330
C5
100
AcDbEntity
  8
DEFAULT
 62
     1
100
AcDbVertex
100
AcDb2dVertex
 10
653.4329563888888
 20
130.4429347222222
 30
0.0
  0
VERTEX
  5
D3
330
C5
100
AcDbEntity
  8
DEFAULT
 62
     1
100
AcDbVertex
100
AcDb2dVertex
 10
653.4329563888888
 20
133.4450736111111
 30
0.0
  0
VERTEX
  5
D4
330
C5
100
AcDbEntity
  8
DEFAULT
 62
     1
100
AcDbVertex
100
AcDb2dVertex
 10
646.0796563888888
 20
133.4450736111111
 30
0.0
  0
VERTEX
  5
D5
330
C5
100
AcDbEntity
  8
DEFAULT
 62
     1
100
AcDbVertex
100
AcDb2dVertex
 10
646.0796563888888
 20
130.4429347222222
 30
0.0
  0
VERTEX
  5
D6
330
C5
100
AcDbEntity
  8
DEFAULT
 62
     1
100
AcDbVertex
100
AcDb2dVertex
 10
642.3253952777777
 20
130.4429347222222
 30
0.0
  0
VERTEX
  5
D7
330
C5
100
AcDbEntity
  8
DEFAULT
 62
     1
100
AcDbVertex
100
AcDb2dVertex
 10
642.3253952777777
 20
126.6883208333333
 30
0.0
  0
VERTEX
  5
D8
330
C5
100
AcDbEntity
  8
DEFAULT
 62
     1
100
AcDbVertex
100
AcDb2dVertex
 10
639.3232563888888
 20
126.6883208333333
 30
0.0
  0
VERTEX
  5
D9
330
C5
100
AcDbEntity
  8
DEFAULT
 62
     1
100
AcDbVertex
100
AcDb2dVertex
 10
639.3232563888888
 20
119.3350208333333
 30
0.0
  0
VERTEX
  5
DA
330
C5
100
AcDbEntity
  8
DEFAULT
 62
     1
100
AcDbVertex
100
AcDb2dVertex
 10
642.3253952777777
 20
119.3350208333333
 30
0.0
  0
VERTEX
  5
DB
330
C5
100
AcDbEntity
  8
DEFAULT
 62
     1
100
AcDbVertex
100
AcDb2dVertex
 10
642.3253952777777
 20
112.7818208333333
 30
0.0
  0
VERTEX
  5
DC
330
C5
100
AcDbEntity
  8
DEFAULT
 62
     1
100
AcDbVertex
100
AcDb2dVertex
 10
639.3232563888888
 20
112.7818208333333
 30
0.0
  0
VERTEX
  5
DD
330
C5
100
AcDbEntity
  8
DEFAULT
 62
     1
100
AcDbVertex
100
AcDb2dVertex
 10
639.3232563888888
 20
105.4249930555555
 30
0.0
  0
VERTEX
  5
DE
330
C5
100
AcDbEntity
  8
DEFAULT
 62
     1
100
AcDbVertex
100
AcDb2dVertex
 10
642.3253952777777
 20
105.4249930555555
 30
0.0
  0
VERTEX
  5
DF
330
C5
100
AcDbEntity
  8
DEFAULT
 62
     1
100
AcDbVertex
100
AcDb2dVertex
 10
642.3253952777777
 20
98.87179305555553
 30
0.0
  0
VERTEX
  5
E0
330
C5
100
AcDbEntity
  8
DEFAULT
 62
     1
100
AcDbVertex
100
AcDb2dVertex
 10
639.3232563888888
 20
98.87179305555553
 30
0.0
  0
VERTEX
  5
E1
330
C5
100
AcDbEntity
  8
DEFAULT
 62
     1
100
AcDbVertex
100
AcDb2dVertex
 10
639.3232563888888
 20
91.51849305555555
 30
0.0
  0
VERTEX
  5
E2
330
C5
100
AcDbEntity
  8
DEFAULT
 62
     1
100
AcDbVertex
100
AcDb2dVertex
 10
642.3253952777777
 20
91.51849305555555
 30
0.0
  0
VERTEX
  5
E3
330
C5
100
AcDbEntity
  8
DEFAULT
 62
     1
100
AcDbVertex
100
AcDb2dVertex
 10
642.3253952777777
 20
87.76387916666665
 30
0.0
  0
VERTEX
  5
E4
330
C5
100
AcDbEntity
  8
DEFAULT
 62
     1
100
AcDbVertex
100
AcDb2dVertex
 10
646.0796563888888
 20
87.76387916666665
 30
0.0
  0
VERTEX
  5
E5
330
C5
100
AcDbEntity
  8
DEFAULT
 62
     1
100
AcDbVertex
100
AcDb2dVertex
 10
646.0796563888888
 20
84.76174027777776
 30
0.0
  0
VERTEX
  5
E6
330
C5
100
AcDbEntity
  8
DEFAULT
 62
     1
100
AcDbVertex
100
AcDb2dVertex
 10
653.4329563888888
 20
84.76174027777776
 30
0.0
  0
VERTEX
  5
E7
330
C5
100
AcDbEntity
  8
DEFAULT
 62
     1
100
AcDbVertex
100
AcDb2dVertex
 10
653.4329563888888
 20
87.76387916666665
 30
0.0
  0
VERTEX
  5
E8
330
C5
100
AcDbEntity
  8
DEFAULT
 62
     1
100
AcDbVertex
100
AcDb2dVertex
 10
659.9861563888888
 20
87.76387916666665
 30
0.0
  0
VERTEX
  5
E9
330
C5
100
AcDbEntity
  8
DEFAULT
 62
     1
100
AcDbVertex
100
AcDb2dVertex
 10
659.9861563888888
 20
84.76174027777776
 30
0.0
  0
VERTEX
  5
EA
330
C5
100
AcDbEntity
  8
DEFAULT
 62
     1
100
AcDbVertex
100
AcDb2dVertex
 10
667.3398091666666
 20
84.76174027777776
 30
0.0
  0
VERTEX
  5
EB
330
C5
100
AcDbEntity
  8
DEFAULT
 62
     1
100
AcDbVertex
100
AcDb2dVertex
 10
667.3398091666666
 20
87.76387916666665
 30
0.0
  0
VERTEX
  5
EC
330
C5
100
AcDbEntity
  8
DEFAULT
 62
     1
100
AcDbVertex
100
AcDb2dVertex
 10
673.8965369444443
 20
87.76387916666665
 30
0.0
  0
VERTEX
  5
ED
330
C5
100
AcDbEntity
  8
DEFAULT
 62
     1
100
AcDbVertex
100
AcDb2dVertex
 10
673.8965369444443
 20
84.76174027777776
 30
0.0
  0
VERTEX
  5
EE
330
C5
100
AcDbEntity
  8
DEFAULT
 62
     1
100
AcDbVertex
100
AcDb2dVertex
 10
681.2498369444444
 20
84.76174027777776
 30
0.0
  0
VERTEX
  5
EF
330
C5
100
AcDbEntity
  8
DEFAULT
 62
     1
100
AcDbVertex
100
AcDb2dVertex
 10
681.2498369444444
 20
87.76387916666665
 30
0.0
  0
VERTEX
  5
F0
330
C5
100
AcDbEntity
  8
DEFAULT
 62
     1
100
AcDbVertex
100
AcDb2dVertex
 10
685.0040980555555
 20
87.76387916666665
 30
0.0
  0
VERTEX
  5
F1
330
C5
100
AcDbEntity
  8
DEFAULT
 62
     1
100
AcDbVertex
100
AcDb2dVertex
 10
685.0040980555555
 20
91.51849305555555
 30
0.0
  0
VERTEX
  5
F2
330
C5
100
AcDbEntity
  8
DEFAULT
 62
     1
100
AcDbVertex
100
AcDb2dVertex
 10
688.0065897222221
 20
91.51849305555555
 30
0.0
  0
VERTEX
  5
F3
330
C5
100
AcDbEntity
  8
DEFAULT
 62
     1
100
AcDbVertex
100
AcDb2dVertex
 10
688.0065897222221
 20
98.87179305555553
 30
0.0
  0
VERTEX
  5
F4
330
C5
100
AcDbEntity
  8
DEFAULT
 62
     1
100
AcDbVertex
100
AcDb2dVertex
 10
685.0040980555555
 20
98.87179305555553
 30
0.0
  0
VERTEX
  5
F5
330
C5
100
AcDbEntity
  8
DEFAULT
 62
     1
100
AcDbVertex
100
AcDb2dVertex
 10
685.0040980555555
 20
105.4249930555555
 30
0.0
  0
VERTEX
  5
F6
330
C5
100
AcDbEntity
  8
DEFAULT
 62
     1
100
AcDbVertex
100
AcDb2dVertex
 10
688.0065897222221
 20
105.4249930555555
 30
0.0
  0
VERTEX
  5
F7
330
C5
100
AcDbEntity
  8
DEFAULT
 62
     1
100
AcDbVertex
100
AcDb2dVertex
 10
688.0065897222221
 20
112.7818208333333
 30
0.0
  0
VERTEX
  5
F8
330
C5
100
AcDbEntity
  8
DEFAULT
 62
     1
100
AcDbVertex
100
AcDb2dVertex
 10
685.0040980555555
 20
112.7818208333333
 30
0.0
  0
VERTEX
  5
F9
330
C5
100
AcDbEntity
  8
DEFAULT
 62
     1
100
AcDbVertex
100
AcDb2dVertex
 10
685.0040980555555
 20
119.3350208333333
 30
0.0
  0
SEQEND
  5
FA
330
C5
100
AcDbEntity
  8
DEFAULT
 62
     1
  0
SPLINE
  5
FB
330
1F
100
AcDbEntity
  8
DEFAULT
 62
     1
100
AcDbSpline
210
0.0
220
0.0
230
1.0
 70
    11
 71
     3
 72
    17
 73
    13
 74
     0
 42
0.000000001
 43
0.0000000001
 40
0.0
 40
0.0
 40
0.0
 40
0.0
 40
1.0
 40
1.0
 40
1.0
 40
2.0
 40
2.0
 40
2.0
 40
3.0
 40
3.0
 40
3.0
 40
4.0
 40
4.0
 40
4.0
 40
4.0
 10
497.6016633333333
 20
84.1900286111111
 30
0.0
 10
497.6016633333333
 20
87.08986194444444
 30
0.0
 10
499.9511633333333
 20
89.43936194444443
 30
0.0
 10
502.8509966666667
 20
89.43936194444443
 30
0.0
 10
505.75083
 20
89.43936194444443
 30
0.0
 10
508.1003299999999
 20
87.08986194444444
 30
0.0
 10
508.1003299999999
 20
84.1900286111111
 30
0.0
 10
508.1003299999999
 20
81.29019527777777
 30
0.0
 10
505.75083
 20
78.94069527777778
 30
0.0
 10
502.8509966666667
 20
78.94069527777778
 30
0.0
 10
499.9511633333333
 20
78.94069527777778
 30
0.0
 10
497.6016633333333
 20
81.29019527777777
 30
0.0
 10
497.6016633333333
 20
84.1900286111111
 30
0.0
  0
SPLINE
  5
FC
330
1F
100
AcDbEntity
  8
DEFAULT
 62
     1
100
AcDbSpline
210
0.0
220
0.0
230
1.0
 70
    11
 71
     3
 72
   119
 73
   115
 74
     0
 42
0.000000001
 43
0.0000000001
 40
8.5
 40
8.5
 40
8.5
 40
8.5
 40
31.46699999999998
 40
31.46699999999998
 40
31.46699999999998
 40
39.96699999999998
 40
39.96699999999998
 40
39.96699999999998
 40
65.19
 40
65.19
 40
65.19
 40
73.69
 40
73.69
 40
73.69
 40
96.65699999999998
 40
96.65699999999998
 40
96.65699999999998
 40
105.157
 40
105.157
 40
105.157
 40
106.157
 40
106.157
 40
106.157
 40
191.407
 40
191.407
 40
191.407
 40
214.94
 40
214.94
 40
214.94
 40
223.45
 40
223.45
 40
223.45
 40
248.674
 40
248.674
 40
248.674
 40
257.184
 40
257.184
 40
257.184
 40
280.151
 40
280.151
 40
280.151
 40
288.6609999999999
 40
288.6609999999999
 40
288.6609999999999
 40
313.884
 40
313.884
 40
313.884
 40
322.3939999999999
 40
322.3939999999999
 40
322.3939999999999
 40
345.3609999999999
 40
345.3609999999999
 40
345.3609999999999
 40
353.8709999999999
 40
353.8709999999999
 40
353.8709999999999
 40
379.0949999999999
 40
379.0949999999999
 40
379.0949999999999
 40
387.6049999999999
 40
387.6049999999999
 40
387.6049999999999
 40
411.1369999999999
 40
411.1369999999999
 40
411.1369999999999
 40
422.3459999999999
 40
422.3459999999999
 40
422.3459999999999
 40
430.8549999999999
 40
430.8549999999999
 40
430.8549999999999
 40
450.5649999999999
 40
450.5649999999999
 40
450.5649999999999
 40
459.0739999999999
 40
459.0739999999999
 40
459.0739999999999
 40
478.7839999999997
 40
478.7839999999997
 40
478.7839999999997
 40
487.2929999999997
 40
487.2929999999997
 40
487.2929999999997
 40
507.0039999999997
 40
507.0039999999997
 40
507.0039999999997
 40
515.5129999999997
 40
515.5129999999997
 40
515.5129999999997
 40
535.2329999999997
 40
535.2329999999997
 40
535.2329999999997
 40
543.7419999999997
 40
543.7419999999997
 40
543.7419999999997
 40
563.4519999999998
 40
563.4519999999998
 40
563.4519999999998
 40
571.9609999999998
 40
571.9609999999998
 40
571.9609999999998
 40
583.1709999999998
 40
583.1709999999998
 40
583.1709999999998
 40
606.7029999999997
 40
606.7029999999997
 40
606.7029999999997
 40
615.2029999999997
 40
615.2029999999997
 40
615.2029999999997
 40
640.4269999999997
 40
640.4269999999997
 40
640.4269999999997
 40
648.9269999999997
 40
648.9269999999997
 40
648.9269999999997
 40
648.9269999999997
 10
490.2460349999999
 20
116.2447580555556
 30
0.0
 10
490.2460349999999
 20
113.5440089814815
 30
0.0
 10
490.2460349999999
 20
110.8432599074074
 30
0.0
 10
490.2460349999999
 20
108.1425108333333
 30
0.0
 10
489.2464979629629
 20
108.1425108333333
 30
0.0
 10
488.2469609259259
 20
108.1425108333333
 30
0.0
 10
487.2474238888888
 20
108.1425108333333
 30
0.0
 10
487.2474238888888
 20
105.1764728703704
 30
0.0
 10
487.2474238888888
 20
102.2104349074074
 30
0.0
 10
487.2474238888888
 20
99.24439694444443
 30
0.0
 10
488.2469609259259
 20
99.24439694444443
 30
0.0
 10
489.2464979629629
 20
99.24439694444443
 30
0.0
 10
490.2460349999999
 20
99.24439694444443
 30
0.0
 10
490.2460349999999
 20
96.54364787037036
 30
0.0
 10
490.2460349999999
 20
93.8428987962963
 30
0.0
 10
490.2460349999999
 20
91.14214972222221
 30
0.0
 10
489.2464979629629
 20
91.14214972222221
 30
0.0
 10
488.2469609259259
 20
91.14214972222221
 30
0.0
 10
487.2474238888889
 20
91.14214972222221
 30
0.0
 10
487.2474238888889
 20
80.2554275
 30
0.0
 10
494.2253683333333
 20
73.94176361111111
 30
0.0
 10
502.850785
 20
73.94176361111111
 30
0.0
 10
512.8755535185186
 20
73.94176361111111
 30
0.0
 10
522.900322037037
 20
73.94176361111111
 30
0.0
 10
532.9250905555555
 20
73.94176361111111
 30
0.0
 10
532.9250905555555
 20
76.7090700925926
 30
0.0
 10
532.9250905555555
 20
79.47637657407408
 30
0.0
 10
532.9250905555555
 20
82.24368305555555
 30
0.0
 10
533.9258035185185
 20
82.24368305555555
 30
0.0
 10
534.9265164814815
 20
82.24368305555555
 30
0.0
 10
535.9272294444444
 20
82.24368305555555
 30
0.0
 10
535.9272294444444
 20
85.2098386111111
 30
0.0
 10
535.9272294444444
 20
88.17599416666665
 30
0.0
 10
535.9272294444444
 20
91.14214972222221
 30
0.0
 10
534.9265164814815
 20
91.14214972222221
 30
0.0
 10
533.9258035185185
 20
91.14214972222221
 30
0.0
 10
532.9250905555555
 20
91.14214972222221
 30
0.0
 10
532.9250905555555
 20
93.8428987962963
 30
0.0
 10
532.9250905555555
 20
96.54364787037036
 30
0.0
 10
532.9250905555555
 20
99.24439694444443
 30
0.0
 10
533.9258035185185
 20
99.24439694444443
 30
0.0
 10
534.9265164814815
 20
99.24439694444443
 30
0.0
 10
535.9272294444444
 20
99.24439694444443
 30
0.0
 10
535.9272294444444
 20
102.2104349074074
 30
0.0
 10
535.9272294444444
 20
105.1764728703704
 30
0.0
 10
535.9272294444444
 20
108.1425108333333
 30
0.0
 10
534.9265164814815
 20
108.1425108333333
 30
0.0
 10
533.9258035185185
 20
108.1425108333333
 30
0.0
 10
532.9250905555555
 20
108.1425108333333
 30
0.0
 10
532.9250905555555
 20
110.8432599074074
 30
0.0
 10
532.9250905555555
 20
113.5440089814815
 30
0.0
 10
532.9250905555555
 20
116.2447580555556
 30
0.0
 10
533.9258035185185
 20
116.2447580555556
 30
0.0
 10
534.9265164814815
 20
116.2447580555556
 30
0.0
 10
535.9272294444444
 20
116.2447580555556
 30
0.0
 10
535.9272294444444
 20
119.2109136111111
 30
0.0
 10
535.9272294444444
 20
122.1770691666666
 30
0.0
 10
535.9272294444444
 20
125.1432247222222
 30
0.0
 10
534.9265164814815
 20
125.1432247222222
 30
0.0
 10
533.9258035185185
 20
125.1432247222222
 30
0.0
 10
532.9250905555555
 20
125.1432247222222
 30
0.0
 10
532.9250905555555
 20
127.9104136111111
 30
0.0
 10
532.9250905555555
 20
130.6776025
 30
0.0
 10
532.9250905555555
 20
133.4447913888889
 30
0.0
 10
531.6069951851852
 20
133.4447913888889
 30
0.0
 10
530.2888998148147
 20
133.4447913888889
 30
0.0
 10
528.9708044444444
 20
133.4447913888889
 30
0.0
 10
528.9708044444444
 20
132.4441960185185
 30
0.0
 10
528.9708044444444
 20
131.4436006481481
 30
0.0
 10
528.9708044444444
 20
130.4430052777778
 30
0.0
 10
526.6530544444444
 20
130.4430052777778
 30
0.0
 10
524.3353044444444
 20
130.4430052777778
 30
0.0
 10
522.0175544444444
 20
130.4430052777778
 30
0.0
 10
522.0175544444444
 20
131.4436006481481
 30
0.0
 10
522.0175544444444
 20
132.4441960185185
 30
0.0
 10
522.0175544444444
 20
133.4447913888889
 30
0.0
 10
519.6998044444443
 20
133.4447913888889
 30
0.0
 10
517.3820544444444
 20
133.4447913888889
 30
0.0
 10
515.0643044444445
 20
133.4447913888889
 30
0.0
 10
515.0643044444445
 20
132.4441960185185
 30
0.0
 10
515.0643044444445
 20
131.4436006481481
 30
0.0
 10
515.0643044444445
 20
130.4430052777778
 30
0.0
 10
512.7464368518519
 20
130.4430052777778
 30
0.0
 10
510.4285692592593
 20
130.4430052777778
 30
0.0
 10
508.1107016666667
 20
130.4430052777778
 30
0.0
 10
508.1107016666667
 20
131.4436006481481
 30
0.0
 10
508.1107016666667
 20
132.4441960185185
 30
0.0
 10
508.1107016666667
 20
133.4447913888889
 30
0.0
 10
505.7917757407408
 20
133.4447913888889
 30
0.0
 10
503.4728498148148
 20
133.4447913888889
 30
0.0
 10
501.1539238888889
 20
133.4447913888889
 30
0.0
 10
501.1539238888889
 20
132.4441960185185
 30
0.0
 10
501.1539238888889
 20
131.4436006481481
 30
0.0
 10
501.1539238888889
 20
130.4430052777778
 30
0.0
 10
498.8361738888889
 20
130.4430052777778
 30
0.0
 10
496.5184238888889
 20
130.4430052777778
 30
0.0
 10
494.2006738888888
 20
130.4430052777778
 30
0.0
 10
494.2006738888888
 20
131.4436006481481
 30
0.0
 10
494.2006738888888
 20
132.4441960185185
 30
0.0
 10
494.2006738888888
 20
133.4447913888889
 30
0.0
 10
492.8824609259259
 20
133.4447913888889
 30
0.0
 10
491.564247962963
 20
133.4447913888889
 30
0.0
 10
490.2460349999999
 20
133.4447913888889
 30
0.0
 10
490.2460349999999
 20
130.6776025
 30
0.0
 10
490.2460349999999
 20
127.9104136111111
 30
0.0
 10
490.2460349999999
 20
125.1432247222222
 30
0.0
 10
489.2464979629629
 20
125.1432247222222
 30
0.0
 10
488.2469609259259
 20
125.1432247222222
 30
0.0
 10
487.2474238888889
 20
125.1432247222222
 30
0.0
 10
487.2474238888888
 20
122.1770691666666
 30
0.0
 10
487.2474238888888
 20
119.2109136111111
 30
0.0
 10
487.2474238888889
 20
116.2447580555556
 30
0.0
 10
488.2469609259259
 20
116.2447580555556
 30
0.0
 10
489.2464979629629
 20
116.2447580555556
 30
0.0
 10
490.2460349999999
 20
116.2447580555556
 30
0.0
  0
SPLINE
  5
FD
330
1F
100
AcDbEntity
  8
DEFAULT
 62
     1
100
AcDbSpline
210
0.0
220
0.0
230
1.0
 70
    11
 71
     3
 72
    17
 73
    13
 74
     0
 42
0.000000001
 43
0.0000000001
 40
0.0
 40
0.0
 40
0.0
 40
0.0
 40
1.0
 40
1.0
 40
1.0
 40
2.0
 40
2.0
 40
2.0
 40
3.0
 40
3.0
 40
3.0
 40
4.0
 40
4.0
 40
4.0
 40
4.0
 10
620.0424338888888
 20
78.94073055555555
 30
0.0
 10
617.1426005555555
 20
78.94073055555555
 30
0.0
 10
614.7931005555555
 20
81.29023055555555
 30
0.0
 10
614.7931005555555
 20
84.19006388888889
 30
0.0
 10
614.7931005555555
 20
87.08989722222222
 30
0.0
 10
617.1426005555555
 20
89.43939722222221
 30
0.0
 10
620.0424338888888
 20
89.43939722222221
 30
0.0
 10
622.9422672222222
 20
89.43939722222221
 30
0.0
 10
625.2917672222222
 20
87.08989722222222
 30
0.0
 10
625.2917672222222
 20
84.19006388888889
 30
0.0
 10
625.2917672222222
 20
81.29023055555555
 30
0.0
 10
622.9422672222222
 20
78.94073055555555
 30
0.0
 10
620.0424338888888
 20
78.94073055555555
 30
0.0
  0
SPLINE
  5
FE
330
1F
100
AcDbEntity
  8
DEFAULT
 62
     1
100
AcDbSpline
210
0.0
220
0.0
230
1.0
 70
    11
 71
     3
 72
   119
 73
   115
 74
     0
 42
0.000000001
 43
0.0000000001
 40
8.5
 40
8.5
 40
8.5
 40
8.5
 40
33.72399999999999
 40
33.72399999999999
 40
33.72399999999999
 40
42.22399999999999
 40
42.22399999999999
 40
42.22399999999999
 40
65.75599999999997
 40
65.75599999999997
 40
65.75599999999997
 40
76.96500000000003
 40
76.96500000000003
 40
76.96500000000003
 40
85.47399999999999
 40
85.47399999999999
 40
85.47399999999999
 40
105.185
 40
105.185
 40
105.185
 40
113.694
 40
113.694
 40
113.694
 40
133.414
 40
133.414
 40
133.414
 40
141.9229999999999
 40
141.9229999999999
 40
141.9229999999999
 40
161.6329999999998
 40
161.6329999999998
 40
161.6329999999998
 40
170.1419999999997
 40
170.1419999999997
 40
170.1419999999997
 40
189.8519999999997
 40
189.8519999999997
 40
189.8519999999997
 40
198.3609999999997
 40
198.3609999999997
 40
198.3609999999997
 40
218.0709999999997
 40
218.0709999999997
 40
218.0709999999997
 40
226.5799999999997
 40
226.5799999999997
 40
226.5799999999997
 40
237.7889999999998
 40
237.7889999999998
 40
237.7889999999998
 40
261.3209999999997
 40
261.3209999999997
 40
261.3209999999997
 40
269.8309999999997
 40
269.8309999999997
 40
269.8309999999997
 40
295.0549999999997
 40
295.0549999999997
 40
295.0549999999997
 40
303.5649999999997
 40
303.5649999999997
 40
303.5649999999997
 40
326.5319999999997
 40
326.5319999999997
 40
326.5319999999997
 40
335.0419999999997
 40
335.0419999999997
 40
335.0419999999997
 40
360.2649999999997
 40
360.2649999999997
 40
360.2649999999997
 40
368.7749999999997
 40
368.7749999999997
 40
368.7749999999997
 40
391.7419999999997
 40
391.7419999999997
 40
391.7419999999997
 40
400.2519999999997
 40
400.2519999999997
 40
400.2519999999997
 40
425.4759999999997
 40
425.4759999999997
 40
425.4759999999997
 40
433.9859999999996
 40
433.9859999999996
 40
433.9859999999996
 40
457.5189999999997
 40
457.5189999999997
 40
457.5189999999997
 40
542.7689999999997
 40
542.7689999999997
 40
542.7689999999997
 40
543.7689999999997
 40
543.7689999999997
 40
543.7689999999997
 40
552.2689999999997
 40
552.2689999999997
 40
552.2689999999997
 40
575.2359999999996
 40
575.2359999999996
 40
575.2359999999996
 40
583.7359999999996
 40
583.7359999999996
 40
583.7359999999996
 40
608.9589999999996
 40
608.9589999999996
 40
608.9589999999996
 40
617.4589999999996
 40
617.4589999999996
 40
617.4589999999996
 40
640.4259999999996
 40
640.4259999999996
 40
640.4259999999996
 40
648.9259999999996
 40
648.9259999999996
 40
648.9259999999996
 40
648.9259999999996
 10
635.645618611111
 20
116.2447580555556
 30
0.0
 10
635.645618611111
 20
119.2109136111111
 30
0.0
 10
635.645618611111
 20
122.1770691666666
 30
0.0
 10
635.645618611111
 20
125.1432247222222
 30
0.0
 10
634.646081574074
 20
125.1432247222222
 30
0.0
 10
633.6465445370369
 20
125.1432247222222
 30
0.0
 10
632.6470074999999
 20
125.1432247222222
 30
0.0
 10
632.6470074999999
 20
127.9104136111111
 30
0.0
 10
632.6470074999999
 20
130.6776025
 30
0.0
 10
632.6470074999999
 20
133.4447913888889
 30
0.0
 10
631.3289121296294
 20
133.4447913888889
 30
0.0
 10
630.0108167592591
 20
133.4447913888889
 30
0.0
 10
628.6927213888888
 20
133.4447913888889
 30
0.0
 10
628.6927213888888
 20
132.4441960185185
 30
0.0
 10
628.6927213888888
 20
131.4436006481481
 30
0.0
 10
628.6927213888888
 20
130.4430052777778
 30
0.0
 10
626.3748537962962
 20
130.4430052777778
 30
0.0
 10
624.0569862037036
 20
130.4430052777778
 30
0.0
 10
621.7391186111109
 20
130.4430052777778
 30
0.0
 10
621.7391186111109
 20
131.4436006481481
 30
0.0
 10
621.7391186111109
 20
132.4441960185185
 30
0.0
 10
621.7391186111109
 20
133.4447913888889
 30
0.0
 10
619.420192685185
 20
133.4447913888889
 30
0.0
 10
617.1012667592591
 20
133.4447913888889
 30
0.0
 10
614.7823408333333
 20
133.4447913888889
 30
0.0
 10
614.7823408333333
 20
132.4441960185185
 30
0.0
 10
614.7823408333333
 20
131.4436006481481
 30
0.0
 10
614.7823408333333
 20
130.4430052777778
 30
0.0
 10
612.4645908333332
 20
130.4430052777778
 30
0.0
 10
610.1468408333332
 20
130.4430052777778
 30
0.0
 10
607.8290908333332
 20
130.4430052777778
 30
0.0
 10
607.8290908333332
 20
131.4436006481481
 30
0.0
 10
607.8290908333332
 20
132.4441960185185
 30
0.0
 10
607.8290908333332
 20
133.4447913888889
 30
0.0
 10
605.5113408333333
 20
133.4447913888889
 30
0.0
 10
603.1935908333334
 20
133.4447913888889
 30
0.0
 10
600.8758408333333
 20
133.4447913888889
 30
0.0
 10
600.8758408333333
 20
132.4441960185185
 30
0.0
 10
600.8758408333333
 20
131.4436006481481
 30
0.0
 10
600.8758408333333
 20
130.4430052777778
 30
0.0
 10
598.5580908333333
 20
130.4430052777778
 30
0.0
 10
596.2403408333333
 20
130.4430052777778
 30
0.0
 10
593.9225908333333
 20
130.4430052777778
 30
0.0
 10
593.9225908333333
 20
131.4436006481481
 30
0.0
 10
593.9225908333333
 20
132.4441960185185
 30
0.0
 10
593.9225908333333
 20
133.4447913888889
 30
0.0
 10
592.6044954629629
 20
133.4447913888889
 30
0.0
 10
591.2864000925924
 20
133.4447913888889
 30
0.0
 10
589.9683047222221
 20
133.4447913888889
 30
0.0
 10
589.9683047222221
 20
130.6776025
 30
0.0
 10
589.9683047222221
 20
127.9104136111111
 30
0.0
 10
589.9683047222221
 20
125.1432247222222
 30
0.0
 10
588.9675917592591
 20
125.1432247222222
 30
0.0
 10
587.9668787962962
 20
125.1432247222222
 30
0.0
 10
586.9661658333332
 20
125.1432247222222
 30
0.0
 10
586.9661658333332
 20
122.1770691666666
 30
0.0
 10
586.9661658333332
 20
119.2109136111111
 30
0.0
 10
586.9661658333332
 20
116.2447580555556
 30
0.0
 10
587.9668787962962
 20
116.2447580555556
 30
0.0
 10
588.9675917592592
 20
116.2447580555556
 30
0.0
 10
589.9683047222221
 20
116.2447580555556
 30
0.0
 10
589.9683047222221
 20
113.5440089814815
 30
0.0
 10
589.9683047222221
 20
110.8432599074074
 30
0.0
 10
589.9683047222221
 20
108.1425108333333
 30
0.0
 10
588.9675917592591
 20
108.1425108333333
 30
0.0
 10
587.9668787962962
 20
108.1425108333333
 30
0.0
 10
586.9661658333332
 20
108.1425108333333
 30
0.0
 10
586.9661658333332
 20
105.1764728703704
 30
0.0
 10
586.9661658333332
 20
102.2104349074074
 30
0.0
 10
586.9661658333332
 20
99.24439694444443
 30
0.0
 10
587.9668787962962
 20
99.24439694444443
 30
0.0
 10
588.9675917592592
 20
99.24439694444443
 30
0.0
 10
589.9683047222221
 20
99.24439694444443
 30
0.0
 10
589.9683047222221
 20
96.54364787037036
 30
0.0
 10
589.9683047222221
 20
93.8428987962963
 30
0.0
 10
589.9683047222221
 20
91.14214972222221
 30
0.0
 10
588.9675917592591
 20
91.14214972222221
 30
0.0
 10
587.9668787962962
 20
91.14214972222221
 30
0.0
 10
586.9661658333332
 20
91.14214972222221
 30
0.0
 10
586.9661658333332
 20
88.17599416666665
 30
0.0
 10
586.9661658333332
 20
85.2098386111111
 30
0.0
 10
586.9661658333332
 20
82.24368305555555
 30
0.0
 10
587.9668787962962
 20
82.24368305555555
 30
0.0
 10
588.9675917592592
 20
82.24368305555555
 30
0.0
 10
589.9683047222221
 20
82.24368305555555
 30
0.0
 10
589.9683047222221
 20
79.47637657407408
 30
0.0
 10
589.9683047222221
 20
76.7090700925926
 30
0.0
 10
589.9683047222221
 20
73.94176361111111
 30
0.0
 10
599.9930732407406
 20
73.94176361111111
 30
0.0
 10
610.0178417592592
 20
73.94176361111111
 30
0.0
 10
620.0426102777777
 20
73.94176361111111
 30
0.0
 10
628.6680269444444
 20
73.94176361111111
 30
0.0
 10
635.645618611111
 20
80.2554275
 30
0.0
 10
635.645618611111
 20
91.14214972222221
 30
0.0
 10
634.646081574074
 20
91.14214972222221
 30
0.0
 10
633.6465445370369
 20
91.14214972222221
 30
0.0
 10
632.6470074999999
 20
91.14214972222221
 30
0.0
 10
632.6470074999999
 20
93.8428987962963
 30
0.0
 10
632.6470074999999
 20
96.54364787037036
 30
0.0
 10
632.6470074999999
 20
99.24439694444443
 30
0.0
 10
633.6465445370369
 20
99.24439694444443
 30
0.0
 10
634.646081574074
 20
99.24439694444443
 30
0.0
 10
635.645618611111
 20
99.24439694444443
 30
0.0
 10
635.645618611111
 20
102.2104349074074
 30
0.0
 10
635.645618611111
 20
105.1764728703704
 30
0.0
 10
635.645618611111
 20
108.1425108333333
 30
0.0
 10
634.646081574074
 20
108.1425108333333
 30
0.0
 10
633.6465445370369
 20
108.1425108333333
 30
0.0
 10
632.6470074999999
 20
108.1425108333333
 30
0.0
 10
632.6470074999999
 20
110.8432599074074
 30
0.0
 10
632.6470074999999
 20
113.5440089814815
 30
0.0
 10
632.6470074999999
 20
116.2447580555556
 30
0.0
 10
633.6465445370369
 20
116.2447580555556
 30
0.0
 10
634.646081574074
 20
116.2447580555556
 30
0.0
 10
635.645618611111
 20
116.2447580555556
 30
0.0
  0
SPLINE
  5
FF
330
1F
100
AcDbEntity
  8
DEFAULT
 62
     7
100
AcDbSpline
210
0.0
220
0.0
230
1.0
 70
    11
 71
     3
 72
    71
 73
    67
 74
     0
 42
0.000000001
 43
0.0000000001
 40
17.55500000000006
 40
17.55500000000006
 40
17.55500000000006
 40
17.55500000000006
 40
21.77900000000005
 40
21.77900000000005
 40
21.77900000000005
 40
45.43699999999995
 40
45.43699999999995
 40
45.43699999999995
 40
46.43699999999995
 40
46.43699999999995
 40
46.43699999999995
 40
47.43699999999995
 40
47.43699999999995
 40
47.43699999999995
 40
48.43699999999995
 40
48.43699999999995
 40
48.43699999999995
 40
49.43699999999995
 40
49.43699999999995
 40
49.43699999999995
 40
50.43699999999995
 40
50.43699999999995
 40
50.43699999999995
 40
51.43699999999995
 40
51.43699999999995
 40
51.43699999999995
 40
52.43699999999995
 40
52.43699999999995
 40
52.43699999999995
 40
53.43699999999995
 40
53.43699999999995
 40
53.43699999999995
 40
54.43699999999995
 40
54.43699999999995
 40
54.43699999999995
 40
58.97776920796467
 40
58.97776920796467
 40
58.97776920796467
 40
59.97776920796467
 40
59.97776920796467
 40
59.97776920796467
 40
60.97776920796467
 40
60.97776920796467
 40
60.97776920796467
 40
61.97776920796467
 40
61.97776920796467
 40
61.97776920796467
 40
62.97776920796467
 40
62.97776920796467
 40
62.97776920796467
 40
63.97776920796467
 40
63.97776920796467
 40
63.97776920796467
 40
64.97776920796467
 40
64.97776920796467
 40
64.97776920796467
 40
65.97776920796467
 40
65.97776920796467
 40
65.97776920796467
 40
66.97776920796467
 40
66.97776920796467
 40
66.97776920796467
 40
67.97776920796467
 40
67.97776920796467
 40
67.97776920796467
 40
85.53276920796473
 40
85.53276920796473
 40
85.53276920796473
 40
85.53276920796473
 10
620.8572094444444
 20
157.3767772222222
 30
0.0
 10
620.8572094444444
 20
156.8800661111111
 30
0.0
 10
620.8572094444444
 20
156.383355
 30
0.0
 10
620.8572094444444
 20
155.8866438888889
 30
0.0
 10
618.0752038888888
 20
155.8866438888889
 30
0.0
 10
615.2931983333333
 20
155.8866438888889
 30
0.0
 10
612.5111927777778
 20
155.8866438888889
 30
0.0
 10
612.4999038888889
 20
156.2598827777778
 30
0.0
 10
612.5598761111111
 20
156.6190105555555
 30
0.0
 10
612.6921677777777
 20
156.9633216666666
 30
0.0
 10
612.90454
 20
157.5316466666667
 30
0.0
 10
613.2449705555555
 20
158.091505
 30
0.0
 10
613.7127538888889
 20
158.6428966666666
 30
0.0
 10
614.1805372222223
 20
159.1939355555555
 30
0.0
 10
614.8564594444445
 20
159.831405
 30
0.0
 10
615.7412261111111
 20
160.5549522222222
 30
0.0
 10
617.1131788888888
 20
161.6803133333333
 30
0.0
 10
618.0406316666666
 20
162.5717827777778
 30
0.0
 10
618.5228788888888
 20
163.2290077777778
 30
0.0
 10
619.005126111111
 20
163.8865855555555
 30
0.0
 10
619.2464261111111
 20
164.50818
 30
0.0
 10
619.2464261111111
 20
165.0937911111111
 30
0.0
 10
619.2464261111111
 20
165.7079772222222
 30
0.0
 10
619.0269983333333
 20
166.2262077777777
 30
0.0
 10
618.5874372222222
 20
166.6484827777778
 30
0.0
 10
618.1482288888889
 20
167.070405
 30
0.0
 10
617.5753177777777
 20
167.2813661111111
 30
0.0
 10
616.8690566666666
 20
167.2813661111111
 30
0.0
 10
616.1229316666665
 20
167.2813661111111
 30
0.0
 10
615.5256788888888
 20
167.0573522222222
 30
0.0
 10
615.0776511111111
 20
166.6096772222222
 30
0.0
 10
614.6299761111111
 20
166.1616494444444
 30
0.0
 10
614.4031399999999
 20
165.5418188888889
 30
0.0
 10
614.3974955555556
 20
164.7491272222222
 30
0.0
 10
613.8663298148148
 20
164.8036901851852
 30
0.0
 10
613.335164074074
 20
164.8582531481481
 30
0.0
 10
612.8039983333333
 20
164.9128161111111
 30
0.0
 10
612.9130066666667
 20
166.1013244444444
 30
0.0
 10
613.32364
 20
167.0072577777777
 30
0.0
 10
614.0358983333333
 20
167.6302633333333
 30
0.0
 10
614.7478038888888
 20
168.2532688888889
 30
0.0
 10
615.7038316666666
 20
168.5647716666666
 30
0.0
 10
616.9036288888888
 20
168.5647716666666
 30
0.0
 10
618.1154205555555
 20
168.5647716666666
 30
0.0
 10
619.0739177777778
 20
168.2289272222222
 30
0.0
 10
619.7801788888888
 20
167.5568855555555
 30
0.0
 10
620.48644
 20
166.8851966666666
 30
0.0
 10
620.8399233333333
 20
166.0526411111111
 30
0.0
 10
620.8399233333333
 20
165.0592188888889
 30
0.0
 10
620.8399233333333
 20
164.5540411111111
 30
0.0
 10
620.7365594444443
 20
164.05733
 30
0.0
 10
620.5298316666666
 20
163.5694383333333
 30
0.0
 10
620.3231038888889
 20
163.0811938888889
 30
0.0
 10
619.9802038888888
 20
162.5671966666667
 30
0.0
 10
619.5004261111111
 20
162.0277994444444
 30
0.0
 10
619.0210011111111
 20
161.4876966666667
 30
0.0
 10
618.2244288888888
 20
160.7472161111111
 30
0.0
 10
617.1103566666666
 20
159.8056522222222
 30
0.0
 10
616.1800816666666
 20
159.0246022222222
 30
0.0
 10
615.5831816666666
 20
158.49473
 30
0.0
 10
615.318951111111
 20
158.2163883333333
 30
0.0
 10
615.0550733333333
 20
157.9380466666667
 30
0.0
 10
614.8367038888888
 20
157.6579411111111
 30
0.0
 10
614.6641955555555
 20
157.3767772222222
 30
0.0
 10
616.7285335185185
 20
157.3767772222222
 30
0.0
 10
618.7928714814815
 20
157.3767772222222
 30
0.0
 10
620.8572094444444
 20
157.3767772222222
 30
0.0
  0
POLYLINE
  5
100
330
1F
100
AcDbEntity
  8
DEFAULT
 62
     7
100
AcDb2dPolyline
 66
     1
 10
0.0
 20
0.0
 30
0.0
 70
     1
  0
VERTEX
  5
101
330
100
100
AcDbEntity
  8
DEFAULT
 62
     7
100
AcDbVertex
100
AcDb2dVertex
 10
608.6788972222221
 20
157.6525083333333
 30
0.0
  0
VERTEX
  5
102
330
100
100
AcDbEntity
  8
DEFAULT
 62
     7
100
AcDbVertex
100
AcDb2dVertex
 10
610.4441972222221
 20
157.6525083333333
 30
0.0
  0
VERTEX
  5
103
330
100
100
AcDbEntity
  8
DEFAULT
 62
     7
100
AcDbVertex
100
AcDb2dVertex
 10
610.4441972222221
 20
155.8868555555555
 30
0.0
  0
VERTEX
  5
104
330
100
100
AcDbEntity
  8
DEFAULT
 62
     7
100
AcDbVertex
100
AcDb2dVertex
 10
608.6788972222221
 20
155.8868555555555
 30
0.0
  0
SEQEND
  5
105
330
100
100
AcDbEntity
  8
DEFAULT
 62
     7
  0
SPLINE
  5
106
330
1F
100
AcDbEntity
  8
DEFAULT
 62
     7
100
AcDbSpline
210
0.0
220
0.0
230
1.0
 70
    11
 71
     3
 72
    41
 73
    37
 74
     0
 42
0.000000001
 43
0.0000000001
 40
1.0
 40
1.0
 40
1.0
 40
1.0
 40
2.0
 40
2.0
 40
2.0
 40
3.0
 40
3.0
 40
3.0
 40
4.0
 40
4.0
 40
4.0
 40
5.0
 40
5.0
 40
5.0
 40
6.0
 40
6.0
 40
6.0
 40
7.0
 40
7.0
 40
7.0
 40
8.0
 40
8.0
 40
8.0
 40
9.0
 40
9.0
 40
9.0
 40
10.0
 40
10.0
 40
10.0
 40
11.0
 40
11.0
 40
11.0
 40
12.0
 40
12.0
 40
12.0
 40
13.0
 40
13.0
 40
13.0
 40
13.0
 10
597.9988675
 20
162.1138066666666
 30
0.0
 10
597.9988675
 20
163.6064094444444
 30
0.0
 10
598.1523258333334
 20
164.8079705555555
 30
0.0
 10
598.4595952777778
 20
165.7181372222222
 30
0.0
 10
598.7665119444445
 20
166.6283038888889
 30
0.0
 10
599.2233591666666
 20
167.3303316666666
 30
0.0
 10
599.8290786111111
 20
167.8242205555555
 30
0.0
 10
600.4347980555555
 20
168.3177566666666
 30
0.0
 10
601.1967980555555
 20
168.5647011111111
 30
0.0
 10
602.1157841666667
 20
168.5647011111111
 30
0.0
 10
602.7931175
 20
168.5647011111111
 30
0.0
 10
603.3875480555555
 20
168.4281761111111
 30
0.0
 10
603.8983702777778
 20
168.1554788888889
 30
0.0
 10
604.4095452777777
 20
167.8827816666667
 30
0.0
 10
604.8314675
 20
167.4894344444444
 30
0.0
 10
605.1648425
 20
166.97579
 30
0.0
 10
605.4975119444445
 20
166.4617927777778
 30
0.0
 10
605.7585675
 20
165.835965
 30
0.0
 10
605.9483619444444
 20
165.0979538888889
 30
0.0
 10
606.1378036111112
 20
164.3602955555555
 30
0.0
 10
606.2327008333333
 20
163.3654622222222
 30
0.0
 10
606.2327008333333
 20
162.1138066666666
 30
0.0
 10
606.2327008333333
 20
160.6324927777777
 30
0.0
 10
606.0806536111111
 20
159.4365761111111
 30
0.0
 10
605.7758536111111
 20
158.5267622222222
 30
0.0
 10
605.4717591666666
 20
157.6162427777778
 30
0.0
 10
605.0166758333334
 20
156.9131566666666
 30
0.0
 10
604.4109563888888
 20
156.4164455555555
 30
0.0
 10
603.8052369444445
 20
155.9197344444444
 30
0.0
 10
603.0397091666666
 20
155.6713788888889
 30
0.0
 10
602.1157841666667
 20
155.6713788888889
 30
0.0
 10
600.8983480555555
 20
155.6713788888889
 30
0.0
 10
599.9423202777778
 20
156.107765
 30
0.0
 10
599.2473480555556
 20
156.9805372222222
 30
0.0
 10
598.4151452777778
 20
158.0314622222222
 30
0.0
 10
597.9988675
 20
159.7424344444444
 30
0.0
 10
597.9988675
 20
162.1138066666666
 30
0.0
  0
SPLINE
  5
107
330
1F
100
AcDbEntity
  8
DEFAULT
 62
     7
100
AcDbSpline
210
0.0
220
0.0
230
1.0
 70
    11
 71
     3
 72
    29
 73
    25
 74
     0
 42
0.000000001
 43
0.0000000001
 40
1.0
 40
1.0
 40
1.0
 40
1.0
 40
2.0
 40
2.0
 40
2.0
 40
3.0
 40
3.0
 40
3.0
 40
4.0
 40
4.0
 40
4.0
 40
5.0
 40
5.0
 40
5.0
 40
6.0
 40
6.0
 40
6.0
 40
7.0
 40
7.0
 40
7.0
 40
8.0
 40
8.0
 40
8.0
 40
9.0
 40
9.0
 40
9.0
 40
9.0
 10
599.5920119444444
 20
162.1138066666666
 30
0.0
 10
599.5920119444444
 20
160.0408844444444
 30
0.0
 10
599.8343702777777
 20
158.6615233333333
 30
0.0
 10
600.3197925000001
 20
157.9753705555555
 30
0.0
 10
600.8048619444445
 20
157.2892177777778
 30
0.0
 10
601.4035258333333
 20
156.9463177777778
 30
0.0
 10
602.1157841666667
 20
156.9463177777778
 30
0.0
 10
602.8276897222222
 20
156.9463177777778
 30
0.0
 10
603.426353611111
 20
157.2906288888888
 30
0.0
 10
603.9114230555555
 20
157.9796038888889
 30
0.0
 10
604.3964924999999
 20
158.6685788888888
 30
0.0
 10
604.6392036111112
 20
160.0468816666666
 30
0.0
 10
604.6392036111112
 20
162.1138066666666
 30
0.0
 10
604.6392036111112
 20
164.1923733333333
 30
0.0
 10
604.3964924999999
 20
165.5731455555555
 30
0.0
 10
603.9114230555555
 20
166.2564761111111
 30
0.0
 10
603.426353611111
 20
166.9398066666666
 30
0.0
 10
602.8220452777778
 20
167.2812955555555
 30
0.0
 10
602.0984980555555
 20
167.2812955555555
 30
0.0
 10
601.3862397222222
 20
167.2812955555555
 30
0.0
 10
600.8179147222222
 20
166.9800233333333
 30
0.0
 10
600.3931702777777
 20
166.3771261111111
 30
0.0
 10
599.8594175
 20
165.6077177777778
 30
0.0
 10
599.5920119444444
 20
164.1863761111111
 30
0.0
 10
599.5920119444444
 20
162.1138066666666
 30
0.0
  0
POLYLINE
  5
108
330
1F
100
AcDbEntity
  8
DEFAULT
 62
     7
100
AcDb2dPolyline
 66
     1
 10
0.0
 20
0.0
 30
0.0
 70
     1
  0
VERTEX
  5
109
330
108
100
AcDbEntity
  8
DEFAULT
 62
     7
100
AcDbVertex
100
AcDb2dVertex
 10
591.3843899999999
 20
157.9279925
 30
0.0
  0
VERTEX
  5
10A
330
108
100
AcDbEntity
  8
DEFAULT
 62
     7
100
AcDbVertex
100
AcDb2dVertex
 10
591.3843899999999
 20
161.3901536111111
 30
0.0
  0
VERTEX
  5
10B
330
108
100
AcDbEntity
  8
DEFAULT
 62
     7
100
AcDbVertex
100
AcDb2dVertex
 10
587.9476288888889
 20
161.3901536111111
 30
0.0
  0
VERTEX
  5
10C
330
108
100
AcDbEntity
  8
DEFAULT
 62
     7
100
AcDbVertex
100
AcDb2dVertex
 10
587.9476288888889
 20
162.8372480555555
 30
0.0
  0
VERTEX
  5
10D
330
108
100
AcDbEntity
  8
DEFAULT
 62
     7
100
AcDbVertex
100
AcDb2dVertex
 10
591.3843899999999
 20
162.8372480555555
 30
0.0
  0
VERTEX
  5
10E
330
108
100
AcDbEntity
  8
DEFAULT
 62
     7
100
AcDbVertex
100
AcDb2dVertex
 10
591.3843899999999
 20
166.2736563888889
 30
0.0
  0
VERTEX
  5
10F
330
108
100
AcDbEntity
  8
DEFAULT
 62
     7
100
AcDbVertex
100
AcDb2dVertex
 10
592.8484177777777
 20
166.2736563888889
 30
0.0
  0
VERTEX
  5
110
330
108
100
AcDbEntity
  8
DEFAULT
 62
     7
100
AcDbVertex
100
AcDb2dVertex
 10
592.8484177777777
 20
162.8372480555555
 30
0.0
  0
VERTEX
  5
111
330
108
100
AcDbEntity
  8
DEFAULT
 62
     7
100
AcDbVertex
100
AcDb2dVertex
 10
596.2848261111111
 20
162.8372480555555
 30
0.0
  0
VERTEX
  5
112
330
108
100
AcDbEntity
  8
DEFAULT
 62
     7
100
AcDbVertex
100
AcDb2dVertex
 10
596.2848261111111
 20
161.3901536111111
 30
0.0
  0
VERTEX
  5
113
330
108
100
AcDbEntity
  8
DEFAULT
 62
     7
100
AcDbVertex
100
AcDb2dVertex
 10
592.8484177777777
 20
161.3901536111111
 30
0.0
  0
VERTEX
  5
114
330
108
100
AcDbEntity
  8
DEFAULT
 62
     7
100
AcDbVertex
100
AcDb2dVertex
 10
592.8484177777777
 20
157.9279925
 30
0.0
  0
SEQEND
  5
115
330
108
100
AcDbEntity
  8
DEFAULT
 62
     7
  0
SPLINE
  5
116
330
1F
100
AcDbEntity
  8
DEFAULT
 62
     7
100
AcDbSpline
210
0.0
220
0.0
230
1.0
 70
    11
 71
     3
 72
    71
 73
    67
 74
     0
 42
0.000000001
 43
0.0000000001
 40
0.0
 40
0.0
 40
0.0
 40
0.0
 40
4.63053744180957
 40
4.63053744180957
 40
4.63053744180957
 40
5.63053744180957
 40
5.63053744180957
 40
5.63053744180957
 40
6.63053744180957
 40
6.63053744180957
 40
6.63053744180957
 40
7.63053744180957
 40
7.63053744180957
 40
7.63053744180957
 40
8.630537441809569
 40
8.630537441809569
 40
8.630537441809569
 40
9.630537441809569
 40
9.630537441809569
 40
9.630537441809569
 40
10.63053744180957
 40
10.63053744180957
 40
10.63053744180957
 40
11.63053744180957
 40
11.63053744180957
 40
11.63053744180957
 40
12.63053744180957
 40
12.63053744180957
 40
12.63053744180957
 40
16.79133604303984
 40
16.79133604303984
 40
16.79133604303984
 40
35.49939700616483
 40
35.49939700616483
 40
35.49939700616483
 40
53.29739700616484
 40
53.29739700616484
 40
53.29739700616484
 40
57.49639700616485
 40
57.49639700616485
 40
57.49639700616485
 40
71.778397006165
 40
71.778397006165
 40
71.778397006165
 40
81.58989235600843
 40
81.58989235600843
 40
81.58989235600843
 40
82.58989235600843
 40
82.58989235600843
 40
82.58989235600843
 40
83.58989235600843
 40
83.58989235600843
 40
83.58989235600843
 40
84.58989235600843
 40
84.58989235600843
 40
84.58989235600843
 40
85.58989235600843
 40
85.58989235600843
 40
85.58989235600843
 40
86.58989235600843
 40
86.58989235600843
 40
86.58989235600843
 40
87.58989235600843
 40
87.58989235600843
 40
87.58989235600843
 40
88.58989235600843
 40
88.58989235600843
 40
88.58989235600843
 40
88.58989235600843
 10
367.6516297222223
 20
159.1940766666667
 30
0.0
 10
368.1942019444445
 20
159.2400553703704
 30
0.0
 10
368.7367741666667
 20
159.2860340740741
 30
0.0
 10
369.2793463888889
 20
159.3320127777778
 30
0.0
 10
369.3999963888888
 20
158.5396738888889
 30
0.0
 10
369.6801019444444
 20
157.9438322222222
 30
0.0
 10
370.1193102777777
 20
157.5448405555555
 30
0.0
 10
370.5585186111111
 20
157.1454961111111
 30
0.0
 10
371.0880380555555
 20
156.9461766666666
 30
0.0
 10
371.7082213888889
 20
156.9461766666666
 30
0.0
 10
372.4546991666666
 20
156.9461766666666
 30
0.0
 10
373.0861713888888
 20
157.2273405555555
 30
0.0
 10
373.6029908333333
 20
157.7903738888889
 30
0.0
 10
374.1198102777778
 20
158.3527016666667
 30
0.0
 10
374.3780436111111
 20
159.0991794444444
 30
0.0
 10
374.3780436111111
 20
160.0294544444444
 30
0.0
 10
374.3780436111111
 20
160.9138683333333
 30
0.0
 10
374.1296880555556
 20
161.61131
 30
0.0
 10
373.6333297222222
 20
162.122485
 30
0.0
 10
373.1366186111111
 20
162.6333072222222
 30
0.0
 10
372.4860963888888
 20
162.8890711111111
 30
0.0
 10
371.6824686111111
 20
162.8890711111111
 30
0.0
 10
371.1829352777777
 20
162.8890711111111
 30
0.0
 10
370.7320852777777
 20
162.7754766666667
 30
0.0
 10
370.3302713888889
 20
162.5486405555556
 30
0.0
 10
369.9281047222222
 20
162.3218044444444
 30
0.0
 10
369.6127213888889
 20
162.0275877777778
 30
0.0
 10
369.3827102777777
 20
161.6659905555555
 30
0.0
 10
368.8975232407407
 20
161.7291377777778
 30
0.0
 10
368.4123362037037
 20
161.792285
 30
0.0
 10
367.9271491666666
 20
161.8554322222222
 30
0.0
 10
368.3348426851852
 20
164.0172544444444
 30
0.0
 10
368.7425362037037
 20
166.1790766666666
 30
0.0
 10
369.1502297222222
 20
168.3408988888889
 30
0.0
 10
371.2431426851852
 20
168.3408988888889
 30
0.0
 10
373.3360556481481
 20
168.3408988888889
 30
0.0
 10
375.4289686111111
 20
168.3408988888889
 30
0.0
 10
375.4289686111111
 20
167.8471275925926
 30
0.0
 10
375.4289686111111
 20
167.3533562962963
 30
0.0
 10
375.4289686111111
 20
166.859585
 30
0.0
 10
373.7495112037037
 20
166.859585
 30
0.0
 10
372.0700537962962
 20
166.859585
 30
0.0
 10
370.3905963888888
 20
166.859585
 30
0.0
 10
370.1637602777777
 20
165.7283442592592
 30
0.0
 10
369.9369241666666
 20
164.5971035185185
 30
0.0
 10
369.7100880555556
 20
163.4658627777778
 30
0.0
 10
370.4678547222222
 20
163.9939711111111
 30
0.0
 10
371.2630158333333
 20
164.2582016666667
 30
0.0
 10
372.0959241666666
 20
164.2582016666667
 30
0.0
 10
373.1983547222222
 20
164.2582016666667
 30
0.0
 10
374.1282769444444
 20
163.8764961111111
 30
0.0
 10
374.8863963888889
 20
163.1127322222222
 30
0.0
 10
375.6441630555555
 20
162.3489683333333
 30
0.0
 10
376.0230463888889
 20
161.3671877777778
 30
0.0
 10
376.0230463888889
 20
160.1673905555556
 30
0.0
 10
376.0230463888889
 20
159.0247433333333
 30
0.0
 10
375.6900241666667
 20
158.0369655555556
 30
0.0
 10
375.0239797222222
 20
157.20441
 30
0.0
 10
374.2147075
 20
156.1824127777778
 30
0.0
 10
373.1094547222222
 20
155.6715905555555
 30
0.0
 10
371.7082213888889
 20
155.6715905555555
 30
0.0
 10
370.5599297222221
 20
155.6715905555555
 30
0.0
 10
369.6225991666666
 20
155.9929711111111
 30
0.0
 10
368.8962297222222
 20
156.636085
 30
0.0
 10
368.1698602777778
 20
157.2791988888889
 30
0.0
 10
367.754993611111
 20
158.1318627777778
 30
0.0
 10
367.6516297222223
 20
159.1940766666667
 30
0.0
  0
SPLINE
  5
117
330
1F
100
AcDbEntity
  8
DEFAULT
 62
     7
100
AcDbSpline
210
0.0
220
0.0
230
1.0
 70
    11
 71
     3
 72
    32
 73
    28
 74
     0
 42
0.000000001
 43
0.0000000001
 40
35.93799999999999
 40
35.93799999999999
 40
35.93799999999999
 40
35.93799999999999
 40
40.33299999999997
 40
40.33299999999997
 40
40.33299999999997
 40
68.33599999999996
 40
68.33599999999996
 40
68.33599999999996
 40
69.33599999999996
 40
69.33599999999996
 40
69.33599999999996
 40
70.33599999999996
 40
70.33599999999996
 40
70.33599999999996
 40
74.58399999999995
 40
74.58399999999995
 40
74.58399999999995
 40
75.58399999999995
 40
75.58399999999995
 40
75.58399999999995
 40
76.58399999999995
 40
76.58399999999995
 40
76.58399999999995
 40
79.41600000000005
 40
79.41600000000005
 40
79.41600000000005
 40
115.354
 40
115.354
 40
115.354
 40
115.354
 10
363.6811511111111
 20
155.886785
 30
0.0
 10
363.1643316666667
 20
155.886785
 30
0.0
 10
362.6475122222222
 20
155.886785
 30
0.0
 10
362.1306927777778
 20
155.886785
 30
0.0
 10
362.1306927777778
 20
159.1797303703704
 30
0.0
 10
362.1306927777778
 20
162.4726757407407
 30
0.0
 10
362.1306927777778
 20
165.7656211111111
 30
0.0
 10
361.7578066666667
 20
165.4096683333333
 30
0.0
 10
361.2681511111111
 20
165.0533627777777
 30
0.0
 10
360.6624316666667
 20
164.6977627777778
 30
0.0
 10
360.0567122222222
 20
164.3414572222222
 30
0.0
 10
359.5127288888889
 20
164.0744044444444
 30
0.0
 10
359.0301288888889
 20
163.8966044444444
 30
0.0
 10
359.0301288888889
 20
164.3961377777778
 30
0.0
 10
359.0301288888889
 20
164.8956711111111
 30
0.0
 10
359.0301288888889
 20
165.3952044444444
 30
0.0
 10
359.8972566666667
 20
165.8026627777778
 30
0.0
 10
360.6553761111111
 20
166.2965516666667
 30
0.0
 10
361.3041344444444
 20
166.8765183333333
 30
0.0
 10
361.9528927777778
 20
167.456485
 30
0.0
 10
362.4122094444444
 20
168.0191655555556
 30
0.0
 10
362.6820844444444
 20
168.5649127777777
 30
0.0
 10
363.0151066666667
 20
168.5649127777777
 30
0.0
 10
363.3481288888889
 20
168.5649127777777
 30
0.0
 10
363.6811511111111
 20
168.5649127777777
 30
0.0
 10
363.6811511111111
 20
164.3388701851852
 30
0.0
 10
363.6811511111111
 20
160.1128275925926
 30
0.0
 10
363.6811511111111
 20
155.886785
 30
0.0
  0
POLYLINE
  5
118
330
1F
100
AcDbEntity
  8
DEFAULT
 62
     7
100
AcDb2dPolyline
 66
     1
 10
0.0
 20
0.0
 30
0.0
 70
     1
  0
VERTEX
  5
119
330
118
100
AcDbEntity
  8
DEFAULT
 62
     7
100
AcDbVertex
100
AcDb2dVertex
 10
353.8110638888888
 20
157.6525083333333
 30
0.0
  0
VERTEX
  5
11A
330
118
100
AcDbEntity
  8
DEFAULT
 62
     7
100
AcDbVertex
100
AcDb2dVertex
 10
355.5767166666666
 20
157.6525083333333
 30
0.0
  0
VERTEX
  5
11B
330
118
100
AcDbEntity
  8
DEFAULT
 62
     7
100
AcDbVertex
100
AcDb2dVertex
 10
355.5767166666666
 20
155.8868555555555
 30
0.0
  0
VERTEX
  5
11C
330
118
100
AcDbEntity
  8
DEFAULT
 62
     7
100
AcDbVertex
100
AcDb2dVertex
 10
353.8110638888888
 20
155.8868555555555
 30
0.0
  0
SEQEND
  5
11D
330
118
100
AcDbEntity
  8
DEFAULT
 62
     7
  0
SPLINE
  5
11E
330
1F
100
AcDbEntity
  8
DEFAULT
 62
     7
100
AcDbSpline
210
0.0
220
0.0
230
1.0
 70
    11
 71
     3
 72
    41
 73
    37
 74
     0
 42
0.000000001
 43
0.0000000001
 40
1.0
 40
1.0
 40
1.0
 40
1.0
 40
2.0
 40
2.0
 40
2.0
 40
3.0
 40
3.0
 40
3.0
 40
4.0
 40
4.0
 40
4.0
 40
5.0
 40
5.0
 40
5.0
 40
6.0
 40
6.0
 40
6.0
 40
7.0
 40
7.0
 40
7.0
 40
8.0
 40
8.0
 40
8.0
 40
9.0
 40
9.0
 40
9.0
 40
10.0
 40
10.0
 40
10.0
 40
11.0
 40
11.0
 40
11.0
 40
12.0
 40
12.0
 40
12.0
 40
13.0
 40
13.0
 40
13.0
 40
13.0
 10
343.1310341666666
 20
162.1138066666666
 30
0.0
 10
343.1310341666666
 20
163.6064094444444
 30
0.0
 10
343.2848452777778
 20
164.8079705555555
 30
0.0
 10
343.5921147222222
 20
165.7181372222222
 30
0.0
 10
343.8990313888889
 20
166.6283038888889
 30
0.0
 10
344.3555258333333
 20
167.3303316666666
 30
0.0
 10
344.9615980555556
 20
167.8242205555555
 30
0.0
 10
345.5673175
 20
168.3177566666666
 30
0.0
 10
346.3293175
 20
168.5647011111111
 30
0.0
 10
347.2479508333333
 20
168.5647011111111
 30
0.0
 10
347.9256369444444
 20
168.5647011111111
 30
0.0
 10
348.5200675
 20
168.4281761111111
 30
0.0
 10
349.0308897222222
 20
168.1554788888889
 30
0.0
 10
349.5417119444444
 20
167.8827816666667
 30
0.0
 10
349.9639869444444
 20
167.4894344444444
 30
0.0
 10
350.2970091666667
 20
166.97579
 30
0.0
 10
350.6300313888889
 20
166.4617927777778
 30
0.0
 10
350.8910869444445
 20
165.835965
 30
0.0
 10
351.0808813888889
 20
165.0979538888889
 30
0.0
 10
351.2703230555555
 20
164.3602955555555
 30
0.0
 10
351.3648675
 20
163.3654622222222
 30
0.0
 10
351.3648675
 20
162.1138066666666
 30
0.0
 10
351.3648675
 20
160.6324927777777
 30
0.0
 10
351.2128202777778
 20
159.4365761111111
 30
0.0
 10
350.9083730555556
 20
158.5267622222222
 30
0.0
 10
350.6042786111111
 20
157.6162427777778
 30
0.0
 10
350.1491952777777
 20
156.9131566666666
 30
0.0
 10
349.5434758333333
 20
156.4164455555555
 30
0.0
 10
348.9374036111111
 20
155.9197344444444
 30
0.0
 10
348.1722286111111
 20
155.6713788888889
 30
0.0
 10
347.2479508333333
 20
155.6713788888889
 30
0.0
 10
346.0308675
 20
155.6713788888889
 30
0.0
 10
345.0748397222222
 20
156.107765
 30
0.0
 10
344.3798675
 20
156.9805372222222
 30
0.0
 10
343.5473119444445
 20
158.0314622222222
 30
0.0
 10
343.1310341666666
 20
159.7424344444444
 30
0.0
 10
343.1310341666666
 20
162.1138066666666
 30
0.0
  0
SPLINE
  5
11F
330
1F
100
AcDbEntity
  8
DEFAULT
 62
     7
100
AcDbSpline
210
0.0
220
0.0
230
1.0
 70
    11
 71
     3
 72
    29
 73
    25
 74
     0
 42
0.000000001
 43
0.0000000001
 40
1.0
 40
1.0
 40
1.0
 40
1.0
 40
2.0
 40
2.0
 40
2.0
 40
3.0
 40
3.0
 40
3.0
 40
4.0
 40
4.0
 40
4.0
 40
5.0
 40
5.0
 40
5.0
 40
6.0
 40
6.0
 40
6.0
 40
7.0
 40
7.0
 40
7.0
 40
8.0
 40
8.0
 40
8.0
 40
9.0
 40
9.0
 40
9.0
 40
9.0
 10
344.7245313888889
 20
162.1138066666666
 30
0.0
 10
344.7245313888889
 20
160.0408844444444
 30
0.0
 10
344.9668897222222
 20
158.6615233333333
 30
0.0
 10
345.4523119444444
 20
157.9753705555555
 30
0.0
 10
345.9373813888889
 20
157.2892177777778
 30
0.0
 10
346.5360452777778
 20
156.9463177777778
 30
0.0
 10
347.2479508333333
 20
156.9463177777778
 30
0.0
 10
347.9602091666667
 20
156.9463177777778
 30
0.0
 10
348.5585202777778
 20
157.2906288888888
 30
0.0
 10
349.0439425
 20
157.9796038888889
 30
0.0
 10
349.5290119444444
 20
158.6685788888888
 30
0.0
 10
349.7717230555555
 20
160.0468816666666
 30
0.0
 10
349.7717230555555
 20
162.1138066666666
 30
0.0
 10
349.7717230555555
 20
164.1923733333333
 30
0.0
 10
349.5290119444444
 20
165.5731455555555
 30
0.0
 10
349.0439425
 20
166.2564761111111
 30
0.0
 10
348.5585202777778
 20
166.9398066666666
 30
0.0
 10
347.9542119444444
 20
167.2812955555555
 30
0.0
 10
347.2306647222222
 20
167.2812955555555
 30
0.0
 10
346.5187591666667
 20
167.2812955555555
 30
0.0
 10
345.9504341666666
 20
166.9800233333333
 30
0.0
 10
345.5256897222222
 20
166.3771261111111
 30
0.0
 10
344.9915841666667
 20
165.6077177777778
 30
0.0
 10
344.7245313888889
 20
164.1863761111111
 30
0.0
 10
344.7245313888889
 20
162.1138066666666
 30
0.0
  0
POLYLINE
  5
120
330
1F
100
AcDbEntity
  8
DEFAULT
 62
     7
100
AcDb2dPolyline
 66
     1
 10
0.0
 20
0.0
 30
0.0
 70
     1
  0
VERTEX
  5
121
330
120
100
AcDbEntity
  8
DEFAULT
 62
     7
100
AcDbVertex
100
AcDb2dVertex
 10
336.5165919444444
 20
157.9279925
 30
0.0
  0
VERTEX
  5
122
330
120
100
AcDbEntity
  8
DEFAULT
 62
     7
100
AcDbVertex
100
AcDb2dVertex
 10
336.5165919444444
 20
161.3901536111111
 30
0.0
  0
VERTEX
  5
123
330
120
100
AcDbEntity
  8
DEFAULT
 62
     7
100
AcDbVertex
100
AcDb2dVertex
 10
333.0801836111111
 20
161.3901536111111
 30
0.0
  0
VERTEX
  5
124
330
120
100
AcDbEntity
  8
DEFAULT
 62
     7
100
AcDbVertex
100
AcDb2dVertex
 10
333.0801836111111
 20
162.8372480555555
 30
0.0
  0
VERTEX
  5
125
330
120
100
AcDbEntity
  8
DEFAULT
 62
     7
100
AcDbVertex
100
AcDb2dVertex
 10
336.5165919444444
 20
162.8372480555555
 30
0.0
  0
VERTEX
  5
126
330
120
100
AcDbEntity
  8
DEFAULT
 62
     7
100
AcDbVertex
100
AcDb2dVertex
 10
336.5165919444444
 20
166.2736563888889
 30
0.0
  0
VERTEX
  5
127
330
120
100
AcDbEntity
  8
DEFAULT
 62
     7
100
AcDbVertex
100
AcDb2dVertex
 10
337.9806197222222
 20
166.2736563888889
 30
0.0
  0
VERTEX
  5
128
330
120
100
AcDbEntity
  8
DEFAULT
 62
     7
100
AcDbVertex
100
AcDb2dVertex
 10
337.9806197222222
 20
162.8372480555555
 30
0.0
  0
VERTEX
  5
129
330
120
100
AcDbEntity
  8
DEFAULT
 62
     7
100
AcDbVertex
100
AcDb2dVertex
 10
341.4173808333333
 20
162.8372480555555
 30
0.0
  0
VERTEX
  5
12A
330
120
100
AcDbEntity
  8
DEFAULT
 62
     7
100
AcDbVertex
100
AcDb2dVertex
 10
341.4173808333333
 20
161.3901536111111
 30
0.0
  0
VERTEX
  5
12B
330
120
100
AcDbEntity
  8
DEFAULT
 62
     7
100
AcDbVertex
100
AcDb2dVertex
 10
337.9806197222222
 20
161.3901536111111
 30
0.0
  0
VERTEX
  5
12C
330
120
100
AcDbEntity
  8
DEFAULT
 62
     7
100
AcDbVertex
100
AcDb2dVertex
 10
337.9806197222222
 20
157.9279925
 30
0.0
  0
SEQEND
  5
12D
330
120
100
AcDbEntity
  8
DEFAULT
 62
     7
  0
SPLINE
  5
12E
330
1F
100
AcDbEntity
  8
DEFAULT
 62
     7
100
AcDbSpline
210
0.0
220
0.0
230
1.0
 70
    11
 71
     3
 72
    41
 73
    37
 74
     0
 42
0.000000001
 43
0.0000000001
 40
1.0
 40
1.0
 40
1.0
 40
1.0
 40
2.0
 40
2.0
 40
2.0
 40
3.0
 40
3.0
 40
3.0
 40
4.0
 40
4.0
 40
4.0
 40
5.0
 40
5.0
 40
5.0
 40
6.0
 40
6.0
 40
6.0
 40
7.0
 40
7.0
 40
7.0
 40
8.0
 40
8.0
 40
8.0
 40
9.0
 40
9.0
 40
9.0
 40
10.0
 40
10.0
 40
10.0
 40
11.0
 40
11.0
 40
11.0
 40
12.0
 40
12.0
 40
12.0
 40
13.0
 40
13.0
 40
13.0
 40
13.0
 10
107.8187666666666
 20
159.2915844444444
 30
0.0
 10
107.8187666666666
 20
160.7841872222222
 30
0.0
 10
107.972225
 20
161.9857483333333
 30
0.0
 10
108.2798472222222
 20
162.895915
 30
0.0
 10
108.5867638888889
 20
163.8060816666666
 30
0.0
 10
109.0432583333333
 20
164.5081094444444
 30
0.0
 10
109.6489777777778
 20
165.0019983333333
 30
0.0
 10
110.2546972222222
 20
165.4955344444444
 30
0.0
 10
111.01705
 20
165.7424788888889
 30
0.0
 10
111.9356833333333
 20
165.7424788888889
 30
0.0
 10
112.6133694444444
 20
165.7424788888889
 30
0.0
 10
113.2074472222222
 20
165.6059538888889
 30
0.0
 10
113.7186222222222
 20
165.3332566666666
 30
0.0
 10
114.2294444444444
 20
165.0605594444444
 30
0.0
 10
114.6517194444444
 20
164.6672122222222
 30
0.0
 10
114.9847416666667
 20
164.1535677777777
 30
0.0
 10
115.3177638888889
 20
163.6395705555555
 30
0.0
 10
115.5788194444444
 20
163.0137427777777
 30
0.0
 10
115.7686138888889
 20
162.2757316666666
 30
0.0
 10
115.9580555555555
 20
161.5380733333333
 30
0.0
 10
116.0526
 20
160.54324
 30
0.0
 10
116.0526
 20
159.2915844444444
 30
0.0
 10
116.0526
 20
157.8102705555555
 30
0.0
 10
115.9005527777778
 20
156.6143538888889
 30
0.0
 10
115.5961055555555
 20
155.70454
 30
0.0
 10
115.2920111111111
 20
154.7940205555555
 30
0.0
 10
114.836575
 20
154.0909344444444
 30
0.0
 10
114.2312083333333
 20
153.5942233333333
 30
0.0
 10
113.6251361111111
 20
153.0975122222222
 30
0.0
 10
112.8599611111111
 20
152.8491566666666
 30
0.0
 10
111.9356833333333
 20
152.8491566666666
 30
0.0
 10
110.7186
 20
152.8491566666666
 30
0.0
 10
109.7625722222222
 20
153.2855427777777
 30
0.0
 10
109.0676
 20
154.158315
 30
0.0
 10
108.2350444444444
 20
155.20924
 30
0.0
 10
107.8187666666666
 20
156.9202122222222
 30
0.0
 10
107.8187666666666
 20
159.2915844444444
 30
0.0
  0
SPLINE
  5
12F
330
1F
100
AcDbEntity
  8
DEFAULT
 62
     7
100
AcDbSpline
210
0.0
220
0.0
230
1.0
 70
    11
 71
     3
 72
    29
 73
    25
 74
     0
 42
0.000000001
 43
0.0000000001
 40
1.0
 40
1.0
 40
1.0
 40
1.0
 40
2.0
 40
2.0
 40
2.0
 40
3.0
 40
3.0
 40
3.0
 40
4.0
 40
4.0
 40
4.0
 40
5.0
 40
5.0
 40
5.0
 40
6.0
 40
6.0
 40
6.0
 40
7.0
 40
7.0
 40
7.0
 40
8.0
 40
8.0
 40
8.0
 40
9.0
 40
9.0
 40
9.0
 40
9.0
 10
109.4122638888889
 20
159.2915844444444
 30
0.0
 10
109.4122638888889
 20
157.2186622222222
 30
0.0
 10
109.6546222222222
 20
155.8393011111111
 30
0.0
 10
110.1400444444444
 20
155.1531483333333
 30
0.0
 10
110.6251138888889
 20
154.4669955555555
 30
0.0
 10
111.2237777777778
 20
154.1240955555555
 30
0.0
 10
111.9356833333333
 20
154.1240955555555
 30
0.0
 10
112.6475888888889
 20
154.1240955555555
 30
0.0
 10
113.2462527777778
 20
154.4684066666666
 30
0.0
 10
113.731675
 20
155.1573816666667
 30
0.0
 10
114.2167444444444
 20
155.8463566666667
 30
0.0
 10
114.4594555555556
 20
157.2246594444444
 30
0.0
 10
114.4594555555556
 20
159.2915844444444
 30
0.0
 10
114.4594555555556
 20
161.3701511111111
 30
0.0
 10
114.2167444444444
 20
162.7509233333333
 30
0.0
 10
113.731675
 20
163.4342538888889
 30
0.0
 10
113.2462527777778
 20
164.1175844444444
 30
0.0
 10
112.6419444444444
 20
164.4590733333333
 30
0.0
 10
111.9183972222222
 20
164.4590733333333
 30
0.0
 10
111.2064916666667
 20
164.4590733333333
 30
0.0
 10
110.6381666666667
 20
164.1578011111111
 30
0.0
 10
110.2134222222222
 20
163.5549038888888
 30
0.0
 10
109.6793166666667
 20
162.7854955555555
 30
0.0
 10
109.4122638888889
 20
161.3641538888889
 30
0.0
 10
109.4122638888889
 20
159.2915844444444
 30
0.0
  0
POLYLINE
  5
130
330
1F
100
AcDbEntity
  8
DEFAULT
 62
     1
100
AcDb2dPolyline
 66
     1
 10
0.0
 20
0.0
 30
0.0
 70
     1
  0
VERTEX
  5
131
330
130
100
AcDbEntity
  8
DEFAULT
 62
     1
100
AcDbVertex
100
AcDb2dVertex
 10
251.7801458333333
 20
19.10580944444444
 30
0.0
  0
VERTEX
  5
132
330
130
100
AcDbEntity
  8
DEFAULT
 62
     1
100
AcDbVertex
100
AcDb2dVertex
 10
251.7801458333333
 20
68.18848722222222
 30
0.0
  0
VERTEX
  5
133
330
130
100
AcDbEntity
  8
DEFAULT
 62
     1
100
AcDbVertex
100
AcDb2dVertex
 10
258.5231402777778
 20
68.18848722222222
 30
0.0
  0
VERTEX
  5
134
330
130
100
AcDbEntity
  8
DEFAULT
 62
     1
100
AcDbVertex
100
AcDb2dVertex
 10
258.5231402777778
 20
71.18709833333332
 30
0.0
  0
VERTEX
  5
135
330
130
100
AcDbEntity
  8
DEFAULT
 62
     1
100
AcDbVertex
100
AcDb2dVertex
 10
265.7166319444444
 20
71.18709833333332
 30
0.0
  0
VERTEX
  5
136
330
130
100
AcDbEntity
  8
DEFAULT
 62
     1
100
AcDbVertex
100
AcDb2dVertex
 10
265.7166319444444
 20
68.18848722222222
 30
0.0
  0
VERTEX
  5
137
330
130
100
AcDbEntity
  8
DEFAULT
 62
     1
100
AcDbVertex
100
AcDb2dVertex
 10
272.3096958333333
 20
68.18848722222222
 30
0.0
  0
VERTEX
  5
138
330
130
100
AcDbEntity
  8
DEFAULT
 62
     1
100
AcDbVertex
100
AcDb2dVertex
 10
272.3096958333333
 20
71.18709833333332
 30
0.0
  0
VERTEX
  5
139
330
130
100
AcDbEntity
  8
DEFAULT
 62
     1
100
AcDbVertex
100
AcDb2dVertex
 10
279.5031875
 20
71.18709833333332
 30
0.0
  0
VERTEX
  5
13A
330
130
100
AcDbEntity
  8
DEFAULT
 62
     1
100
AcDbVertex
100
AcDb2dVertex
 10
279.5031875
 20
68.18848722222222
 30
0.0
  0
VERTEX
  5
13B
330
130
100
AcDbEntity
  8
DEFAULT
 62
     1
100
AcDbVertex
100
AcDb2dVertex
 10
286.0962513888888
 20
68.18848722222222
 30
0.0
  0
VERTEX
  5
13C
330
130
100
AcDbEntity
  8
DEFAULT
 62
     1
100
AcDbVertex
100
AcDb2dVertex
 10
286.0962513888888
 20
71.18709833333332
 30
0.0
  0
VERTEX
  5
13D
330
130
100
AcDbEntity
  8
DEFAULT
 62
     1
100
AcDbVertex
100
AcDb2dVertex
 10
293.2862152777777
 20
71.18709833333332
 30
0.0
  0
VERTEX
  5
13E
330
130
100
AcDbEntity
  8
DEFAULT
 62
     1
100
AcDbVertex
100
AcDb2dVertex
 10
293.2862152777777
 20
68.18848722222222
 30
0.0
  0
VERTEX
  5
13F
330
130
100
AcDbEntity
  8
DEFAULT
 62
     1
100
AcDbVertex
100
AcDb2dVertex
 10
300.0295624999999
 20
68.18848722222222
 30
0.0
  0
VERTEX
  5
140
330
130
100
AcDbEntity
  8
DEFAULT
 62
     1
100
AcDbVertex
100
AcDb2dVertex
 10
300.0295624999999
 20
62.08895944444444
 30
0.0
  0
VERTEX
  5
141
330
130
100
AcDbEntity
  8
DEFAULT
 62
     1
100
AcDbVertex
100
AcDb2dVertex
 10
297.0274236111111
 20
62.08895944444444
 30
0.0
  0
VERTEX
  5
142
330
130
100
AcDbEntity
  8
DEFAULT
 62
     1
100
AcDbVertex
100
AcDb2dVertex
 10
297.0274236111111
 20
52.79291222222222
 30
0.0
  0
VERTEX
  5
143
330
130
100
AcDbEntity
  8
DEFAULT
 62
     1
100
AcDbVertex
100
AcDb2dVertex
 10
300.0295624999999
 20
52.79291222222222
 30
0.0
  0
VERTEX
  5
144
330
130
100
AcDbEntity
  8
DEFAULT
 62
     1
100
AcDbVertex
100
AcDb2dVertex
 10
300.0295624999999
 20
46.69691222222222
 30
0.0
  0
VERTEX
  5
145
330
130
100
AcDbEntity
  8
DEFAULT
 62
     1
100
AcDbVertex
100
AcDb2dVertex
 10
297.0274236111111
 20
46.69691222222222
 30
0.0
  0
VERTEX
  5
146
330
130
100
AcDbEntity
  8
DEFAULT
 62
     1
100
AcDbVertex
100
AcDb2dVertex
 10
297.0274236111111
 20
40.59738444444444
 30
0.0
  0
VERTEX
  5
147
330
130
100
AcDbEntity
  8
DEFAULT
 62
     1
100
AcDbVertex
100
AcDb2dVertex
 10
300.0295624999999
 20
40.59738444444444
 30
0.0
  0
VERTEX
  5
148
330
130
100
AcDbEntity
  8
DEFAULT
 62
     1
100
AcDbVertex
100
AcDb2dVertex
 10
300.0295624999999
 20
34.50138444444444
 30
0.0
  0
VERTEX
  5
149
330
130
100
AcDbEntity
  8
DEFAULT
 62
     1
100
AcDbVertex
100
AcDb2dVertex
 10
297.0274236111111
 20
34.50138444444444
 30
0.0
  0
VERTEX
  5
14A
330
130
100
AcDbEntity
  8
DEFAULT
 62
     1
100
AcDbVertex
100
AcDb2dVertex
 10
297.0274236111111
 20
25.20533722222222
 30
0.0
  0
VERTEX
  5
14B
330
130
100
AcDbEntity
  8
DEFAULT
 62
     1
100
AcDbVertex
100
AcDb2dVertex
 10
300.0295624999999
 20
25.20533722222222
 30
0.0
  0
VERTEX
  5
14C
330
130
100
AcDbEntity
  8
DEFAULT
 62
     1
100
AcDbVertex
100
AcDb2dVertex
 10
300.0295624999999
 20
19.10580944444444
 30
0.0
  0
VERTEX
  5
14D
330
130
100
AcDbEntity
  8
DEFAULT
 62
     1
100
AcDbVertex
100
AcDb2dVertex
 10
293.2862152777777
 20
19.10580944444444
 30
0.0
  0
VERTEX
  5
14E
330
130
100
AcDbEntity
  8
DEFAULT
 62
     1
100
AcDbVertex
100
AcDb2dVertex
 10
293.2862152777777
 20
16.10719833333333
 30
0.0
  0
VERTEX
  5
14F
330
130
100
AcDbEntity
  8
DEFAULT
 62
     1
100
AcDbVertex
100
AcDb2dVertex
 10
286.0930763888888
 20
16.10719833333333
 30
0.0
  0
VERTEX
  5
150
330
130
100
AcDbEntity
  8
DEFAULT
 62
     1
100
AcDbVertex
100
AcDb2dVertex
 10
286.0930763888888
 20
19.10580944444444
 30
0.0
  0
VERTEX
  5
151
330
130
100
AcDbEntity
  8
DEFAULT
 62
     1
100
AcDbVertex
100
AcDb2dVertex
 10
279.4996597222222
 20
19.10580944444444
 30
0.0
  0
VERTEX
  5
152
330
130
100
AcDbEntity
  8
DEFAULT
 62
     1
100
AcDbVertex
100
AcDb2dVertex
 10
279.4996597222222
 20
16.10719833333333
 30
0.0
  0
VERTEX
  5
153
330
130
100
AcDbEntity
  8
DEFAULT
 62
     1
100
AcDbVertex
100
AcDb2dVertex
 10
272.3065208333333
 20
16.10719833333333
 30
0.0
  0
VERTEX
  5
154
330
130
100
AcDbEntity
  8
DEFAULT
 62
     1
100
AcDbVertex
100
AcDb2dVertex
 10
272.3065208333333
 20
19.10580944444444
 30
0.0
  0
VERTEX
  5
155
330
130
100
AcDbEntity
  8
DEFAULT
 62
     1
100
AcDbVertex
100
AcDb2dVertex
 10
265.7131041666667
 20
19.10580944444444
 30
0.0
  0
VERTEX
  5
156
330
130
100
AcDbEntity
  8
DEFAULT
 62
     1
100
AcDbVertex
100
AcDb2dVertex
 10
265.7131041666667
 20
16.10719833333333
 30
0.0
  0
VERTEX
  5
157
330
130
100
AcDbEntity
  8
DEFAULT
 62
     1
100
AcDbVertex
100
AcDb2dVertex
 10
258.5231402777778
 20
16.10719833333333
 30
0.0
  0
VERTEX
  5
158
330
130
100
AcDbEntity
  8
DEFAULT
 62
     1
100
AcDbVertex
100
AcDb2dVertex
 10
258.5231402777778
 20
19.10580944444444
 30
0.0
  0
SEQEND
  5
159
330
130
100
AcDbEntity
  8
DEFAULT
 62
     1
  0
POLYLINE
  5
15A
330
1F
100
AcDbEntity
  8
DEFAULT
 62
     1
100
AcDb2dPolyline
 66
     1
 10
0.0
 20
0.0
 30
0.0
 70
     1
  0
VERTEX
  5
15B
330
15A
100
AcDbEntity
  8
DEFAULT
 62
     1
100
AcDbVertex
100
AcDb2dVertex
 10
316.0785524999999
 20
19.10580944444444
 30
0.0
  0
VERTEX
  5
15C
330
15A
100
AcDbEntity
  8
DEFAULT
 62
     1
100
AcDbVertex
100
AcDb2dVertex
 10
311.679413611111
 20
19.10580944444444
 30
0.0
  0
VERTEX
  5
15D
330
15A
100
AcDbEntity
  8
DEFAULT
 62
     1
100
AcDbVertex
100
AcDb2dVertex
 10
311.679413611111
 20
16.10367055555556
 30
0.0
  0
VERTEX
  5
15E
330
15A
100
AcDbEntity
  8
DEFAULT
 62
     1
100
AcDbVertex
100
AcDb2dVertex
 10
306.6805525
 20
16.10367055555556
 30
0.0
  0
VERTEX
  5
15F
330
15A
100
AcDbEntity
  8
DEFAULT
 62
     1
100
AcDbVertex
100
AcDb2dVertex
 10
306.6805525
 20
19.10580944444444
 30
0.0
  0
VERTEX
  5
160
330
15A
100
AcDbEntity
  8
DEFAULT
 62
     1
100
AcDbVertex
100
AcDb2dVertex
 10
305.1339747222222
 20
19.10580944444444
 30
0.0
  0
VERTEX
  5
161
330
15A
100
AcDbEntity
  8
DEFAULT
 62
     1
100
AcDbVertex
100
AcDb2dVertex
 10
305.1339747222222
 20
25.05540666666667
 30
0.0
  0
VERTEX
  5
162
330
15A
100
AcDbEntity
  8
DEFAULT
 62
     1
100
AcDbVertex
100
AcDb2dVertex
 10
302.1311302777777
 20
25.05540666666667
 30
0.0
  0
VERTEX
  5
163
330
15A
100
AcDbEntity
  8
DEFAULT
 62
     1
100
AcDbVertex
100
AcDb2dVertex
 10
302.1311302777777
 20
34.651315
 30
0.0
  0
VERTEX
  5
164
330
15A
100
AcDbEntity
  8
DEFAULT
 62
     1
100
AcDbVertex
100
AcDb2dVertex
 10
305.1339747222222
 20
34.651315
 30
0.0
  0
VERTEX
  5
165
330
15A
100
AcDbEntity
  8
DEFAULT
 62
     1
100
AcDbVertex
100
AcDb2dVertex
 10
305.1339747222222
 20
40.44745388888889
 30
0.0
  0
VERTEX
  5
166
330
15A
100
AcDbEntity
  8
DEFAULT
 62
     1
100
AcDbVertex
100
AcDb2dVertex
 10
302.1311302777777
 20
40.44745388888889
 30
0.0
  0
VERTEX
  5
167
330
15A
100
AcDbEntity
  8
DEFAULT
 62
     1
100
AcDbVertex
100
AcDb2dVertex
 10
302.1311302777777
 20
46.84684277777777
 30
0.0
  0
VERTEX
  5
168
330
15A
100
AcDbEntity
  8
DEFAULT
 62
     1
100
AcDbVertex
100
AcDb2dVertex
 10
305.1339747222222
 20
46.84684277777777
 30
0.0
  0
VERTEX
  5
169
330
15A
100
AcDbEntity
  8
DEFAULT
 62
     1
100
AcDbVertex
100
AcDb2dVertex
 10
305.1339747222222
 20
52.64298166666666
 30
0.0
  0
VERTEX
  5
16A
330
15A
100
AcDbEntity
  8
DEFAULT
 62
     1
100
AcDbVertex
100
AcDb2dVertex
 10
302.1311302777777
 20
52.64298166666666
 30
0.0
  0
VERTEX
  5
16B
330
15A
100
AcDbEntity
  8
DEFAULT
 62
     1
100
AcDbVertex
100
AcDb2dVertex
 10
302.1311302777777
 20
62.23888999999999
 30
0.0
  0
VERTEX
  5
16C
330
15A
100
AcDbEntity
  8
DEFAULT
 62
     1
100
AcDbVertex
100
AcDb2dVertex
 10
305.1339747222222
 20
62.23888999999999
 30
0.0
  0
VERTEX
  5
16D
330
15A
100
AcDbEntity
  8
DEFAULT
 62
     1
100
AcDbVertex
100
AcDb2dVertex
 10
305.1339747222222
 20
68.18848722222222
 30
0.0
  0
VERTEX
  5
16E
330
15A
100
AcDbEntity
  8
DEFAULT
 62
     1
100
AcDbVertex
100
AcDb2dVertex
 10
306.6805525
 20
68.18848722222222
 30
0.0
  0
VERTEX
  5
16F
330
15A
100
AcDbEntity
  8
DEFAULT
 62
     1
100
AcDbVertex
100
AcDb2dVertex
 10
306.6805525
 20
71.1906261111111
 30
0.0
  0
VERTEX
  5
170
330
15A
100
AcDbEntity
  8
DEFAULT
 62
     1
100
AcDbVertex
100
AcDb2dVertex
 10
311.6829413888888
 20
71.1906261111111
 30
0.0
  0
VERTEX
  5
171
330
15A
100
AcDbEntity
  8
DEFAULT
 62
     1
100
AcDbVertex
100
AcDb2dVertex
 10
311.6829413888888
 20
68.18848722222222
 30
0.0
  0
VERTEX
  5
172
330
15A
100
AcDbEntity
  8
DEFAULT
 62
     1
100
AcDbVertex
100
AcDb2dVertex
 10
316.0817274999999
 20
68.18848722222222
 30
0.0
  0
VERTEX
  5
173
330
15A
100
AcDbEntity
  8
DEFAULT
 62
     1
100
AcDbVertex
100
AcDb2dVertex
 10
316.0817274999999
 20
71.1906261111111
 30
0.0
  0
VERTEX
  5
174
330
15A
100
AcDbEntity
  8
DEFAULT
 62
     1
100
AcDbVertex
100
AcDb2dVertex
 10
321.0809413888888
 20
71.1906261111111
 30
0.0
  0
VERTEX
  5
175
330
15A
100
AcDbEntity
  8
DEFAULT
 62
     1
100
AcDbVertex
100
AcDb2dVertex
 10
321.0809413888888
 20
68.18848722222222
 30
0.0
  0
VERTEX
  5
176
330
15A
100
AcDbEntity
  8
DEFAULT
 62
     1
100
AcDbVertex
100
AcDb2dVertex
 10
325.6300108333333
 20
68.18848722222222
 30
0.0
  0
VERTEX
  5
177
330
15A
100
AcDbEntity
  8
DEFAULT
 62
     1
100
AcDbVertex
100
AcDb2dVertex
 10
325.6300108333333
 20
59.60857888888889
 30
0.0
  0
VERTEX
  5
178
330
15A
100
AcDbEntity
  8
DEFAULT
 62
     1
100
AcDbVertex
100
AcDb2dVertex
 10
320.1227969444444
 20
59.60857888888889
 30
0.0
  0
VERTEX
  5
179
330
15A
100
AcDbEntity
  8
DEFAULT
 62
     1
100
AcDbVertex
100
AcDb2dVertex
 10
320.1227969444444
 20
49.73080111111111
 30
0.0
  0
VERTEX
  5
17A
330
15A
100
AcDbEntity
  8
DEFAULT
 62
     1
100
AcDbVertex
100
AcDb2dVertex
 10
322.8783441666666
 20
49.73080111111111
 30
0.0
  0
VERTEX
  5
17B
330
15A
100
AcDbEntity
  8
DEFAULT
 62
     1
100
AcDbVertex
100
AcDb2dVertex
 10
322.8783441666666
 20
37.56349555555555
 30
0.0
  0
VERTEX
  5
17C
330
15A
100
AcDbEntity
  8
DEFAULT
 62
     1
100
AcDbVertex
100
AcDb2dVertex
 10
320.1227969444444
 20
37.56349555555555
 30
0.0
  0
VERTEX
  5
17D
330
15A
100
AcDbEntity
  8
DEFAULT
 62
     1
100
AcDbVertex
100
AcDb2dVertex
 10
320.1227969444444
 20
27.68571777777778
 30
0.0
  0
VERTEX
  5
17E
330
15A
100
AcDbEntity
  8
DEFAULT
 62
     1
100
AcDbVertex
100
AcDb2dVertex
 10
325.6300108333333
 20
27.68571777777778
 30
0.0
  0
VERTEX
  5
17F
330
15A
100
AcDbEntity
  8
DEFAULT
 62
     1
100
AcDbVertex
100
AcDb2dVertex
 10
325.6300108333333
 20
19.10580944444444
 30
0.0
  0
VERTEX
  5
180
330
15A
100
AcDbEntity
  8
DEFAULT
 62
     1
100
AcDbVertex
100
AcDb2dVertex
 10
321.0809413888888
 20
19.10580944444444
 30
0.0
  0
VERTEX
  5
181
330
15A
100
AcDbEntity
  8
DEFAULT
 62
     1
100
AcDbVertex
100
AcDb2dVertex
 10
321.0809413888888
 20
16.10367055555556
 30
0.0
  0
VERTEX
  5
182
330
15A
100
AcDbEntity
  8
DEFAULT
 62
     1
100
AcDbVertex
100
AcDb2dVertex
 10
316.0785524999999
 20
16.10367055555556
 30
0.0
  0
SEQEND
  5
183
330
15A
100
AcDbEntity
  8
DEFAULT
 62
     1
  0
POLYLINE
  5
184
330
1F
100
AcDbEntity
  8
DEFAULT
 62
     1
100
AcDb2dPolyline
 66
     1
 10
0.0
 20
0.0
 30
0.0
 70
     1
  0
VERTEX
  5
185
330
184
100
AcDbEntity
  8
DEFAULT
 62
     1
100
AcDbVertex
100
AcDb2dVertex
 10
444.5377472222222
 20
92.76291666666665
 30
0.0
  0
VERTEX
  5
186
330
184
100
AcDbEntity
  8
DEFAULT
 62
     1
100
AcDbVertex
100
AcDb2dVertex
 10
411.8564138888888
 20
92.76291666666665
 30
0.0
  0
VERTEX
  5
187
330
184
100
AcDbEntity
  8
DEFAULT
 62
     1
100
AcDbVertex
100
AcDb2dVertex
 10
411.8564138888888
 20
125.44425
 30
0.0
  0
VERTEX
  5
188
330
184
100
AcDbEntity
  8
DEFAULT
 62
     1
100
AcDbVertex
100
AcDb2dVertex
 10
444.5377472222222
 20
125.44425
 30
0.0
  0
SEQEND
  5
189
330
184
100
AcDbEntity
  8
DEFAULT
 62
     1
  0
POLYLINE
  5
18A
330
1F
100
AcDbEntity
  8
DEFAULT
 62
     1
100
AcDb2dPolyline
 66
     1
 10
0.0
 20
0.0
 30
0.0
 70
     1
  0
VERTEX
  5
18B
330
18A
100
AcDbEntity
  8
DEFAULT
 62
     1
100
AcDbVertex
100
AcDb2dVertex
 10
452.5391352777777
 20
119.3851505555555
 30
0.0
  0
VERTEX
  5
18C
330
18A
100
AcDbEntity
  8
DEFAULT
 62
     1
100
AcDbVertex
100
AcDb2dVertex
 10
452.5391352777777
 20
126.6386144444444
 30
0.0
  0
VERTEX
  5
18D
330
18A
100
AcDbEntity
  8
DEFAULT
 62
     1
100
AcDbVertex
100
AcDb2dVertex
 10
449.5369963888888
 20
126.6386144444444
 30
0.0
  0
VERTEX
  5
18E
330
18A
100
AcDbEntity
  8
DEFAULT
 62
     1
100
AcDbVertex
100
AcDb2dVertex
 10
449.5369963888888
 20
130.44297
 30
0.0
  0
VERTEX
  5
18F
330
18A
100
AcDbEntity
  8
DEFAULT
 62
     1
100
AcDbVertex
100
AcDb2dVertex
 10
445.7322880555555
 20
130.44297
 30
0.0
  0
VERTEX
  5
190
330
18A
100
AcDbEntity
  8
DEFAULT
 62
     1
100
AcDbVertex
100
AcDb2dVertex
 10
445.7322880555555
 20
133.4447561111111
 30
0.0
  0
VERTEX
  5
191
330
18A
100
AcDbEntity
  8
DEFAULT
 62
     1
100
AcDbVertex
100
AcDb2dVertex
 10
438.4791769444444
 20
133.4447561111111
 30
0.0
  0
VERTEX
  5
192
330
18A
100
AcDbEntity
  8
DEFAULT
 62
     1
100
AcDbVertex
100
AcDb2dVertex
 10
438.4791769444444
 20
130.44297
 30
0.0
  0
VERTEX
  5
193
330
18A
100
AcDbEntity
  8
DEFAULT
 62
     1
100
AcDbVertex
100
AcDb2dVertex
 10
431.8257880555556
 20
130.44297
 30
0.0
  0
VERTEX
  5
194
330
18A
100
AcDbEntity
  8
DEFAULT
 62
     1
100
AcDbVertex
100
AcDb2dVertex
 10
431.8257880555556
 20
133.4447561111111
 30
0.0
  0
VERTEX
  5
195
330
18A
100
AcDbEntity
  8
DEFAULT
 62
     1
100
AcDbVertex
100
AcDb2dVertex
 10
424.5726769444444
 20
133.4447561111111
 30
0.0
  0
VERTEX
  5
196
330
18A
100
AcDbEntity
  8
DEFAULT
 62
     1
100
AcDbVertex
100
AcDb2dVertex
 10
424.5726769444444
 20
130.44297
 30
0.0
  0
VERTEX
  5
197
330
18A
100
AcDbEntity
  8
DEFAULT
 62
     1
100
AcDbVertex
100
AcDb2dVertex
 10
417.9154075
 20
130.44297
 30
0.0
  0
VERTEX
  5
198
330
18A
100
AcDbEntity
  8
DEFAULT
 62
     1
100
AcDbVertex
100
AcDb2dVertex
 10
417.9154075
 20
133.4447561111111
 30
0.0
  0
VERTEX
  5
199
330
18A
100
AcDbEntity
  8
DEFAULT
 62
     1
100
AcDbVertex
100
AcDb2dVertex
 10
410.6626491666667
 20
133.4447561111111
 30
0.0
  0
VERTEX
  5
19A
330
18A
100
AcDbEntity
  8
DEFAULT
 62
     1
100
AcDbVertex
100
AcDb2dVertex
 10
410.6626491666667
 20
130.44297
 30
0.0
  0
VERTEX
  5
19B
330
18A
100
AcDbEntity
  8
DEFAULT
 62
     1
100
AcDbVertex
100
AcDb2dVertex
 10
406.8579408333333
 20
130.44297
 30
0.0
  0
VERTEX
  5
19C
330
18A
100
AcDbEntity
  8
DEFAULT
 62
     1
100
AcDbVertex
100
AcDb2dVertex
 10
406.8579408333333
 20
126.6386144444444
 30
0.0
  0
VERTEX
  5
19D
330
18A
100
AcDbEntity
  8
DEFAULT
 62
     1
100
AcDbVertex
100
AcDb2dVertex
 10
403.8558019444444
 20
126.6386144444444
 30
0.0
  0
VERTEX
  5
19E
330
18A
100
AcDbEntity
  8
DEFAULT
 62
     1
100
AcDbVertex
100
AcDb2dVertex
 10
403.8558019444444
 20
119.3851505555555
 30
0.0
  0
VERTEX
  5
19F
330
18A
100
AcDbEntity
  8
DEFAULT
 62
     1
100
AcDbVertex
100
AcDb2dVertex
 10
406.8579408333333
 20
119.3851505555555
 30
0.0
  0
VERTEX
  5
1A0
330
18A
100
AcDbEntity
  8
DEFAULT
 62
     1
100
AcDbVertex
100
AcDb2dVertex
 10
406.8579408333333
 20
112.7317616666667
 30
0.0
  0
VERTEX
  5
1A1
330
18A
100
AcDbEntity
  8
DEFAULT
 62
     1
100
AcDbVertex
100
AcDb2dVertex
 10
403.8558019444444
 20
112.7317616666667
 30
0.0
  0
VERTEX
  5
1A2
330
18A
100
AcDbEntity
  8
DEFAULT
 62
     1
100
AcDbVertex
100
AcDb2dVertex
 10
403.8558019444444
 20
105.47477
 30
0.0
  0
VERTEX
  5
1A3
330
18A
100
AcDbEntity
  8
DEFAULT
 62
     1
100
AcDbVertex
100
AcDb2dVertex
 10
406.8579408333333
 20
105.47477
 30
0.0
  0
VERTEX
  5
1A4
330
18A
100
AcDbEntity
  8
DEFAULT
 62
     1
100
AcDbVertex
100
AcDb2dVertex
 10
406.8579408333333
 20
98.82173388888887
 30
0.0
  0
VERTEX
  5
1A5
330
18A
100
AcDbEntity
  8
DEFAULT
 62
     1
100
AcDbVertex
100
AcDb2dVertex
 10
403.8558019444444
 20
98.82173388888887
 30
0.0
  0
VERTEX
  5
1A6
330
18A
100
AcDbEntity
  8
DEFAULT
 62
     1
100
AcDbVertex
100
AcDb2dVertex
 10
403.8558019444444
 20
91.56827
 30
0.0
  0
VERTEX
  5
1A7
330
18A
100
AcDbEntity
  8
DEFAULT
 62
     1
100
AcDbVertex
100
AcDb2dVertex
 10
406.8579408333333
 20
91.56827
 30
0.0
  0
VERTEX
  5
1A8
330
18A
100
AcDbEntity
  8
DEFAULT
 62
     1
100
AcDbVertex
100
AcDb2dVertex
 10
406.8579408333333
 20
87.76391444444444
 30
0.0
  0
VERTEX
  5
1A9
330
18A
100
AcDbEntity
  8
DEFAULT
 62
     1
100
AcDbVertex
100
AcDb2dVertex
 10
410.6626491666667
 20
87.76391444444444
 30
0.0
  0
VERTEX
  5
1AA
330
18A
100
AcDbEntity
  8
DEFAULT
 62
     1
100
AcDbVertex
100
AcDb2dVertex
 10
410.6626491666667
 20
84.76142277777777
 30
0.0
  0
VERTEX
  5
1AB
330
18A
100
AcDbEntity
  8
DEFAULT
 62
     1
100
AcDbVertex
100
AcDb2dVertex
 10
417.9154075
 20
84.76142277777777
 30
0.0
  0
VERTEX
  5
1AC
330
18A
100
AcDbEntity
  8
DEFAULT
 62
     1
100
AcDbVertex
100
AcDb2dVertex
 10
417.9154075
 20
87.76391444444444
 30
0.0
  0
VERTEX
  5
1AD
330
18A
100
AcDbEntity
  8
DEFAULT
 62
     1
100
AcDbVertex
100
AcDb2dVertex
 10
424.5691491666666
 20
87.76391444444444
 30
0.0
  0
VERTEX
  5
1AE
330
18A
100
AcDbEntity
  8
DEFAULT
 62
     1
100
AcDbVertex
100
AcDb2dVertex
 10
424.5691491666666
 20
84.76142277777777
 30
0.0
  0
VERTEX
  5
1AF
330
18A
100
AcDbEntity
  8
DEFAULT
 62
     1
100
AcDbVertex
100
AcDb2dVertex
 10
431.8222602777778
 20
84.76142277777777
 30
0.0
  0
VERTEX
  5
1B0
330
18A
100
AcDbEntity
  8
DEFAULT
 62
     1
100
AcDbVertex
100
AcDb2dVertex
 10
431.8222602777778
 20
87.76391444444444
 30
0.0
  0
VERTEX
  5
1B1
330
18A
100
AcDbEntity
  8
DEFAULT
 62
     1
100
AcDbVertex
100
AcDb2dVertex
 10
438.4791769444444
 20
87.76391444444444
 30
0.0
  0
VERTEX
  5
1B2
330
18A
100
AcDbEntity
  8
DEFAULT
 62
     1
100
AcDbVertex
100
AcDb2dVertex
 10
438.4791769444444
 20
84.76142277777777
 30
0.0
  0
VERTEX
  5
1B3
330
18A
100
AcDbEntity
  8
DEFAULT
 62
     1
100
AcDbVertex
100
AcDb2dVertex
 10
445.7322880555555
 20
84.76142277777777
 30
0.0
  0
VERTEX
  5
1B4
330
18A
100
AcDbEntity
  8
DEFAULT
 62
     1
100
AcDbVertex
100
AcDb2dVertex
 10
445.7322880555555
 20
87.76391444444444
 30
0.0
  0
VERTEX
  5
1B5
330
18A
100
AcDbEntity
  8
DEFAULT
 62
     1
100
AcDbVertex
100
AcDb2dVertex
 10
449.5369963888888
 20
87.76391444444444
 30
0.0
  0
VERTEX
  5
1B6
330
18A
100
AcDbEntity
  8
DEFAULT
 62
     1
100
AcDbVertex
100
AcDb2dVertex
 10
449.5369963888888
 20
91.56827
 30
0.0
  0
VERTEX
  5
1B7
330
18A
100
AcDbEntity
  8
DEFAULT
 62
     1
100
AcDbVertex
100
AcDb2dVertex
 10
452.5391352777777
 20
91.56827
 30
0.0
  0
VERTEX
  5
1B8
330
18A
100
AcDbEntity
  8
DEFAULT
 62
     1
100
AcDbVertex
100
AcDb2dVertex
 10
452.5391352777777
 20
98.82173388888887
 30
0.0
  0
VERTEX
  5
1B9
330
18A
100
AcDbEntity
  8
DEFAULT
 62
     1
100
AcDbVertex
100
AcDb2dVertex
 10
449.5369963888888
 20
98.82173388888887
 30
0.0
  0
VERTEX
  5
1BA
330
18A
100
AcDbEntity
  8
DEFAULT
 62
     1
100
AcDbVertex
100
AcDb2dVertex
 10
449.5369963888888
 20
105.47477
 30
0.0
  0
VERTEX
  5
1BB
330
18A
100
AcDbEntity
  8
DEFAULT
 62
     1
100
AcDbVertex
100
AcDb2dVertex
 10
452.5391352777777
 20
105.47477
 30
0.0
  0
VERTEX
  5
1BC
330
18A
100
AcDbEntity
  8
DEFAULT
 62
     1
100
AcDbVertex
100
AcDb2dVertex
 10
452.5391352777777
 20
112.7317616666667
 30
0.0
  0
VERTEX
  5
1BD
330
18A
100
AcDbEntity
  8
DEFAULT
 62
     1
100
AcDbVertex
100
AcDb2dVertex
 10
449.5369963888888
 20
112.7317616666667
 30
0.0
  0
VERTEX
  5
1BE
330
18A
100
AcDbEntity
  8
DEFAULT
 62
     1
100
AcDbVertex
100
AcDb2dVertex
 10
449.5369963888888
 20
119.3851505555555
 30
0.0
  0
SEQEND
  5
1BF
330
18A
100
AcDbEntity
  8
DEFAULT
 62
     1
  0
SPLINE
  5
1C0
330
1F
100
AcDbEntity
  8
DEFAULT
 62
     1
100
AcDbSpline
210
0.0
220
0.0
230
1.0
 70
    11
 71
     3
 72
    17
 73
    13
 74
     0
 42
0.000000001
 43
0.0000000001
 40
0.0
 40
0.0
 40
0.0
 40
0.0
 40
1.0
 40
1.0
 40
1.0
 40
2.0
 40
2.0
 40
2.0
 40
3.0
 40
3.0
 40
3.0
 40
4.0
 40
4.0
 40
4.0
 40
4.0
 10
262.1342088888888
 20
84.1900286111111
 30
0.0
 10
262.1342088888888
 20
87.08986194444444
 30
0.0
 10
264.4837088888888
 20
89.43936194444443
 30
0.0
 10
267.3835422222222
 20
89.43936194444443
 30
0.0
 10
270.2833755555556
 20
89.43936194444443
 30
0.0
 10
272.6328755555555
 20
87.08986194444444
 30
0.0
 10
272.6328755555555
 20
84.1900286111111
 30
0.0
 10
272.6328755555555
 20
81.29019527777777
 30
0.0
 10
270.2833755555556
 20
78.94069527777778
 30
0.0
 10
267.3835422222222
 20
78.94069527777778
 30
0.0
 10
264.4837088888888
 20
78.94069527777778
 30
0.0
 10
262.1342088888888
 20
81.29019527777777
 30
0.0
 10
262.1342088888888
 20
84.1900286111111
 30
0.0
  0
SPLINE
  5
1C1
330
1F
100
AcDbEntity
  8
DEFAULT
 62
     1
100
AcDbSpline
210
0.0
220
0.0
230
1.0
 70
    11
 71
     3
 72
   119
 73
   115
 74
     0
 42
0.000000001
 43
0.0000000001
 40
8.5
 40
8.5
 40
8.5
 40
8.5
 40
31.75
 40
31.75
 40
31.75
 40
40.25
 40
40.25
 40
40.25
 40
65.18900000000002
 40
65.18900000000002
 40
65.18900000000002
 40
73.68900000000002
 40
73.68900000000002
 40
73.68900000000002
 40
96.93900000000002
 40
96.93900000000002
 40
96.93900000000002
 40
105.439
 40
105.439
 40
105.439
 40
106.439
 40
106.439
 40
106.439
 40
191.689
 40
191.689
 40
191.689
 40
215.364
 40
215.364
 40
215.364
 40
223.874
 40
223.874
 40
223.874
 40
248.815
 40
248.815
 40
248.815
 40
257.325
 40
257.325
 40
257.325
 40
280.575
 40
280.575
 40
280.575
 40
289.085
 40
289.085
 40
289.085
 40
314.024
 40
314.024
 40
314.024
 40
322.534
 40
322.534
 40
322.534
 40
345.784
 40
345.784
 40
345.784
 40
354.294
 40
354.294
 40
354.294
 40
379.234
 40
379.234
 40
379.234
 40
387.744
 40
387.744
 40
387.744
 40
411.419
 40
411.419
 40
411.419
 40
422.628
 40
422.628
 40
422.628
 40
431.138
 40
431.138
 40
431.138
 40
450.849
 40
450.849
 40
450.849
 40
459.359
 40
459.359
 40
459.359
 40
479.069
 40
479.069
 40
479.069
 40
487.579
 40
487.579
 40
487.579
 40
507.289
 40
507.289
 40
507.289
 40
515.799
 40
515.799
 40
515.799
 40
535.519
 40
535.519
 40
535.519
 40
544.029
 40
544.029
 40
544.029
 40
563.7389999999999
 40
563.7389999999999
 40
563.7389999999999
 40
572.2489999999999
 40
572.2489999999999
 40
572.2489999999999
 40
583.459
 40
583.459
 40
583.459
 40
607.134
 40
607.134
 40
607.134
 40
615.634
 40
615.634
 40
615.634
 40
640.5740000000001
 40
640.5740000000001
 40
640.5740000000001
 40
649.0740000000001
 40
649.0740000000001
 40
649.0740000000001
 40
649.0740000000001
 10
254.7787569444444
 20
116.294535
 30
0.0
 10
254.7787569444444
 20
113.5605072222222
 30
0.0
 10
254.7787569444444
 20
110.8264794444444
 30
0.0
 10
254.7787569444444
 20
108.0924516666666
 30
0.0
 10
253.7792199074073
 20
108.0924516666666
 30
0.0
 10
252.7796828703703
 20
108.0924516666666
 30
0.0
 10
251.7801458333333
 20
108.0924516666666
 30
0.0
 10
251.7801458333333
 20
105.15981
 30
0.0
 10
251.7801458333333
 20
102.2271683333333
 30
0.0
 10
251.7801458333333
 20
99.29452666666664
 30
0.0
 10
252.7796828703704
 20
99.29452666666664
 30
0.0
 10
253.7792199074073
 20
99.29452666666664
 30
0.0
 10
254.7787569444444
 20
99.29452666666664
 30
0.0
 10
254.7787569444444
 20
96.56049888888886
 30
0.0
 10
254.7787569444444
 20
93.82647111111108
 30
0.0
 10
254.7787569444444
 20
91.09244333333329
 30
0.0
 10
253.7792199074073
 20
91.09244333333329
 30
0.0
 10
252.7796828703703
 20
91.09244333333329
 30
0.0
 10
251.7801458333333
 20
91.0924433333333
 30
0.0
 10
251.7801458333333
 20
80.20536833333333
 30
0.0
 10
258.7580902777777
 20
73.94179888888888
 30
0.0
 10
267.3835069444444
 20
73.94179888888888
 30
0.0
 10
277.408275462963
 20
73.94179888888888
 30
0.0
 10
287.4330439814815
 20
73.94179888888888
 30
0.0
 10
297.4578125
 20
73.94179888888888
 30
0.0
 10
297.4578125
 20
76.72580351851852
 30
0.0
 10
297.4578125
 20
79.50980814814815
 30
0.0
 10
297.4578125
 20
82.29381277777777
 30
0.0
 10
298.458525462963
 20
82.29381277777777
 30
0.0
 10
299.4592384259259
 20
82.29381277777777
 30
0.0
 10
300.4599513888888
 20
82.29381277777777
 30
0.0
 10
300.4599513888888
 20
85.22668962962962
 30
0.0
 10
300.4599513888888
 20
88.15956648148146
 30
0.0
 10
300.4599513888888
 20
91.0924433333333
 30
0.0
 10
299.4592384259259
 20
91.09244333333329
 30
0.0
 10
298.4585254629629
 20
91.09244333333329
 30
0.0
 10
297.4578125
 20
91.0924433333333
 30
0.0
 10
297.4578125
 20
93.82647111111108
 30
0.0
 10
297.4578125
 20
96.56049888888886
 30
0.0
 10
297.4578125
 20
99.29452666666664
 30
0.0
 10
298.458525462963
 20
99.29452666666664
 30
0.0
 10
299.4592384259259
 20
99.29452666666664
 30
0.0
 10
300.4599513888888
 20
99.29452666666664
 30
0.0
 10
300.4599513888888
 20
102.2271683333333
 30
0.0
 10
300.4599513888888
 20
105.15981
 30
0.0
 10
300.4599513888888
 20
108.0924516666666
 30
0.0
 10
299.4592384259259
 20
108.0924516666666
 30
0.0
 10
298.4585254629629
 20
108.0924516666666
 30
0.0
 10
297.4578125
 20
108.0924516666666
 30
0.0
 10
297.4578125
 20
110.8264794444444
 30
0.0
 10
297.4578125
 20
113.5605072222222
 30
0.0
 10
297.4578125
 20
116.294535
 30
0.0
 10
298.458525462963
 20
116.294535
 30
0.0
 10
299.4592384259259
 20
116.294535
 30
0.0
 10
300.4599513888888
 20
116.294535
 30
0.0
 10
300.4599513888888
 20
119.2272942592592
 30
0.0
 10
300.4599513888888
 20
122.1600535185185
 30
0.0
 10
300.4599513888888
 20
125.0928127777778
 30
0.0
 10
299.4592384259259
 20
125.0928127777778
 30
0.0
 10
298.4585254629629
 20
125.0928127777778
 30
0.0
 10
297.4578125
 20
125.0928127777778
 30
0.0
 10
297.4578125
 20
127.8768174074074
 30
0.0
 10
297.4578125
 20
130.660822037037
 30
0.0
 10
297.4578125
 20
133.4448266666666
 30
0.0
 10
296.1397171296296
 20
133.4448266666666
 30
0.0
 10
294.8216217592592
 20
133.4448266666666
 30
0.0
 10
293.5035263888888
 20
133.4448266666666
 30
0.0
 10
293.5035263888888
 20
132.4441137037037
 30
0.0
 10
293.5035263888888
 20
131.4434007407407
 30
0.0
 10
293.5035263888888
 20
130.4426877777778
 30
0.0
 10
291.1856587962962
 20
130.4426877777778
 30
0.0
 10
288.8677912037037
 20
130.4426877777778
 30
0.0
 10
286.5499236111111
 20
130.4426877777778
 30
0.0
 10
286.5499236111111
 20
131.4434007407407
 30
0.0
 10
286.5499236111111
 20
132.4441137037037
 30
0.0
 10
286.5499236111111
 20
133.4448266666666
 30
0.0
 10
284.2321736111111
 20
133.4448266666666
 30
0.0
 10
281.9144236111111
 20
133.4448266666666
 30
0.0
 10
279.5966736111111
 20
133.4448266666666
 30
0.0
 10
279.5966736111111
 20
132.4441137037037
 30
0.0
 10
279.5966736111111
 20
131.4434007407407
 30
0.0
 10
279.5966736111111
 20
130.4426877777778
 30
0.0
 10
277.2789236111111
 20
130.4426877777778
 30
0.0
 10
274.9611736111111
 20
130.4426877777778
 30
0.0
 10
272.6434236111111
 20
130.4426877777778
 30
0.0
 10
272.6434236111111
 20
131.4434007407407
 30
0.0
 10
272.6434236111111
 20
132.4441137037037
 30
0.0
 10
272.6434236111111
 20
133.4448266666666
 30
0.0
 10
270.3244976851851
 20
133.4448266666666
 30
0.0
 10
268.0055717592592
 20
133.4448266666666
 30
0.0
 10
265.6866458333333
 20
133.4448266666666
 30
0.0
 10
265.6866458333333
 20
132.4441137037037
 30
0.0
 10
265.6866458333333
 20
131.4434007407407
 30
0.0
 10
265.6866458333333
 20
130.4426877777778
 30
0.0
 10
263.3688958333333
 20
130.4426877777778
 30
0.0
 10
261.0511458333332
 20
130.4426877777778
 30
0.0
 10
258.7333958333333
 20
130.4426877777778
 30
0.0
 10
258.7333958333333
 20
131.4434007407407
 30
0.0
 10
258.7333958333333
 20
132.4441137037037
 30
0.0
 10
258.7333958333333
 20
133.4448266666666
 30
0.0
 10
257.4151828703703
 20
133.4448266666666
 30
0.0
 10
256.0969699074074
 20
133.4448266666666
 30
0.0
 10
254.7787569444444
 20
133.4448266666666
 30
0.0
 10
254.7787569444444
 20
130.660822037037
 30
0.0
 10
254.7787569444444
 20
127.8768174074074
 30
0.0
 10
254.7787569444444
 20
125.0928127777778
 30
0.0
 10
253.7792199074073
 20
125.0928127777778
 30
0.0
 10
252.7796828703703
 20
125.0928127777778
 30
0.0
 10
251.7801458333333
 20
125.0928127777778
 30
0.0
 10
251.7801458333333
 20
122.1600535185185
 30
0.0
 10
251.7801458333333
 20
119.2272942592592
 30
0.0
 10
251.7801458333333
 20
116.294535
 30
0.0
 10
252.7796828703704
 20
116.294535
 30
0.0
 10
253.7792199074073
 20
116.294535
 30
0.0
 10
254.7787569444444
 20
116.294535
 30
0.0
  0
SPLINE
  5
1C2
330
1F
100
AcDbEntity
  8
DEFAULT
 62
     1
100
AcDbSpline
210
0.0
220
0.0
230
1.0
 70
    11
 71
     3
 72
    17
 73
    13
 74
     0
 42
0.000000001
 43
0.0000000001
 40
0.0
 40
0.0
 40
0.0
 40
0.0
 40
1.0
 40
1.0
 40
1.0
 40
2.0
 40
2.0
 40
2.0
 40
3.0
 40
3.0
 40
3.0
 40
4.0
 40
4.0
 40
4.0
 40
4.0
 10
384.5749794444444
 20
78.94073055555555
 30
0.0
 10
381.6747933333333
 20
78.94073055555555
 30
0.0
 10
379.325646111111
 20
81.29023055555555
 30
0.0
 10
379.325646111111
 20
84.19006388888889
 30
0.0
 10
379.325646111111
 20
87.08989722222222
 30
0.0
 10
381.6747933333333
 20
89.43939722222221
 30
0.0
 10
384.5749794444444
 20
89.43939722222221
 30
0.0
 10
387.4748127777778
 20
89.43939722222221
 30
0.0
 10
389.8243127777778
 20
87.08989722222222
 30
0.0
 10
389.8243127777778
 20
84.19006388888889
 30
0.0
 10
389.8243127777778
 20
81.29023055555555
 30
0.0
 10
387.4748127777778
 20
78.94073055555555
 30
0.0
 10
384.5749794444444
 20
78.94073055555555
 30
0.0
  0
SPLINE
  5
1C3
330
1F
100
AcDbEntity
  8
DEFAULT
 62
     1
100
AcDbSpline
210
0.0
220
0.0
230
1.0
 70
    11
 71
     3
 72
   119
 73
   115
 74
     0
 42
0.000000001
 43
0.0000000001
 40
8.5
 40
8.5
 40
8.5
 40
8.5
 40
33.44
 40
33.44
 40
33.44
 40
41.94
 40
41.94
 40
41.94
 40
65.61500000000001
 40
65.61500000000001
 40
65.61500000000001
 40
76.82500000000005
 40
76.82500000000005
 40
76.82500000000005
 40
85.33500000000004
 40
85.33500000000004
 40
85.33500000000004
 40
105.0450000000001
 40
105.0450000000001
 40
105.0450000000001
 40
113.5550000000001
 40
113.5550000000001
 40
113.5550000000001
 40
133.2750000000001
 40
133.2750000000001
 40
133.2750000000001
 40
141.7850000000001
 40
141.7850000000001
 40
141.7850000000001
 40
161.4949999999999
 40
161.4949999999999
 40
161.4949999999999
 40
170.0049999999999
 40
170.0049999999999
 40
170.0049999999999
 40
189.7149999999999
 40
189.7149999999999
 40
189.7149999999999
 40
198.2249999999999
 40
198.2249999999999
 40
198.2249999999999
 40
217.9359999999999
 40
217.9359999999999
 40
217.9359999999999
 40
226.4459999999999
 40
226.4459999999999
 40
226.4459999999999
 40
237.654
 40
237.654
 40
237.654
 40
261.329
 40
261.329
 40
261.329
 40
269.84
 40
269.84
 40
269.84
 40
294.78
 40
294.78
 40
294.78
 40
303.2909999999999
 40
303.2909999999999
 40
303.2909999999999
 40
326.5409999999999
 40
326.5409999999999
 40
326.5409999999999
 40
335.0519999999999
 40
335.0519999999999
 40
335.0519999999999
 40
359.9909999999999
 40
359.9909999999999
 40
359.9909999999999
 40
368.5019999999999
 40
368.5019999999999
 40
368.5019999999999
 40
391.7519999999999
 40
391.7519999999999
 40
391.7519999999999
 40
400.2629999999999
 40
400.2629999999999
 40
400.2629999999999
 40
425.2039999999998
 40
425.2039999999998
 40
425.2039999999998
 40
433.7149999999998
 40
433.7149999999998
 40
433.7149999999998
 40
457.3899999999998
 40
457.3899999999998
 40
457.3899999999998
 40
542.6399999999999
 40
542.6399999999999
 40
542.6399999999999
 40
543.6399999999999
 40
543.6399999999999
 40
543.6399999999999
 40
552.1399999999999
 40
552.1399999999999
 40
552.1399999999999
 40
575.3899999999999
 40
575.3899999999999
 40
575.3899999999999
 40
583.8899999999999
 40
583.8899999999999
 40
583.8899999999999
 40
608.829
 40
608.829
 40
608.829
 40
617.329
 40
617.329
 40
617.329
 40
640.579
 40
640.579
 40
640.579
 40
649.079
 40
649.079
 40
649.079
 40
649.079
 10
400.1781641666666
 20
116.294535
 30
0.0
 10
400.1781641666666
 20
119.2272942592592
 30
0.0
 10
400.1781641666666
 20
122.1600535185185
 30
0.0
 10
400.1781641666666
 20
125.0928127777778
 30
0.0
 10
399.1786271296296
 20
125.0928127777778
 30
0.0
 10
398.1790900925926
 20
125.0928127777778
 30
0.0
 10
397.1795530555555
 20
125.0928127777778
 30
0.0
 10
397.1795530555555
 20
127.8768174074074
 30
0.0
 10
397.1795530555555
 20
130.660822037037
 30
0.0
 10
397.1795530555555
 20
133.4448266666666
 30
0.0
 10
395.8613400925926
 20
133.4448266666666
 30
0.0
 10
394.5431271296296
 20
133.4448266666666
 30
0.0
 10
393.2249141666666
 20
133.4448266666666
 30
0.0
 10
393.2249141666666
 20
132.4441137037037
 30
0.0
 10
393.2249141666666
 20
131.4434007407407
 30
0.0
 10
393.2249141666666
 20
130.4426877777778
 30
0.0
 10
390.9071641666666
 20
130.4426877777778
 30
0.0
 10
388.5894141666666
 20
130.4426877777778
 30
0.0
 10
386.2716641666666
 20
130.4426877777778
 30
0.0
 10
386.2716641666666
 20
131.4434007407407
 30
0.0
 10
386.2716641666666
 20
132.4441137037037
 30
0.0
 10
386.2716641666666
 20
133.4448266666666
 30
0.0
 10
383.9527382407406
 20
133.4448266666666
 30
0.0
 10
381.6338123148147
 20
133.4448266666666
 30
0.0
 10
379.3148863888889
 20
133.4448266666666
 30
0.0
 10
379.3148863888889
 20
132.4441137037037
 30
0.0
 10
379.3148863888889
 20
131.4434007407407
 30
0.0
 10
379.3148863888889
 20
130.4426877777778
 30
0.0
 10
376.9971363888888
 20
130.4426877777778
 30
0.0
 10
374.6793863888889
 20
130.4426877777778
 30
0.0
 10
372.3616363888889
 20
130.4426877777778
 30
0.0
 10
372.3616363888889
 20
131.4434007407407
 30
0.0
 10
372.3616363888889
 20
132.4441137037037
 30
0.0
 10
372.3616363888889
 20
133.4448266666666
 30
0.0
 10
370.0438863888889
 20
133.4448266666666
 30
0.0
 10
367.7261363888888
 20
133.4448266666666
 30
0.0
 10
365.4083863888889
 20
133.4448266666666
 30
0.0
 10
365.4083863888889
 20
132.4441137037037
 30
0.0
 10
365.4083863888889
 20
131.4434007407407
 30
0.0
 10
365.4083863888889
 20
130.4426877777778
 30
0.0
 10
363.0905187962962
 20
130.4426877777778
 30
0.0
 10
360.7726512037037
 20
130.4426877777778
 30
0.0
 10
358.4547836111112
 20
130.4426877777778
 30
0.0
 10
358.4547836111112
 20
131.4434007407407
 30
0.0
 10
358.4547836111112
 20
132.4441137037037
 30
0.0
 10
358.4547836111112
 20
133.4448266666666
 30
0.0
 10
357.1368058333333
 20
133.4448266666666
 30
0.0
 10
355.8188280555555
 20
133.4448266666666
 30
0.0
 10
354.5008502777777
 20
133.4448266666666
 30
0.0
 10
354.5008502777777
 20
130.660822037037
 30
0.0
 10
354.5008502777777
 20
127.8768174074074
 30
0.0
 10
354.5008502777777
 20
125.0928127777778
 30
0.0
 10
353.5000197222221
 20
125.0928127777778
 30
0.0
 10
352.4991891666666
 20
125.0928127777778
 30
0.0
 10
351.4983586111111
 20
125.0928127777778
 30
0.0
 10
351.4983586111111
 20
122.1600535185185
 30
0.0
 10
351.4983586111111
 20
119.2272942592592
 30
0.0
 10
351.4983586111111
 20
116.294535
 30
0.0
 10
352.4991891666666
 20
116.294535
 30
0.0
 10
353.5000197222221
 20
116.294535
 30
0.0
 10
354.5008502777777
 20
116.294535
 30
0.0
 10
354.5008502777777
 20
113.5605072222222
 30
0.0
 10
354.5008502777777
 20
110.8264794444444
 30
0.0
 10
354.5008502777777
 20
108.0924516666666
 30
0.0
 10
353.5000197222221
 20
108.0924516666666
 30
0.0
 10
352.4991891666666
 20
108.0924516666666
 30
0.0
 10
351.4983586111111
 20
108.0924516666666
 30
0.0
 10
351.4983586111111
 20
105.15981
 30
0.0
 10
351.4983586111111
 20
102.2271683333333
 30
0.0
 10
351.4983586111111
 20
99.29452666666664
 30
0.0
 10
352.4991891666666
 20
99.29452666666664
 30
0.0
 10
353.5000197222221
 20
99.29452666666664
 30
0.0
 10
354.5008502777777
 20
99.29452666666664
 30
0.0
 10
354.5008502777777
 20
96.56049888888886
 30
0.0
 10
354.5008502777777
 20
93.82647111111108
 30
0.0
 10
354.5008502777777
 20
91.09244333333329
 30
0.0
 10
353.5000197222221
 20
91.09244333333329
 30
0.0
 10
352.4991891666666
 20
91.09244333333329
 30
0.0
 10
351.4983586111111
 20
91.09244333333329
 30
0.0
 10
351.4983586111111
 20
88.15956648148146
 30
0.0
 10
351.4983586111111
 20
85.22668962962963
 30
0.0
 10
351.4983586111111
 20
82.29381277777777
 30
0.0
 10
352.4991891666666
 20
82.29381277777777
 30
0.0
 10
353.5000197222221
 20
82.29381277777777
 30
0.0
 10
354.5008502777777
 20
82.29381277777777
 30
0.0
 10
354.5008502777777
 20
79.50980814814814
 30
0.0
 10
354.5008502777777
 20
76.72580351851852
 30
0.0
 10
354.5008502777777
 20
73.94179888888888
 30
0.0
 10
364.5256187962962
 20
73.94179888888888
 30
0.0
 10
374.5503873148147
 20
73.94179888888888
 30
0.0
 10
384.5751558333333
 20
73.94179888888888
 30
0.0
 10
393.2005725
 20
73.94179888888888
 30
0.0
 10
400.1781641666666
 20
80.20536833333333
 30
0.0
 10
400.1781641666666
 20
91.0924433333333
 30
0.0
 10
399.1786271296296
 20
91.09244333333329
 30
0.0
 10
398.1790900925926
 20
91.09244333333329
 30
0.0
 10
397.1795530555555
 20
91.0924433333333
 30
0.0
 10
397.1795530555555
 20
93.82647111111108
 30
0.0
 10
397.1795530555555
 20
96.56049888888886
 30
0.0
 10
397.1795530555555
 20
99.29452666666664
 30
0.0
 10
398.1790900925926
 20
99.29452666666664
 30
0.0
 10
399.1786271296296
 20
99.29452666666664
 30
0.0
 10
400.1781641666666
 20
99.29452666666664
 30
0.0
 10
400.1781641666666
 20
102.2271683333333
 30
0.0
 10
400.1781641666666
 20
105.15981
 30
0.0
 10
400.1781641666666
 20
108.0924516666666
 30
0.0
 10
399.1786271296296
 20
108.0924516666666
 30
0.0
 10
398.1790900925926
 20
108.0924516666666
 30
0.0
 10
397.1795530555555
 20
108.0924516666666
 30
0.0
 10
397.1795530555555
 20
110.8264794444444
 30
0.0
 10
397.1795530555555
 20
113.5605072222222
 30
0.0
 10
397.1795530555555
 20
116.294535
 30
0.0
 10
398.1790900925926
 20
116.294535
 30
0.0
 10
399.1786271296296
 20
116.294535
 30
0.0
 10
400.1781641666666
 20
116.294535
 30
0.0
  0
POLYLINE
  5
1C4
330
1F
100
AcDbEntity
  8
DEFAULT
 62
     1
100
AcDb2dPolyline
 66
     1
 10
0.0
 20
0.0
 30
0.0
 70
     1
  0
VERTEX
  5
1C5
330
1C4
100
AcDbEntity
  8
DEFAULT
 62
     1
100
AcDbVertex
100
AcDb2dVertex
 10
463.5813972222222
 20
9.774413888888889
 30
0.0
  0
VERTEX
  5
1C6
330
1C4
100
AcDbEntity
  8
DEFAULT
 62
     1
100
AcDbVertex
100
AcDb2dVertex
 10
243.5814138888889
 20
9.774413888888889
 30
0.0
  0
VERTEX
  5
1C7
330
1C4
100
AcDbEntity
  8
DEFAULT
 62
     1
100
AcDbVertex
100
AcDb2dVertex
 10
243.5814138888889
 20
139.7744361111111
 30
0.0
  0
VERTEX
  5
1C8
330
1C4
100
AcDbEntity
  8
DEFAULT
 62
     1
100
AcDbVertex
100
AcDb2dVertex
 10
463.5813972222222
 20
139.7744361111111
 30
0.0
  0
SEQEND
  5
1C9
330
1C4
100
AcDbEntity
  8
DEFAULT
 62
     1
  0
SPLINE
  5
1CA
330
1F
100
AcDbEntity
  8
DEFAULT
 62
     1
100
AcDbSpline
210
0.0
220
0.0
230
1.0
 70
    11
 71
     3
 72
    17
 73
    13
 74
     0
 42
0.000000001
 43
0.0000000001
 40
0.0
 40
0.0
 40
0.0
 40
0.0
 40
1.0
 40
1.0
 40
1.0
 40
2.0
 40
2.0
 40
2.0
 40
3.0
 40
3.0
 40
3.0
 40
4.0
 40
4.0
 40
4.0
 40
4.0
 10
363.7366430555555
 20
24.35905861111111
 30
0.0
 10
360.8364569444444
 20
24.35905861111111
 30
0.0
 10
358.4869569444444
 20
26.70855861111111
 30
0.0
 10
358.4869569444444
 20
29.60839194444444
 30
0.0
 10
358.4869569444444
 20
32.50822527777778
 30
0.0
 10
360.8364569444444
 20
34.85772527777777
 30
0.0
 10
363.7366430555555
 20
34.85772527777777
 30
0.0
 10
366.6364763888889
 20
34.85772527777777
 30
0.0
 10
368.9859763888889
 20
32.50822527777778
 30
0.0
 10
368.9859763888889
 20
29.60839194444444
 30
0.0
 10
368.9859763888889
 20
26.70855861111111
 30
0.0
 10
366.6364763888889
 20
24.35905861111111
 30
0.0
 10
363.7366430555555
 20
24.35905861111111
 30
0.0
  0
SPLINE
  5
1CB
330
1F
100
AcDbEntity
  8
DEFAULT
 62
     1
100
AcDbSpline
210
0.0
220
0.0
230
1.0
 70
    11
 71
     3
 72
    83
 73
    79
 74
     0
 42
0.000000001
 43
0.0000000001
 40
1.0
 40
1.0
 40
1.0
 40
1.0
 40
19.61899999999991
 40
19.61899999999991
 40
19.61899999999991
 40
20.61899999999991
 40
20.61899999999991
 40
20.61899999999991
 40
40.15899999999991
 40
40.15899999999991
 40
40.15899999999991
 40
48.65899999999991
 40
48.65899999999991
 40
48.65899999999991
 40
68.1879999999999
 40
68.1879999999999
 40
68.1879999999999
 40
76.6879999999999
 40
76.6879999999999
 40
76.6879999999999
 40
96.2289999999999
 40
96.2289999999999
 40
96.2289999999999
 40
104.7289999999999
 40
104.7289999999999
 40
104.7289999999999
 40
124.2689999999999
 40
124.2689999999999
 40
124.2689999999999
 40
132.7689999999999
 40
132.7689999999999
 40
132.7689999999999
 40
152.3089999999999
 40
152.3089999999999
 40
152.3089999999999
 40
160.8089999999999
 40
160.8089999999999
 40
160.8089999999999
 40
180.3489999999999
 40
180.3489999999999
 40
180.3489999999999
 40
188.8489999999999
 40
188.8489999999999
 40
188.8489999999999
 40
208.3889999999999
 40
208.3889999999999
 40
208.3889999999999
 40
221.7099999999998
 40
221.7099999999998
 40
221.7099999999998
 40
230.2199999999999
 40
230.2199999999999
 40
230.2199999999999
 40
243.5399999999998
 40
243.5399999999998
 40
243.5399999999998
 40
252.0499999999998
 40
252.0499999999998
 40
252.0499999999998
 40
265.369
 40
265.369
 40
265.369
 40
273.879
 40
273.879
 40
273.879
 40
287.2089999999999
 40
287.2089999999999
 40
287.2089999999999
 40
295.7189999999999
 40
295.7189999999999
 40
295.7189999999999
 40
309.04
 40
309.04
 40
309.04
 40
425.48
 40
425.48
 40
425.48
 40
426.48
 40
426.48
 40
426.48
 40
426.48
 10
363.7366430555555
 20
19.36023277777777
 30
0.0
 10
365.926099537037
 20
19.36023277777777
 30
0.0
 10
368.1155560185184
 20
19.36023277777777
 30
0.0
 10
370.3050124999999
 20
19.36023277777777
 30
0.0
 10
373.998948611111
 20
19.36023277777777
 30
0.0
 10
376.983448611111
 20
20.73606611111111
 30
0.0
 10
376.983448611111
 20
22.436455
 30
0.0
 10
376.983448611111
 20
24.73421425925926
 30
0.0
 10
376.983448611111
 20
27.03197351851852
 30
0.0
 10
376.983448611111
 20
29.32973277777777
 30
0.0
 10
375.983911574074
 20
29.32973277777777
 30
0.0
 10
374.984374537037
 20
29.32973277777777
 30
0.0
 10
373.9848374999999
 20
29.32973277777777
 30
0.0
 10
373.9848374999999
 20
31.62619851851852
 30
0.0
 10
373.9848374999999
 20
33.92266425925926
 30
0.0
 10
373.9848374999999
 20
36.21912999999999
 30
0.0
 10
374.984374537037
 20
36.21912999999999
 30
0.0
 10
375.983911574074
 20
36.21912999999999
 30
0.0
 10
376.983448611111
 20
36.21912999999999
 30
0.0
 10
376.983448611111
 20
38.51700685185184
 30
0.0
 10
376.983448611111
 20
40.81488370370369
 30
0.0
 10
376.983448611111
 20
43.11276055555555
 30
0.0
 10
375.983911574074
 20
43.11276055555555
 30
0.0
 10
374.984374537037
 20
43.11276055555555
 30
0.0
 10
373.9848374999999
 20
43.11276055555555
 30
0.0
 10
373.9848374999999
 20
45.41051981481481
 30
0.0
 10
373.9848374999999
 20
47.70827907407406
 30
0.0
 10
373.9848374999999
 20
50.00603833333333
 30
0.0
 10
374.984374537037
 20
50.00603833333333
 30
0.0
 10
375.983911574074
 20
50.00603833333333
 30
0.0
 10
376.983448611111
 20
50.00603833333333
 30
0.0
 10
376.983448611111
 20
52.30379759259259
 30
0.0
 10
376.983448611111
 20
54.60155685185185
 30
0.0
 10
376.983448611111
 20
56.8993161111111
 30
0.0
 10
375.983911574074
 20
56.89931611111111
 30
0.0
 10
374.984374537037
 20
56.89931611111111
 30
0.0
 10
373.9848374999999
 20
56.8993161111111
 30
0.0
 10
373.9848374999999
 20
59.19707537037036
 30
0.0
 10
373.9848374999999
 20
61.49483462962962
 30
0.0
 10
373.9848374999999
 20
63.79259388888888
 30
0.0
 10
374.984374537037
 20
63.79259388888888
 30
0.0
 10
375.983911574074
 20
63.79259388888888
 30
0.0
 10
376.983448611111
 20
63.79259388888888
 30
0.0
 10
376.983448611111
 20
66.09035314814814
 30
0.0
 10
376.983448611111
 20
68.3881124074074
 30
0.0
 10
376.983448611111
 20
70.68587166666667
 30
0.0
 10
375.4169976851852
 20
70.68587166666667
 30
0.0
 10
373.8505467592593
 20
70.68587166666667
 30
0.0
 10
372.2840958333333
 20
70.68587166666667
 30
0.0
 10
372.2840958333333
 20
69.68515870370369
 30
0.0
 10
372.2840958333333
 20
68.68444574074073
 30
0.0
 10
372.2840958333333
 20
67.68373277777776
 30
0.0
 10
370.7177625
 20
67.68373277777776
 30
0.0
 10
369.1514291666667
 20
67.68373277777776
 30
0.0
 10
367.5850958333333
 20
67.68373277777776
 30
0.0
 10
367.5850958333333
 20
68.68444574074073
 30
0.0
 10
367.5850958333333
 20
69.68515870370369
 30
0.0
 10
367.5850958333333
 20
70.68587166666667
 30
0.0
 10
366.0188800925926
 20
70.68587166666667
 30
0.0
 10
364.4526643518518
 20
70.68587166666667
 30
0.0
 10
362.886448611111
 20
70.68587166666667
 30
0.0
 10
362.886448611111
 20
69.68515870370369
 30
0.0
 10
362.886448611111
 20
68.68444574074073
 30
0.0
 10
362.886448611111
 20
67.68373277777776
 30
0.0
 10
361.3189393518517
 20
67.68373277777776
 30
0.0
 10
359.7514300925925
 20
67.68373277777776
 30
0.0
 10
358.1839208333333
 20
67.68373277777776
 30
0.0
 10
358.1839208333333
 20
68.68444574074073
 30
0.0
 10
358.1839208333333
 20
69.68515870370369
 30
0.0
 10
358.1839208333333
 20
70.68587166666667
 30
0.0
 10
356.6174699074074
 20
70.68587166666667
 30
0.0
 10
355.0510189814815
 20
70.68587166666667
 30
0.0
 10
353.4845680555555
 20
70.68587166666667
 30
0.0
 10
353.4845680555555
 20
56.99339018518518
 30
0.0
 10
353.4845680555555
 20
43.3009087037037
 30
0.0
 10
353.4845680555555
 20
29.60842722222222
 30
0.0
 10
353.4845680555555
 20
23.94281611111111
 30
0.0
 10
358.0706791666666
 20
19.36023277777777
 30
0.0
 10
363.7366430555555
 20
19.36023277777777
 30
0.0
  0
SPLINE
  5
1CC
330
1F
100
AcDbEntity
  8
DEFAULT
 62
     1
100
AcDbSpline
210
0.0
220
0.0
230
1.0
 70
    11
 71
     3
 72
    17
 73
    13
 74
     0
 42
0.000000001
 43
0.0000000001
 40
0.0
 40
0.0
 40
0.0
 40
0.0
 40
1.0
 40
1.0
 40
1.0
 40
2.0
 40
2.0
 40
2.0
 40
3.0
 40
3.0
 40
3.0
 40
4.0
 40
4.0
 40
4.0
 40
4.0
 10
335.7293683333333
 20
29.60835666666666
 30
0.0
 10
335.7293683333333
 20
32.50818999999999
 30
0.0
 10
338.0788683333333
 20
34.85768999999999
 30
0.0
 10
340.9787016666667
 20
34.85768999999999
 30
0.0
 10
343.8788877777778
 20
34.85768999999999
 30
0.0
 10
346.2283877777778
 20
32.50818999999999
 30
0.0
 10
346.2283877777778
 20
29.60835666666666
 30
0.0
 10
346.2283877777778
 20
26.70852333333333
 30
0.0
 10
343.8788877777778
 20
24.35902333333333
 30
0.0
 10
340.9787016666667
 20
24.35902333333333
 30
0.0
 10
338.0788683333333
 20
24.35902333333333
 30
0.0
 10
335.7293683333333
 20
26.70852333333333
 30
0.0
 10
335.7293683333333
 20
29.60835666666666
 30
0.0
  0
SPLINE
  5
1CD
330
1F
100
AcDbEntity
  8
DEFAULT
 62
     1
100
AcDbSpline
210
0.0
220
0.0
230
1.0
 70
    11
 71
     3
 72
    83
 73
    79
 74
     0
 42
0.000000001
 43
0.0000000001
 40
1.0
 40
1.0
 40
1.0
 40
1.0
 40
117.44
 40
117.44
 40
117.44
 40
130.76
 40
130.76
 40
130.76
 40
139.27
 40
139.27
 40
139.27
 40
152.6
 40
152.6
 40
152.6
 40
161.11
 40
161.11
 40
161.11
 40
174.43
 40
174.43
 40
174.43
 40
182.94
 40
182.94
 40
182.94
 40
196.2599999999999
 40
196.2599999999999
 40
196.2599999999999
 40
204.7699999999999
 40
204.7699999999999
 40
204.7699999999999
 40
218.09
 40
218.09
 40
218.09
 40
237.6299999999999
 40
237.6299999999999
 40
237.6299999999999
 40
246.1299999999999
 40
246.1299999999999
 40
246.1299999999999
 40
265.67
 40
265.67
 40
265.67
 40
274.17
 40
274.17
 40
274.17
 40
293.7099999999999
 40
293.7099999999999
 40
293.7099999999999
 40
302.2099999999999
 40
302.2099999999999
 40
302.2099999999999
 40
321.7499999999999
 40
321.7499999999999
 40
321.7499999999999
 40
330.2499999999999
 40
330.2499999999999
 40
330.2499999999999
 40
349.7909999999999
 40
349.7909999999999
 40
349.7909999999999
 40
358.2909999999999
 40
358.2909999999999
 40
358.2909999999999
 40
377.8199999999999
 40
377.8199999999999
 40
377.8199999999999
 40
386.3199999999999
 40
386.3199999999999
 40
386.3199999999999
 40
405.8599999999999
 40
405.8599999999999
 40
405.8599999999999
 40
406.8599999999999
 40
406.8599999999999
 40
406.8599999999999
 40
425.4789999999998
 40
425.4789999999998
 40
425.4789999999998
 40
426.4789999999998
 40
426.4789999999998
 40
426.4789999999998
 40
426.4789999999998
 10
351.2306002777777
 20
29.60835666666666
 30
0.0
 10
351.2306002777777
 20
43.30083814814814
 30
0.0
 10
351.2306002777777
 20
56.99331962962962
 30
0.0
 10
351.2306002777777
 20
70.6858011111111
 30
0.0
 10
349.6642669444444
 20
70.6858011111111
 30
0.0
 10
348.097933611111
 20
70.6858011111111
 30
0.0
 10
346.5316002777777
 20
70.6858011111111
 30
0.0
 10
346.5316002777777
 20
69.68508814814815
 30
0.0
 10
346.5316002777777
 20
68.68437518518517
 30
0.0
 10
346.5316002777777
 20
67.68366222222221
 30
0.0
 10
344.9640910185184
 20
67.68366222222221
 30
0.0
 10
343.3965817592592
 20
67.68366222222221
 30
0.0
 10
341.8290724999999
 20
67.68366222222221
 30
0.0
 10
341.8290724999999
 20
68.68437518518517
 30
0.0
 10
341.8290724999999
 20
69.68508814814815
 30
0.0
 10
341.8290724999999
 20
70.6858011111111
 30
0.0
 10
340.2627391666666
 20
70.6858011111111
 30
0.0
 10
338.6964058333332
 20
70.6858011111111
 30
0.0
 10
337.1300724999999
 20
70.6858011111111
 30
0.0
 10
337.1300724999999
 20
69.68508814814815
 30
0.0
 10
337.1300724999999
 20
68.68437518518517
 30
0.0
 10
337.1300724999999
 20
67.68366222222221
 30
0.0
 10
335.5637391666666
 20
67.68366222222221
 30
0.0
 10
333.9974058333333
 20
67.68366222222221
 30
0.0
 10
332.4310725
 20
67.68366222222221
 30
0.0
 10
332.4310725
 20
68.68437518518517
 30
0.0
 10
332.4310725
 20
69.68508814814815
 30
0.0
 10
332.4310725
 20
70.6858011111111
 30
0.0
 10
330.8647391666667
 20
70.6858011111111
 30
0.0
 10
329.2984058333333
 20
70.6858011111111
 30
0.0
 10
327.7320725
 20
70.6858011111111
 30
0.0
 10
327.7320725
 20
68.38804185185184
 30
0.0
 10
327.7320725
 20
66.09028259259259
 30
0.0
 10
327.7320725
 20
63.79252333333333
 30
0.0
 10
328.731609537037
 20
63.79252333333333
 30
0.0
 10
329.731146574074
 20
63.79252333333333
 30
0.0
 10
330.730683611111
 20
63.79252333333333
 30
0.0
 10
330.730683611111
 20
61.49476407407408
 30
0.0
 10
330.730683611111
 20
59.19700481481481
 30
0.0
 10
330.730683611111
 20
56.89924555555555
 30
0.0
 10
329.731146574074
 20
56.89924555555555
 30
0.0
 10
328.731609537037
 20
56.89924555555555
 30
0.0
 10
327.7320725
 20
56.89924555555555
 30
0.0
 10
327.7320725
 20
54.60148629629629
 30
0.0
 10
327.7320725
 20
52.30372703703703
 30
0.0
 10
327.7320725
 20
50.00596777777778
 30
0.0
 10
328.731609537037
 20
50.00596777777778
 30
0.0
 10
329.731146574074
 20
50.00596777777778
 30
0.0
 10
330.730683611111
 20
50.00596777777778
 30
0.0
 10
330.730683611111
 20
47.70820851851852
 30
0.0
 10
330.730683611111
 20
45.41044925925926
 30
0.0
 10
330.730683611111
 20
43.11268999999999
 30
0.0
 10
329.731146574074
 20
43.11268999999999
 30
0.0
 10
328.731609537037
 20
43.11268999999999
 30
0.0
 10
327.7320725
 20
43.11268999999999
 30
0.0
 10
327.7320725
 20
40.81481314814814
 30
0.0
 10
327.7320725
 20
38.51693629629629
 30
0.0
 10
327.7320725
 20
36.21905944444444
 30
0.0
 10
328.731609537037
 20
36.21905944444444
 30
0.0
 10
329.731146574074
 20
36.21905944444444
 30
0.0
 10
330.730683611111
 20
36.21905944444444
 30
0.0
 10
330.730683611111
 20
33.9225937037037
 30
0.0
 10
330.730683611111
 20
31.62612796296295
 30
0.0
 10
330.730683611111
 20
29.32966222222221
 30
0.0
 10
329.731146574074
 20
29.32966222222221
 30
0.0
 10
328.731609537037
 20
29.32966222222221
 30
0.0
 10
327.7320725
 20
29.32966222222221
 30
0.0
 10
327.7320725
 20
27.03190296296296
 30
0.0
 10
327.7320725
 20
24.7341437037037
 30
0.0
 10
327.7320725
 20
22.43638444444444
 30
0.0
 10
327.7320725
 20
20.73599555555555
 30
0.0
 10
330.7165725
 20
19.36016222222222
 30
0.0
 10
334.4101558333333
 20
19.36016222222222
 30
0.0
 10
336.5996123148148
 20
19.36016222222222
 30
0.0
 10
338.7890687962962
 20
19.36016222222222
 30
0.0
 10
340.9785252777777
 20
19.36016222222222
 30
0.0
 10
346.6444891666666
 20
19.36016222222222
 30
0.0
 10
351.2306002777777
 20
23.94274555555555
 30
0.0
 10
351.2306002777777
 20
29.60835666666666
 30
0.0
  0
POLYLINE
  5
1CE
330
1F
100
AcDbEntity
  8
DEFAULT
 62
     1
100
AcDb2dPolyline
 66
     1
 10
0.0
 20
0.0
 30
0.0
 70
     1
  0
VERTEX
  5
1CF
330
1CE
100
AcDbEntity
  8
DEFAULT
 62
     1
100
AcDbVertex
100
AcDb2dVertex
 10
412.9281174999999
 20
25.00467722222222
 30
0.0
  0
VERTEX
  5
1D0
330
1CE
100
AcDbEntity
  8
DEFAULT
 62
     1
100
AcDbVertex
100
AcDb2dVertex
 10
404.4297008333333
 20
25.00467722222222
 30
0.0
  0
VERTEX
  5
1D1
330
1CE
100
AcDbEntity
  8
DEFAULT
 62
     1
100
AcDbVertex
100
AcDb2dVertex
 10
404.4297008333333
 20
22.00253833333333
 30
0.0
  0
VERTEX
  5
1D2
330
1CE
100
AcDbEntity
  8
DEFAULT
 62
     1
100
AcDbVertex
100
AcDb2dVertex
 10
395.9277563888888
 20
22.00253833333333
 30
0.0
  0
VERTEX
  5
1D3
330
1CE
100
AcDbEntity
  8
DEFAULT
 62
     1
100
AcDbVertex
100
AcDb2dVertex
 10
395.9277563888888
 20
25.00467722222222
 30
0.0
  0
VERTEX
  5
1D4
330
1CE
100
AcDbEntity
  8
DEFAULT
 62
     1
100
AcDbVertex
100
AcDb2dVertex
 10
387.4289869444444
 20
25.00467722222222
 30
0.0
  0
VERTEX
  5
1D5
330
1CE
100
AcDbEntity
  8
DEFAULT
 62
     1
100
AcDbVertex
100
AcDb2dVertex
 10
387.4289869444444
 20
22.00253833333333
 30
0.0
  0
VERTEX
  5
1D6
330
1CE
100
AcDbEntity
  8
DEFAULT
 62
     1
100
AcDbVertex
100
AcDb2dVertex
 10
378.9270424999999
 20
22.00253833333333
 30
0.0
  0
VERTEX
  5
1D7
330
1CE
100
AcDbEntity
  8
DEFAULT
 62
     1
100
AcDbVertex
100
AcDb2dVertex
 10
378.9270424999999
 20
70.68587166666667
 30
0.0
  0
VERTEX
  5
1D8
330
1CE
100
AcDbEntity
  8
DEFAULT
 62
     1
100
AcDbVertex
100
AcDb2dVertex
 10
387.4289869444444
 20
70.68587166666667
 30
0.0
  0
VERTEX
  5
1D9
330
1CE
100
AcDbEntity
  8
DEFAULT
 62
     1
100
AcDbVertex
100
AcDb2dVertex
 10
387.4289869444444
 20
67.68338
 30
0.0
  0
VERTEX
  5
1DA
330
1CE
100
AcDbEntity
  8
DEFAULT
 62
     1
100
AcDbVertex
100
AcDb2dVertex
 10
395.9277563888888
 20
67.68338
 30
0.0
  0
VERTEX
  5
1DB
330
1CE
100
AcDbEntity
  8
DEFAULT
 62
     1
100
AcDbVertex
100
AcDb2dVertex
 10
395.9277563888888
 20
70.68587166666667
 30
0.0
  0
VERTEX
  5
1DC
330
1CE
100
AcDbEntity
  8
DEFAULT
 62
     1
100
AcDbVertex
100
AcDb2dVertex
 10
404.4297008333333
 20
70.68587166666667
 30
0.0
  0
VERTEX
  5
1DD
330
1CE
100
AcDbEntity
  8
DEFAULT
 62
     1
100
AcDbVertex
100
AcDb2dVertex
 10
404.4297008333333
 20
67.68338
 30
0.0
  0
VERTEX
  5
1DE
330
1CE
100
AcDbEntity
  8
DEFAULT
 62
     1
100
AcDbVertex
100
AcDb2dVertex
 10
412.9281174999999
 20
67.68338
 30
0.0
  0
VERTEX
  5
1DF
330
1CE
100
AcDbEntity
  8
DEFAULT
 62
     1
100
AcDbVertex
100
AcDb2dVertex
 10
412.9281174999999
 20
70.68587166666667
 30
0.0
  0
VERTEX
  5
1E0
330
1CE
100
AcDbEntity
  8
DEFAULT
 62
     1
100
AcDbVertex
100
AcDb2dVertex
 10
421.4297091666666
 20
70.68587166666667
 30
0.0
  0
VERTEX
  5
1E1
330
1CE
100
AcDbEntity
  8
DEFAULT
 62
     1
100
AcDbVertex
100
AcDb2dVertex
 10
421.4297091666666
 20
63.72909388888889
 30
0.0
  0
VERTEX
  5
1E2
330
1CE
100
AcDbEntity
  8
DEFAULT
 62
     1
100
AcDbVertex
100
AcDb2dVertex
 10
418.4279230555555
 20
63.72909388888889
 30
0.0
  0
VERTEX
  5
1E3
330
1CE
100
AcDbEntity
  8
DEFAULT
 62
     1
100
AcDbVertex
100
AcDb2dVertex
 10
418.4279230555555
 20
56.77549111111111
 30
0.0
  0
VERTEX
  5
1E4
330
1CE
100
AcDbEntity
  8
DEFAULT
 62
     1
100
AcDbVertex
100
AcDb2dVertex
 10
421.4297091666666
 20
56.77549111111111
 30
0.0
  0
VERTEX
  5
1E5
330
1CE
100
AcDbEntity
  8
DEFAULT
 62
     1
100
AcDbVertex
100
AcDb2dVertex
 10
421.4297091666666
 20
49.82259388888888
 30
0.0
  0
VERTEX
  5
1E6
330
1CE
100
AcDbEntity
  8
DEFAULT
 62
     1
100
AcDbVertex
100
AcDb2dVertex
 10
418.4279230555555
 20
49.82259388888888
 30
0.0
  0
VERTEX
  5
1E7
330
1CE
100
AcDbEntity
  8
DEFAULT
 62
     1
100
AcDbVertex
100
AcDb2dVertex
 10
418.4279230555555
 20
42.86581611111111
 30
0.0
  0
VERTEX
  5
1E8
330
1CE
100
AcDbEntity
  8
DEFAULT
 62
     1
100
AcDbVertex
100
AcDb2dVertex
 10
421.4297091666666
 20
42.86581611111111
 30
0.0
  0
VERTEX
  5
1E9
330
1CE
100
AcDbEntity
  8
DEFAULT
 62
     1
100
AcDbVertex
100
AcDb2dVertex
 10
421.4297091666666
 20
35.91256611111111
 30
0.0
  0
VERTEX
  5
1EA
330
1CE
100
AcDbEntity
  8
DEFAULT
 62
     1
100
AcDbVertex
100
AcDb2dVertex
 10
418.4279230555555
 20
35.91256611111111
 30
0.0
  0
VERTEX
  5
1EB
330
1CE
100
AcDbEntity
  8
DEFAULT
 62
     1
100
AcDbVertex
100
AcDb2dVertex
 10
418.4279230555555
 20
28.95896333333333
 30
0.0
  0
VERTEX
  5
1EC
330
1CE
100
AcDbEntity
  8
DEFAULT
 62
     1
100
AcDbVertex
100
AcDb2dVertex
 10
421.4297091666666
 20
28.95896333333333
 30
0.0
  0
VERTEX
  5
1ED
330
1CE
100
AcDbEntity
  8
DEFAULT
 62
     1
100
AcDbVertex
100
AcDb2dVertex
 10
421.4297091666666
 20
22.00253833333333
 30
0.0
  0
VERTEX
  5
1EE
330
1CE
100
AcDbEntity
  8
DEFAULT
 62
     1
100
AcDbVertex
100
AcDb2dVertex
 10
412.9281174999999
 20
22.00253833333333
 30
0.0
  0
SEQEND
  5
1EF
330
1CE
100
AcDbEntity
  8
DEFAULT
 62
     1
  0
SPLINE
  5
1F0
330
1F
100
AcDbEntity
  8
DEFAULT
 62
     1
100
AcDbSpline
210
0.0
220
0.0
230
1.0
 70
    11
 71
     3
 72
    17
 73
    13
 74
     0
 42
0.000000001
 43
0.0000000001
 40
0.0
 40
0.0
 40
0.0
 40
0.0
 40
1.0
 40
1.0
 40
1.0
 40
2.0
 40
2.0
 40
2.0
 40
3.0
 40
3.0
 40
3.0
 40
4.0
 40
4.0
 40
4.0
 40
4.0
 10
333.3295269444444
 20
103.7023791666667
 30
0.0
 10
328.3832297222222
 20
103.7023791666667
 30
0.0
 10
324.3686186111111
 20
107.7236930555555
 30
0.0
 10
324.3686186111111
 20
112.6766930555555
 30
0.0
 10
324.3686186111111
 20
117.6155819444444
 30
0.0
 10
328.3832297222222
 20
121.6337208333333
 30
0.0
 10
333.3295269444444
 20
121.6337208333333
 30
0.0
 10
338.2860547222222
 20
121.6337208333333
 30
0.0
 10
342.3038408333333
 20
117.6155819444444
 30
0.0
 10
342.3038408333333
 20
112.6766930555555
 30
0.0
 10
342.3038408333333
 20
107.7236930555555
 30
0.0
 10
338.2860547222222
 20
103.7023791666667
 30
0.0
 10
333.3295269444444
 20
103.7023791666667
 30
0.0
  0
SPLINE
  5
1F1
330
1F
100
AcDbEntity
  8
DEFAULT
 62
     1
100
AcDbSpline
210
0.0
220
0.0
230
1.0
 70
    11
 71
     3
 72
    17
 73
    13
 74
     0
 42
0.000000001
 43
0.0000000001
 40
0.0
 40
0.0
 40
0.0
 40
0.0
 40
1.0
 40
1.0
 40
1.0
 40
2.0
 40
2.0
 40
2.0
 40
3.0
 40
3.0
 40
3.0
 40
4.0
 40
4.0
 40
4.0
 40
4.0
 10
315.8349947222222
 20
106.8384325
 30
0.0
 10
312.8790697222222
 20
106.8384325
 30
0.0
 10
310.4798280555556
 20
109.2373213888889
 30
0.0
 10
310.4798280555556
 20
112.1967741666667
 30
0.0
 10
310.4798280555556
 20
115.1463491666667
 30
0.0
 10
312.8790697222222
 20
117.5487658333333
 30
0.0
 10
315.8349947222222
 20
117.5487658333333
 30
0.0
 10
318.7912725
 20
117.5487658333333
 30
0.0
 10
321.1936891666667
 20
115.1463491666667
 30
0.0
 10
321.1936891666667
 20
112.1967741666667
 30
0.0
 10
321.1936891666667
 20
109.2373213888889
 30
0.0
 10
318.7912725
 20
106.8384325
 30
0.0
 10
315.8349947222222
 20
106.8384325
 30
0.0
  0
POLYLINE
  5
1F2
330
1F
100
AcDbEntity
  8
DEFAULT
 62
     1
100
AcDb2dPolyline
 66
     1
 10
0.0
 20
0.0
 30
0.0
 70
     1
  0
VERTEX
  5
1F3
330
1F2
100
AcDbEntity
  8
DEFAULT
 62
     1
100
AcDbVertex
100
AcDb2dVertex
 10
349.9700194444444
 20
124.9430938888889
 30
0.0
  0
VERTEX
  5
1F4
330
1F2
100
AcDbEntity
  8
DEFAULT
 62
     1
100
AcDbVertex
100
AcDb2dVertex
 10
349.9700194444444
 20
133.4450383333333
 30
0.0
  0
VERTEX
  5
1F5
330
1F2
100
AcDbEntity
  8
DEFAULT
 62
     1
100
AcDbVertex
100
AcDb2dVertex
 10
343.0167694444444
 20
133.4450383333333
 30
0.0
  0
VERTEX
  5
1F6
330
1F2
100
AcDbEntity
  8
DEFAULT
 62
     1
100
AcDbVertex
100
AcDb2dVertex
 10
343.0167694444444
 20
130.4428994444444
 30
0.0
  0
VERTEX
  5
1F7
330
1F2
100
AcDbEntity
  8
DEFAULT
 62
     1
100
AcDbVertex
100
AcDb2dVertex
 10
336.0635194444445
 20
130.4428994444444
 30
0.0
  0
VERTEX
  5
1F8
330
1F2
100
AcDbEntity
  8
DEFAULT
 62
     1
100
AcDbVertex
100
AcDb2dVertex
 10
336.0635194444445
 20
133.4450383333333
 30
0.0
  0
VERTEX
  5
1F9
330
1F2
100
AcDbEntity
  8
DEFAULT
 62
     1
100
AcDbVertex
100
AcDb2dVertex
 10
329.1067416666667
 20
133.4450383333333
 30
0.0
  0
VERTEX
  5
1FA
330
1F2
100
AcDbEntity
  8
DEFAULT
 62
     1
100
AcDbVertex
100
AcDb2dVertex
 10
329.1067416666667
 20
130.4428994444444
 30
0.0
  0
VERTEX
  5
1FB
330
1F2
100
AcDbEntity
  8
DEFAULT
 62
     1
100
AcDbVertex
100
AcDb2dVertex
 10
322.1534916666666
 20
130.4428994444444
 30
0.0
  0
VERTEX
  5
1FC
330
1F2
100
AcDbEntity
  8
DEFAULT
 62
     1
100
AcDbVertex
100
AcDb2dVertex
 10
322.1534916666666
 20
133.4450383333333
 30
0.0
  0
VERTEX
  5
1FD
330
1F2
100
AcDbEntity
  8
DEFAULT
 62
     1
100
AcDbVertex
100
AcDb2dVertex
 10
315.1998888888889
 20
133.4450383333333
 30
0.0
  0
VERTEX
  5
1FE
330
1F2
100
AcDbEntity
  8
DEFAULT
 62
     1
100
AcDbVertex
100
AcDb2dVertex
 10
315.1998888888889
 20
130.4428994444444
 30
0.0
  0
VERTEX
  5
1FF
330
1F2
100
AcDbEntity
  8
DEFAULT
 62
     1
100
AcDbVertex
100
AcDb2dVertex
 10
308.2431111111111
 20
130.4428994444444
 30
0.0
  0
VERTEX
  5
200
330
1F2
100
AcDbEntity
  8
DEFAULT
 62
     1
100
AcDbVertex
100
AcDb2dVertex
 10
308.2431111111111
 20
133.4450383333333
 30
0.0
  0
VERTEX
  5
201
330
1F2
100
AcDbEntity
  8
DEFAULT
 62
     1
100
AcDbVertex
100
AcDb2dVertex
 10
301.2898611111111
 20
133.4450383333333
 30
0.0
  0
VERTEX
  5
202
330
1F2
100
AcDbEntity
  8
DEFAULT
 62
     1
100
AcDbVertex
100
AcDb2dVertex
 10
301.2898611111111
 20
124.9430938888889
 30
0.0
  0
VERTEX
  5
203
330
1F2
100
AcDbEntity
  8
DEFAULT
 62
     1
100
AcDbVertex
100
AcDb2dVertex
 10
304.2884722222222
 20
124.9430938888889
 30
0.0
  0
VERTEX
  5
204
330
1F2
100
AcDbEntity
  8
DEFAULT
 62
     1
100
AcDbVertex
100
AcDb2dVertex
 10
304.2884722222222
 20
116.4446772222222
 30
0.0
  0
VERTEX
  5
205
330
1F2
100
AcDbEntity
  8
DEFAULT
 62
     1
100
AcDbVertex
100
AcDb2dVertex
 10
301.2898611111111
 20
116.4446772222222
 30
0.0
  0
VERTEX
  5
206
330
1F2
100
AcDbEntity
  8
DEFAULT
 62
     1
100
AcDbVertex
100
AcDb2dVertex
 10
301.2898611111111
 20
107.9427327777778
 30
0.0
  0
VERTEX
  5
207
330
1F2
100
AcDbEntity
  8
DEFAULT
 62
     1
100
AcDbVertex
100
AcDb2dVertex
 10
304.2884722222222
 20
107.9427327777778
 30
0.0
  0
VERTEX
  5
208
330
1F2
100
AcDbEntity
  8
DEFAULT
 62
     1
100
AcDbVertex
100
AcDb2dVertex
 10
304.2884722222222
 20
99.4443161111111
 30
0.0
  0
VERTEX
  5
209
330
1F2
100
AcDbEntity
  8
DEFAULT
 62
     1
100
AcDbVertex
100
AcDb2dVertex
 10
301.2898611111111
 20
99.4443161111111
 30
0.0
  0
VERTEX
  5
20A
330
1F2
100
AcDbEntity
  8
DEFAULT
 62
     1
100
AcDbVertex
100
AcDb2dVertex
 10
301.2898611111111
 20
90.9420188888889
 30
0.0
  0
VERTEX
  5
20B
330
1F2
100
AcDbEntity
  8
DEFAULT
 62
     1
100
AcDbVertex
100
AcDb2dVertex
 10
304.2884722222222
 20
90.9420188888889
 30
0.0
  0
VERTEX
  5
20C
330
1F2
100
AcDbEntity
  8
DEFAULT
 62
     1
100
AcDbVertex
100
AcDb2dVertex
 10
304.2884722222222
 20
82.44360222222221
 30
0.0
  0
VERTEX
  5
20D
330
1F2
100
AcDbEntity
  8
DEFAULT
 62
     1
100
AcDbVertex
100
AcDb2dVertex
 10
301.2898611111111
 20
82.44360222222221
 30
0.0
  0
VERTEX
  5
20E
330
1F2
100
AcDbEntity
  8
DEFAULT
 62
     1
100
AcDbVertex
100
AcDb2dVertex
 10
301.2898611111111
 20
73.94201055555556
 30
0.0
  0
VERTEX
  5
20F
330
1F2
100
AcDbEntity
  8
DEFAULT
 62
     1
100
AcDbVertex
100
AcDb2dVertex
 10
311.0794444444444
 20
73.94201055555556
 30
0.0
  0
VERTEX
  5
210
330
1F2
100
AcDbEntity
  8
DEFAULT
 62
     1
100
AcDbVertex
100
AcDb2dVertex
 10
311.0794444444444
 20
90.9420188888889
 30
0.0
  0
VERTEX
  5
211
330
1F2
100
AcDbEntity
  8
DEFAULT
 62
     1
100
AcDbVertex
100
AcDb2dVertex
 10
318.6641666666667
 20
90.9420188888889
 30
0.0
  0
VERTEX
  5
212
330
1F2
100
AcDbEntity
  8
DEFAULT
 62
     1
100
AcDbVertex
100
AcDb2dVertex
 10
318.6641666666667
 20
86.46562166666666
 30
0.0
  0
VERTEX
  5
213
330
1F2
100
AcDbEntity
  8
DEFAULT
 62
     1
100
AcDbVertex
100
AcDb2dVertex
 10
332.5957138888889
 20
86.46562166666666
 30
0.0
  0
VERTEX
  5
214
330
1F2
100
AcDbEntity
  8
DEFAULT
 62
     1
100
AcDbVertex
100
AcDb2dVertex
 10
332.5957138888889
 20
90.9420188888889
 30
0.0
  0
VERTEX
  5
215
330
1F2
100
AcDbEntity
  8
DEFAULT
 62
     1
100
AcDbVertex
100
AcDb2dVertex
 10
340.1804361111111
 20
90.9420188888889
 30
0.0
  0
VERTEX
  5
216
330
1F2
100
AcDbEntity
  8
DEFAULT
 62
     1
100
AcDbVertex
100
AcDb2dVertex
 10
340.1804361111111
 20
73.94201055555556
 30
0.0
  0
VERTEX
  5
217
330
1F2
100
AcDbEntity
  8
DEFAULT
 62
     1
100
AcDbVertex
100
AcDb2dVertex
 10
349.9700194444444
 20
73.94201055555556
 30
0.0
  0
VERTEX
  5
218
330
1F2
100
AcDbEntity
  8
DEFAULT
 62
     1
100
AcDbVertex
100
AcDb2dVertex
 10
349.9700194444444
 20
82.44360222222221
 30
0.0
  0
VERTEX
  5
219
330
1F2
100
AcDbEntity
  8
DEFAULT
 62
     1
100
AcDbVertex
100
AcDb2dVertex
 10
346.9714083333333
 20
82.44360222222221
 30
0.0
  0
VERTEX
  5
21A
330
1F2
100
AcDbEntity
  8
DEFAULT
 62
     1
100
AcDbVertex
100
AcDb2dVertex
 10
346.9714083333333
 20
90.9420188888889
 30
0.0
  0
VERTEX
  5
21B
330
1F2
100
AcDbEntity
  8
DEFAULT
 62
     1
100
AcDbVertex
100
AcDb2dVertex
 10
349.9700194444444
 20
90.9420188888889
 30
0.0
  0
VERTEX
  5
21C
330
1F2
100
AcDbEntity
  8
DEFAULT
 62
     1
100
AcDbVertex
100
AcDb2dVertex
 10
349.9700194444444
 20
99.4443161111111
 30
0.0
  0
VERTEX
  5
21D
330
1F2
100
AcDbEntity
  8
DEFAULT
 62
     1
100
AcDbVertex
100
AcDb2dVertex
 10
346.9714083333333
 20
99.4443161111111
 30
0.0
  0
VERTEX
  5
21E
330
1F2
100
AcDbEntity
  8
DEFAULT
 62
     1
100
AcDbVertex
100
AcDb2dVertex
 10
346.9714083333333
 20
107.9427327777778
 30
0.0
  0
VERTEX
  5
21F
330
1F2
100
AcDbEntity
  8
DEFAULT
 62
     1
100
AcDbVertex
100
AcDb2dVertex
 10
349.9700194444444
 20
107.9427327777778
 30
0.0
  0
VERTEX
  5
220
330
1F2
100
AcDbEntity
  8
DEFAULT
 62
     1
100
AcDbVertex
100
AcDb2dVertex
 10
349.9700194444444
 20
116.4446772222222
 30
0.0
  0
VERTEX
  5
221
330
1F2
100
AcDbEntity
  8
DEFAULT
 62
     1
100
AcDbVertex
100
AcDb2dVertex
 10
346.9714083333333
 20
116.4446772222222
 30
0.0
  0
VERTEX
  5
222
330
1F2
100
AcDbEntity
  8
DEFAULT
 62
     1
100
AcDbVertex
100
AcDb2dVertex
 10
346.9714083333333
 20
124.9430938888889
 30
0.0
  0
SEQEND
  5
223
330
1F2
100
AcDbEntity
  8
DEFAULT
 62
     1
  0
SPLINE
  5
224
330
1F
100
AcDbEntity
  8
DEFAULT
 62
     1
100
AcDbSpline
210
0.0
220
0.0
230
1.0
 70
     8
 71
     3
 72
    77
 73
    73
 74
     0
 42
0.000000001
 43
0.0000000001
 40
0.0
 40
0.0
 40
0.0
 40
0.0
 40
8.500000529411748
 40
8.500000529411748
 40
8.500000529411748
 40
28.34000052941175
 40
28.34000052941175
 40
28.34000052941175
 40
30.61100052941171
 40
30.61100052941171
 40
30.61100052941171
 40
31.61100052941171
 40
31.61100052941171
 40
31.61100052941171
 40
122.8880948302274
 40
122.8880948302274
 40
122.8880948302274
 40
131.9590948302275
 40
131.9590948302275
 40
131.9590948302275
 40
223.2361021266984
 40
223.2361021266984
 40
223.2361021266984
 40
224.2361021266984
 40
224.2361021266984
 40
224.2361021266984
 40
226.5151021266984
 40
226.5151021266984
 40
226.5151021266984
 40
246.355104168029
 40
246.355104168029
 40
246.355104168029
 40
254.8631046969429
 40
254.8631046969429
 40
254.8631046969429
 40
374.7151046969429
 40
374.7151046969429
 40
374.7151046969429
 40
383.2131056383409
 40
383.2131056383409
 40
383.2131056383409
 40
403.0531056383409
 40
403.0531056383409
 40
403.0531056383409
 40
405.3131056383409
 40
405.3131056383409
 40
405.3131056383409
 40
406.3131056383409
 40
406.3131056383409
 40
406.3131056383409
 40
464.702235482859
 40
464.702235482859
 40
464.702235482859
 40
465.702235482859
 40
465.702235482859
 40
465.702235482859
 40
466.702235482859
 40
466.702235482859
 40
466.702235482859
 40
525.0909590945291
 40
525.0909590945291
 40
525.0909590945291
 40
526.0909590945291
 40
526.0909590945291
 40
526.0909590945291
 40
528.3819590945291
 40
528.3819590945291
 40
528.3819590945291
 40
548.2219616146901
 40
548.2219616146901
 40
548.2219616146901
 40
556.7319625547606
 40
556.7319625547606
 40
556.7319625547606
 40
556.7319625547606
 10
439.3778430555556
 20
30.36679361111111
 30
0.0
 10
438.3783060185185
 20
30.36714638888888
 30
0.0
 10
437.3787689814815
 20
30.36749916666666
 30
0.0
 10
436.3792319444444
 20
30.36785194444444
 30
0.0
 10
436.3792319444444
 20
28.03481490740741
 30
0.0
 10
436.3792319444444
 20
25.70177787037036
 30
0.0
 10
436.3792319444444
 20
23.36874083333333
 30
0.0
 10
436.6462847222222
 20
23.36874083333333
 30
0.0
 10
436.9133374999999
 20
23.36874083333333
 30
0.0
 10
437.1803902777777
 20
23.36874083333333
 30
0.0
 10
437.1803902777777
 20
21.71068527777777
 30
0.0
 10
435.9809458333333
 20
17.85482416666666
 30
0.0
 10
433.3770930555555
 20
19.31179638888889
 30
0.0
 10
433.2432726851851
 20
30.04447231481481
 30
0.0
 10
433.1094523148147
 20
40.77714824074074
 30
0.0
 10
432.9756319444444
 20
51.50982416666666
 30
0.0
 10
431.908949537037
 20
51.50982416666667
 30
0.0
 10
430.8422671296295
 20
51.50982416666667
 30
0.0
 10
429.7755847222221
 20
51.50982416666666
 30
0.0
 10
429.6425874999999
 20
40.77714824074074
 30
0.0
 10
429.5095902777777
 20
30.04447231481481
 30
0.0
 10
429.3765930555555
 20
19.31179638888889
 30
0.0
 10
426.7730930555555
 20
17.85482416666666
 30
0.0
 10
425.5740013888889
 20
21.71068527777777
 30
0.0
 10
425.5740013888889
 20
23.36874083333333
 30
0.0
 10
425.8419949074074
 20
23.36874083333333
 30
0.0
 10
426.1099884259259
 20
23.36874083333333
 30
0.0
 10
426.3779819444444
 20
23.36874083333333
 30
0.0
 10
426.3769236111111
 20
25.70177787037037
 30
0.0
 10
426.3758652777777
 20
28.03481490740741
 30
0.0
 10
426.3748069444444
 20
30.36785194444444
 30
0.0
 10
425.3743291666667
 20
30.36749916666666
 30
0.0
 10
424.3738513888889
 20
30.36714638888888
 30
0.0
 10
423.373373611111
 20
30.36679361111111
 30
0.0
 10
423.373373611111
 20
44.46050101851851
 30
0.0
 10
423.373373611111
 20
58.55420842592591
 30
0.0
 10
423.373373611111
 20
72.64791583333333
 30
0.0
 10
424.3726754629629
 20
72.64744546296295
 30
0.0
 10
425.3719773148147
 20
72.64697509259258
 30
0.0
 10
426.3712791666666
 20
72.64650472222222
 30
0.0
 10
426.3712791666666
 20
74.97954175925925
 30
0.0
 10
426.3712791666666
 20
77.31257879629628
 30
0.0
 10
426.3712791666666
 20
79.64561583333331
 30
0.0
 10
426.1055199074074
 20
79.64561583333331
 30
0.0
 10
425.8397606481481
 20
79.64561583333331
 30
0.0
 10
425.5740013888889
 20
79.64561583333331
 30
0.0
 10
425.5740013888889
 20
81.30402416666665
 30
0.0
 10
426.7730930555555
 20
85.15988527777778
 30
0.0
 10
429.3734180555555
 20
83.70256027777776
 30
0.0
 10
429.507473611111
 20
76.8377399074074
 30
0.0
 10
429.6415291666665
 20
69.97291953703701
 30
0.0
 10
429.7755847222221
 20
63.10809916666665
 30
0.0
 10
429.7755847222221
 20
62.22615472222221
 30
0.0
 10
430.494898611111
 20
61.51389638888887
 30
0.0
 10
431.3803708333332
 20
61.51001583333333
 30
0.0
 10
432.2623152777777
 20
61.51001583333333
 30
0.0
 10
432.9788069444444
 20
62.22615472222221
 30
0.0
 10
432.9788069444444
 20
63.10809916666665
 30
0.0
 10
433.1103930555555
 20
69.97291953703701
 30
0.0
 10
433.2419791666666
 20
76.8377399074074
 30
0.0
 10
433.3735652777777
 20
83.70256027777776
 30
0.0
 10
435.9809458333333
 20
85.15988527777778
 30
0.0
 10
437.1803902777777
 20
81.30402416666665
 30
0.0
 10
437.1803902777777
 20
79.64561583333331
 30
0.0
 10
436.910985648148
 20
79.64561583333331
 30
0.0
 10
436.6415810185184
 20
79.64561583333331
 30
0.0
 10
436.3721763888888
 20
79.64561583333331
 30
0.0
 10
436.3733523148148
 20
77.31257879629628
 30
0.0
 10
436.3745282407406
 20
74.97954175925925
 30
0.0
 10
436.3757041666666
 20
72.64650472222222
 30
0.0
 10
437.3764171296295
 20
72.64697509259258
 30
0.0
 10
438.3771300925926
 20
72.64744546296295
 30
0.0
 10
439.3778430555555
 20
72.64791583333333
 30
0.0
  0
SPLINE
  5
225
330
1F
100
AcDbEntity
  8
DEFAULT
 62
     1
100
AcDbSpline
210
0.0
220
0.0
230
1.0
 70
    11
 71
     3
 72
    80
 73
    76
 74
     0
 42
0.000000001
 43
0.0000000001
 40
8.49800094139797
 40
8.49800094139797
 40
8.49800094139797
 40
8.49800094139797
 40
28.33800094139797
 40
28.33800094139797
 40
28.33800094139797
 40
30.59900094139794
 40
30.59900094139794
 40
30.59900094139794
 40
31.59900094139794
 40
31.59900094139794
 40
31.59900094139794
 40
89.98811127029404
 40
89.98811127029404
 40
89.98811127029404
 40
90.98811127029404
 40
90.98811127029404
 40
90.98811127029404
 40
91.98811127029404
 40
91.98811127029404
 40
91.98811127029404
 40
150.3768732455235
 40
150.3768732455235
 40
150.3768732455235
 40
151.3768732455235
 40
151.3768732455235
 40
151.3768732455235
 40
153.6668732455237
 40
153.6668732455237
 40
153.6668732455237
 40
173.5068752868542
 40
173.5068752868542
 40
173.5068752868542
 40
182.0168762269247
 40
182.0168762269247
 40
182.0168762269247
 40
301.8688762269247
 40
301.8688762269247
 40
301.8688762269247
 40
310.3688764622188
 40
310.3688764622188
 40
310.3688764622188
 40
330.2088764622188
 40
330.2088764622188
 40
330.2088764622188
 40
332.479876462219
 40
332.479876462219
 40
332.479876462219
 40
333.479876462219
 40
333.479876462219
 40
333.479876462219
 40
424.7579831581842
 40
424.7579831581842
 40
424.7579831581842
 40
433.8289831581843
 40
433.8289831581843
 40
433.8289831581843
 40
525.1069656183593
 40
525.1069656183593
 40
525.1069656183593
 40
526.1069656183593
 40
526.1069656183593
 40
526.1069656183593
 40
528.3879656183592
 40
528.3879656183592
 40
528.3879656183592
 40
548.2279681385203
 40
548.2279681385203
 40
548.2279681385203
 40
556.7359683735932
 40
556.7359683735932
 40
556.7359683735932
 40
676.5879683735932
 40
676.5879683735932
 40
676.5879683735932
 40
685.0859693149912
 40
685.0859693149912
 40
685.0859693149912
 40
685.0859693149912
 10
442.3757486111111
 20
72.64653999999999
 30
0.0
 10
442.3757486111111
 20
74.97957703703703
 30
0.0
 10
442.3757486111111
 20
77.31261407407406
 30
0.0
 10
442.3757486111111
 20
79.6456511111111
 30
0.0
 10
442.1098717592592
 20
79.6456511111111
 30
0.0
 10
441.8439949074073
 20
79.6456511111111
 30
0.0
 10
441.5781180555555
 20
79.6456511111111
 30
0.0
 10
441.5781180555555
 20
81.30405944444443
 30
0.0
 10
442.7775624999999
 20
85.15992055555554
 30
0.0
 10
445.3778874999999
 20
83.70259555555555
 30
0.0
 10
445.5118254629629
 20
76.83777518518518
 30
0.0
 10
445.6457634259258
 20
69.9729548148148
 30
0.0
 10
445.7797013888888
 20
63.10813444444443
 30
0.0
 10
445.7797013888888
 20
62.22618999999999
 30
0.0
 10
446.4993680555555
 20
61.51357888888889
 30
0.0
 10
447.3848402777778
 20
61.5100511111111
 30
0.0
 10
448.2667847222222
 20
61.5100511111111
 30
0.0
 10
448.9829236111111
 20
62.22618999999999
 30
0.0
 10
448.9829236111111
 20
63.10813444444443
 30
0.0
 10
449.1147449074074
 20
69.9729548148148
 30
0.0
 10
449.2465662037037
 20
76.83777518518518
 30
0.0
 10
449.3783874999999
 20
83.70259555555555
 30
0.0
 10
451.9850625
 20
85.15992055555554
 30
0.0
 10
453.1848597222222
 20
81.30405944444443
 30
0.0
 10
453.1848597222222
 20
79.6456511111111
 30
0.0
 10
452.9155726851852
 20
79.6456511111111
 30
0.0
 10
452.646285648148
 20
79.6456511111111
 30
0.0
 10
452.376998611111
 20
79.6456511111111
 30
0.0
 10
452.3780569444443
 20
77.31261407407406
 30
0.0
 10
452.3791152777777
 20
74.97957703703703
 30
0.0
 10
452.380173611111
 20
72.64653999999999
 30
0.0
 10
453.3808865740741
 20
72.64701037037035
 30
0.0
 10
454.3815995370369
 20
72.64748074074073
 30
0.0
 10
455.3823124999999
 20
72.6479511111111
 30
0.0
 10
455.3823124999999
 20
58.5542437037037
 30
0.0
 10
455.3823124999999
 20
44.46053629629629
 30
0.0
 10
455.3823124999999
 20
30.36682888888889
 30
0.0
 10
454.3827754629629
 20
30.36706407407407
 30
0.0
 10
453.3832384259258
 20
30.36729925925925
 30
0.0
 10
452.3837013888888
 20
30.36753444444444
 30
0.0
 10
452.3837013888888
 20
28.0344974074074
 30
0.0
 10
452.3837013888888
 20
25.70146037037037
 30
0.0
 10
452.3837013888888
 20
23.36842333333333
 30
0.0
 10
452.6507541666666
 20
23.36842333333333
 30
0.0
 10
452.9178069444444
 20
23.36842333333333
 30
0.0
 10
453.1848597222222
 20
23.36842333333333
 30
0.0
 10
453.1848597222222
 20
21.71072055555556
 30
0.0
 10
451.9850625
 20
17.85521222222222
 30
0.0
 10
449.3815624999999
 20
19.31147888888889
 30
0.0
 10
449.247624537037
 20
30.04427240740741
 30
0.0
 10
449.1136865740741
 20
40.77706592592592
 30
0.0
 10
448.9797486111111
 20
51.50985944444444
 30
0.0
 10
447.9130662037036
 20
51.50985944444445
 30
0.0
 10
446.8463837962962
 20
51.50985944444445
 30
0.0
 10
445.7797013888888
 20
51.50985944444444
 30
0.0
 10
445.6469393518517
 20
40.77706592592592
 30
0.0
 10
445.5141773148147
 20
30.04427240740741
 30
0.0
 10
445.3814152777777
 20
19.31147888888889
 30
0.0
 10
442.7775624999999
 20
17.85521222222222
 30
0.0
 10
441.5781180555555
 20
21.71072055555556
 30
0.0
 10
441.5781180555555
 20
23.36842333333333
 30
0.0
 10
441.8463467592592
 20
23.36842333333333
 30
0.0
 10
442.1145754629629
 20
23.36842333333333
 30
0.0
 10
442.3828041666666
 20
23.36842333333333
 30
0.0
 10
442.3816282407406
 20
25.70146037037037
 30
0.0
 10
442.3804523148147
 20
28.0344974074074
 30
0.0
 10
442.3792763888888
 20
30.36753444444444
 30
0.0
 10
441.3787986111111
 20
30.36729925925925
 30
0.0
 10
440.3783208333332
 20
30.36706407407407
 30
0.0
 10
439.3778430555555
 20
30.36682888888889
 30
0.0
 10
439.3778430555555
 20
44.46053629629629
 30
0.0
 10
439.3778430555555
 20
58.55424370370369
 30
0.0
 10
439.3778430555555
 20
72.6479511111111
 30
0.0
 10
440.3771449074074
 20
72.64748074074073
 30
0.0
 10
441.3764467592592
 20
72.64701037037035
 30
0.0
 10
442.3757486111111
 20
72.64653999999999
 30
0.0
  0
POLYLINE
  5
226
330
1F
100
AcDbEntity
  8
DEFAULT
 62
     1
100
AcDb2dPolyline
 66
     1
 10
0.0
 20
0.0
 30
0.0
 70
     1
  0
VERTEX
  5
227
330
226
100
AcDbEntity
  8
DEFAULT
 62
     1
100
AcDbVertex
100
AcDb2dVertex
 10
699.0489222222221
 20
9.774413888888889
 30
0.0
  0
VERTEX
  5
228
330
226
100
AcDbEntity
  8
DEFAULT
 62
     1
100
AcDbVertex
100
AcDb2dVertex
 10
479.0489388888889
 20
9.774413888888889
 30
0.0
  0
VERTEX
  5
229
330
226
100
AcDbEntity
  8
DEFAULT
 62
     1
100
AcDbVertex
100
AcDb2dVertex
 10
479.0489388888889
 20
139.7744361111111
 30
0.0
  0
VERTEX
  5
22A
330
226
100
AcDbEntity
  8
DEFAULT
 62
     1
100
AcDbVertex
100
AcDb2dVertex
 10
699.0489222222221
 20
139.7744361111111
 30
0.0
  0
SEQEND
  5
22B
330
226
100
AcDbEntity
  8
DEFAULT
 62
     1
  0
SPLINE
  5
22C
330
1F
100
AcDbEntity
  8
DEFAULT
 62
     1
100
AcDbSpline
210
0.0
220
0.0
230
1.0
 70
    11
 71
     3
 72
    17
 73
    13
 74
     0
 42
0.000000001
 43
0.0000000001
 40
0.0
 40
0.0
 40
0.0
 40
0.0
 40
1.0
 40
1.0
 40
1.0
 40
2.0
 40
2.0
 40
2.0
 40
3.0
 40
3.0
 40
3.0
 40
4.0
 40
4.0
 40
4.0
 40
4.0
 10
599.2040975
 20
24.35905861111111
 30
0.0
 10
596.3039113888889
 20
24.35905861111111
 30
0.0
 10
593.9544113888888
 20
26.70855861111111
 30
0.0
 10
593.9544113888888
 20
29.60839194444444
 30
0.0
 10
593.9544113888888
 20
32.50822527777778
 30
0.0
 10
596.3039113888889
 20
34.85772527777777
 30
0.0
 10
599.2040975
 20
34.85772527777777
 30
0.0
 10
602.1039308333334
 20
34.85772527777777
 30
0.0
 10
604.4534308333333
 20
32.50822527777778
 30
0.0
 10
604.4534308333333
 20
29.60839194444444
 30
0.0
 10
604.4534308333333
 20
26.70855861111111
 30
0.0
 10
602.1039308333334
 20
24.35905861111111
 30
0.0
 10
599.2040975
 20
24.35905861111111
 30
0.0
  0
SPLINE
  5
22D
330
1F
100
AcDbEntity
  8
DEFAULT
 62
     1
100
AcDbSpline
210
0.0
220
0.0
230
1.0
 70
    11
 71
     3
 72
    83
 73
    79
 74
     0
 42
0.000000001
 43
0.0000000001
 40
1.0
 40
1.0
 40
1.0
 40
1.0
 40
19.61899999999991
 40
19.61899999999991
 40
19.61899999999991
 40
20.61899999999991
 40
20.61899999999991
 40
20.61899999999991
 40
40.15899999999991
 40
40.15899999999991
 40
40.15899999999991
 40
48.65899999999991
 40
48.65899999999991
 40
48.65899999999991
 40
68.1879999999999
 40
68.1879999999999
 40
68.1879999999999
 40
76.6879999999999
 40
76.6879999999999
 40
76.6879999999999
 40
96.2289999999999
 40
96.2289999999999
 40
96.2289999999999
 40
104.7289999999999
 40
104.7289999999999
 40
104.7289999999999
 40
124.2689999999999
 40
124.2689999999999
 40
124.2689999999999
 40
132.7689999999999
 40
132.7689999999999
 40
132.7689999999999
 40
152.3089999999999
 40
152.3089999999999
 40
152.3089999999999
 40
160.8089999999999
 40
160.8089999999999
 40
160.8089999999999
 40
180.3489999999999
 40
180.3489999999999
 40
180.3489999999999
 40
188.8489999999999
 40
188.8489999999999
 40
188.8489999999999
 40
208.3889999999999
 40
208.3889999999999
 40
208.3889999999999
 40
221.7099999999998
 40
221.7099999999998
 40
221.7099999999998
 40
230.2199999999999
 40
230.2199999999999
 40
230.2199999999999
 40
243.5399999999998
 40
243.5399999999998
 40
243.5399999999998
 40
252.0499999999998
 40
252.0499999999998
 40
252.0499999999998
 40
265.369
 40
265.369
 40
265.369
 40
273.879
 40
273.879
 40
273.879
 40
287.2089999999999
 40
287.2089999999999
 40
287.2089999999999
 40
295.7189999999999
 40
295.7189999999999
 40
295.7189999999999
 40
309.0399999999998
 40
309.0399999999998
 40
309.0399999999998
 40
425.4799999999998
 40
425.4799999999998
 40
425.4799999999998
 40
426.4799999999998
 40
426.4799999999998
 40
426.4799999999998
 40
426.4799999999998
 10
599.2040975
 20
19.36023277777777
 30
0.0
 10
601.3935539814814
 20
19.36023277777777
 30
0.0
 10
603.583010462963
 20
19.36023277777777
 30
0.0
 10
605.7724669444444
 20
19.36023277777777
 30
0.0
 10
609.4664030555555
 20
19.36023277777777
 30
0.0
 10
612.4509030555555
 20
20.73606611111111
 30
0.0
 10
612.4509030555555
 20
22.436455
 30
0.0
 10
612.4509030555555
 20
24.73421425925926
 30
0.0
 10
612.4509030555555
 20
27.03197351851852
 30
0.0
 10
612.4509030555555
 20
29.32973277777777
 30
0.0
 10
611.4513660185185
 20
29.32973277777777
 30
0.0
 10
610.4518289814814
 20
29.32973277777777
 30
0.0
 10
609.4522919444444
 20
29.32973277777777
 30
0.0
 10
609.4522919444444
 20
31.62619851851852
 30
0.0
 10
609.4522919444444
 20
33.92266425925926
 30
0.0
 10
609.4522919444444
 20
36.21912999999999
 30
0.0
 10
610.4518289814814
 20
36.21912999999999
 30
0.0
 10
611.4513660185185
 20
36.21912999999999
 30
0.0
 10
612.4509030555555
 20
36.21912999999999
 30
0.0
 10
612.4509030555555
 20
38.51700685185184
 30
0.0
 10
612.4509030555555
 20
40.81488370370369
 30
0.0
 10
612.4509030555555
 20
43.11276055555555
 30
0.0
 10
611.4513660185185
 20
43.11276055555555
 30
0.0
 10
610.4518289814814
 20
43.11276055555555
 30
0.0
 10
609.4522919444444
 20
43.11276055555555
 30
0.0
 10
609.4522919444444
 20
45.41051981481481
 30
0.0
 10
609.4522919444444
 20
47.70827907407406
 30
0.0
 10
609.4522919444444
 20
50.00603833333333
 30
0.0
 10
610.4518289814814
 20
50.00603833333333
 30
0.0
 10
611.4513660185185
 20
50.00603833333333
 30
0.0
 10
612.4509030555555
 20
50.00603833333333
 30
0.0
 10
612.4509030555555
 20
52.30379759259259
 30
0.0
 10
612.4509030555555
 20
54.60155685185185
 30
0.0
 10
612.4509030555555
 20
56.8993161111111
 30
0.0
 10
611.4513660185185
 20
56.89931611111111
 30
0.0
 10
610.4518289814814
 20
56.89931611111111
 30
0.0
 10
609.4522919444444
 20
56.8993161111111
 30
0.0
 10
609.4522919444444
 20
59.19707537037036
 30
0.0
 10
609.4522919444444
 20
61.49483462962962
 30
0.0
 10
609.4522919444444
 20
63.79259388888888
 30
0.0
 10
610.4518289814814
 20
63.79259388888888
 30
0.0
 10
611.4513660185185
 20
63.79259388888888
 30
0.0
 10
612.4509030555555
 20
63.79259388888888
 30
0.0
 10
612.4509030555555
 20
66.09035314814814
 30
0.0
 10
612.4509030555555
 20
68.3881124074074
 30
0.0
 10
612.4509030555555
 20
70.68587166666667
 30
0.0
 10
610.8844521296296
 20
70.68587166666667
 30
0.0
 10
609.3180012037037
 20
70.68587166666667
 30
0.0
 10
607.7515502777778
 20
70.68587166666667
 30
0.0
 10
607.7515502777778
 20
69.68515870370369
 30
0.0
 10
607.7515502777778
 20
68.68444574074073
 30
0.0
 10
607.7515502777778
 20
67.68373277777776
 30
0.0
 10
606.1852169444445
 20
67.68373277777776
 30
0.0
 10
604.6188836111111
 20
67.68373277777776
 30
0.0
 10
603.0525502777778
 20
67.68373277777776
 30
0.0
 10
603.0525502777778
 20
68.68444574074073
 30
0.0
 10
603.0525502777778
 20
69.68515870370369
 30
0.0
 10
603.0525502777778
 20
70.68587166666667
 30
0.0
 10
601.486334537037
 20
70.68587166666667
 30
0.0
 10
599.9201187962963
 20
70.68587166666667
 30
0.0
 10
598.3539030555555
 20
70.68587166666667
 30
0.0
 10
598.3539030555555
 20
69.68515870370369
 30
0.0
 10
598.3539030555555
 20
68.68444574074073
 30
0.0
 10
598.3539030555555
 20
67.68373277777776
 30
0.0
 10
596.7863937962962
 20
67.68373277777776
 30
0.0
 10
595.218884537037
 20
67.68373277777776
 30
0.0
 10
593.6513752777778
 20
67.68373277777776
 30
0.0
 10
593.6513752777778
 20
68.68444574074073
 30
0.0
 10
593.6513752777778
 20
69.68515870370369
 30
0.0
 10
593.6513752777778
 20
70.68587166666667
 30
0.0
 10
592.0849243518519
 20
70.68587166666667
 30
0.0
 10
590.518473425926
 20
70.68587166666667
 30
0.0
 10
588.9520225
 20
70.68587166666667
 30
0.0
 10
588.9520225
 20
56.99339018518518
 30
0.0
 10
588.9520225
 20
43.3009087037037
 30
0.0
 10
588.9520225
 20
29.60842722222222
 30
0.0
 10
588.9520225
 20
23.94281611111111
 30
0.0
 10
593.5381336111111
 20
19.36023277777777
 30
0.0
 10
599.2040975
 20
19.36023277777777
 30
0.0
  0
SPLINE
  5
22E
330
1F
100
AcDbEntity
  8
DEFAULT
 62
     1
100
AcDbSpline
210
0.0
220
0.0
230
1.0
 70
    11
 71
     3
 72
    17
 73
    13
 74
     0
 42
0.000000001
 43
0.0000000001
 40
0.0
 40
0.0
 40
0.0
 40
0.0
 40
1.0
 40
1.0
 40
1.0
 40
2.0
 40
2.0
 40
2.0
 40
3.0
 40
3.0
 40
3.0
 40
4.0
 40
4.0
 40
4.0
 40
4.0
 10
571.1968227777777
 20
29.60835666666666
 30
0.0
 10
571.1968227777777
 20
32.50818999999999
 30
0.0
 10
573.5463227777777
 20
34.85768999999999
 30
0.0
 10
576.4461561111111
 20
34.85768999999999
 30
0.0
 10
579.3463422222221
 20
34.85768999999999
 30
0.0
 10
581.6958422222222
 20
32.50818999999999
 30
0.0
 10
581.6958422222222
 20
29.60835666666666
 30
0.0
 10
581.6958422222222
 20
26.70852333333333
 30
0.0
 10
579.3463422222221
 20
24.35902333333333
 30
0.0
 10
576.4461561111111
 20
24.35902333333333
 30
0.0
 10
573.5463227777777
 20
24.35902333333333
 30
0.0
 10
571.1968227777777
 20
26.70852333333333
 30
0.0
 10
571.1968227777777
 20
29.60835666666666
 30
0.0
  0
SPLINE
  5
22F
330
1F
100
AcDbEntity
  8
DEFAULT
 62
     1
100
AcDbSpline
210
0.0
220
0.0
230
1.0
 70
    11
 71
     3
 72
    83
 73
    79
 74
     0
 42
0.000000001
 43
0.0000000001
 40
1.0
 40
1.0
 40
1.0
 40
1.0
 40
117.44
 40
117.44
 40
117.44
 40
130.7599999999999
 40
130.7599999999999
 40
130.7599999999999
 40
139.2699999999999
 40
139.2699999999999
 40
139.2699999999999
 40
152.6000000000001
 40
152.6000000000001
 40
152.6000000000001
 40
161.1100000000001
 40
161.1100000000001
 40
161.1100000000001
 40
174.43
 40
174.43
 40
174.43
 40
182.94
 40
182.94
 40
182.94
 40
196.2599999999999
 40
196.2599999999999
 40
196.2599999999999
 40
204.7699999999999
 40
204.7699999999999
 40
204.7699999999999
 40
218.0899999999999
 40
218.0899999999999
 40
218.0899999999999
 40
237.6299999999998
 40
237.6299999999998
 40
237.6299999999998
 40
246.1299999999998
 40
246.1299999999998
 40
246.1299999999998
 40
265.6699999999998
 40
265.6699999999998
 40
265.6699999999998
 40
274.1699999999998
 40
274.1699999999998
 40
274.1699999999998
 40
293.7099999999998
 40
293.7099999999998
 40
293.7099999999998
 40
302.2099999999998
 40
302.2099999999998
 40
302.2099999999998
 40
321.7499999999998
 40
321.7499999999998
 40
321.7499999999998
 40
330.2499999999998
 40
330.2499999999998
 40
330.2499999999998
 40
349.7909999999998
 40
349.7909999999998
 40
349.7909999999998
 40
358.2909999999998
 40
358.2909999999998
 40
358.2909999999998
 40
377.8199999999998
 40
377.8199999999998
 40
377.8199999999998
 40
386.3199999999998
 40
386.3199999999998
 40
386.3199999999998
 40
405.8599999999998
 40
405.8599999999998
 40
405.8599999999998
 40
406.8599999999998
 40
406.8599999999998
 40
406.8599999999998
 40
425.4789999999999
 40
425.4789999999999
 40
425.4789999999999
 40
426.4789999999999
 40
426.4789999999999
 40
426.4789999999999
 40
426.4789999999999
 10
586.6980547222222
 20
29.60835666666666
 30
0.0
 10
586.6980547222222
 20
43.30083814814814
 30
0.0
 10
586.6980547222222
 20
56.99331962962962
 30
0.0
 10
586.6980547222222
 20
70.6858011111111
 30
0.0
 10
585.1317213888889
 20
70.6858011111111
 30
0.0
 10
583.5653880555556
 20
70.6858011111111
 30
0.0
 10
581.9990547222222
 20
70.6858011111111
 30
0.0
 10
581.9990547222222
 20
69.68508814814815
 30
0.0
 10
581.9990547222222
 20
68.68437518518517
 30
0.0
 10
581.9990547222222
 20
67.68366222222221
 30
0.0
 10
580.4315454629631
 20
67.68366222222221
 30
0.0
 10
578.8640362037037
 20
67.68366222222221
 30
0.0
 10
577.2965269444444
 20
67.68366222222221
 30
0.0
 10
577.2965269444444
 20
68.68437518518517
 30
0.0
 10
577.2965269444444
 20
69.68508814814815
 30
0.0
 10
577.2965269444444
 20
70.6858011111111
 30
0.0
 10
575.7301936111111
 20
70.6858011111111
 30
0.0
 10
574.1638602777778
 20
70.6858011111111
 30
0.0
 10
572.5975269444444
 20
70.6858011111111
 30
0.0
 10
572.5975269444444
 20
69.68508814814815
 30
0.0
 10
572.5975269444444
 20
68.68437518518517
 30
0.0
 10
572.5975269444444
 20
67.68366222222221
 30
0.0
 10
571.0311936111111
 20
67.68366222222221
 30
0.0
 10
569.4648602777778
 20
67.68366222222221
 30
0.0
 10
567.8985269444445
 20
67.68366222222221
 30
0.0
 10
567.8985269444445
 20
68.68437518518517
 30
0.0
 10
567.8985269444445
 20
69.68508814814815
 30
0.0
 10
567.8985269444445
 20
70.6858011111111
 30
0.0
 10
566.3321936111112
 20
70.6858011111111
 30
0.0
 10
564.7658602777777
 20
70.6858011111111
 30
0.0
 10
563.1995269444444
 20
70.6858011111111
 30
0.0
 10
563.1995269444444
 20
68.38804185185184
 30
0.0
 10
563.1995269444444
 20
66.09028259259259
 30
0.0
 10
563.1995269444444
 20
63.79252333333333
 30
0.0
 10
564.1990639814815
 20
63.79252333333333
 30
0.0
 10
565.1986010185185
 20
63.79252333333333
 30
0.0
 10
566.1981380555555
 20
63.79252333333333
 30
0.0
 10
566.1981380555555
 20
61.49476407407408
 30
0.0
 10
566.1981380555555
 20
59.19700481481481
 30
0.0
 10
566.1981380555555
 20
56.89924555555555
 30
0.0
 10
565.1986010185185
 20
56.89924555555555
 30
0.0
 10
564.1990639814815
 20
56.89924555555555
 30
0.0
 10
563.1995269444444
 20
56.89924555555555
 30
0.0
 10
563.1995269444444
 20
54.60148629629629
 30
0.0
 10
563.1995269444444
 20
52.30372703703703
 30
0.0
 10
563.1995269444444
 20
50.00596777777778
 30
0.0
 10
564.1990639814815
 20
50.00596777777778
 30
0.0
 10
565.1986010185185
 20
50.00596777777778
 30
0.0
 10
566.1981380555555
 20
50.00596777777778
 30
0.0
 10
566.1981380555555
 20
47.70820851851852
 30
0.0
 10
566.1981380555555
 20
45.41044925925926
 30
0.0
 10
566.1981380555555
 20
43.11268999999999
 30
0.0
 10
565.1986010185185
 20
43.11268999999999
 30
0.0
 10
564.1990639814815
 20
43.11268999999999
 30
0.0
 10
563.1995269444444
 20
43.11268999999999
 30
0.0
 10
563.1995269444444
 20
40.81481314814814
 30
0.0
 10
563.1995269444444
 20
38.51693629629629
 30
0.0
 10
563.1995269444444
 20
36.21905944444444
 30
0.0
 10
564.1990639814815
 20
36.21905944444444
 30
0.0
 10
565.1986010185185
 20
36.21905944444444
 30
0.0
 10
566.1981380555555
 20
36.21905944444444
 30
0.0
 10
566.1981380555555
 20
33.9225937037037
 30
0.0
 10
566.1981380555555
 20
31.62612796296295
 30
0.0
 10
566.1981380555555
 20
29.32966222222221
 30
0.0
 10
565.1986010185185
 20
29.32966222222221
 30
0.0
 10
564.1990639814815
 20
29.32966222222221
 30
0.0
 10
563.1995269444444
 20
29.32966222222221
 30
0.0
 10
563.1995269444444
 20
27.03190296296296
 30
0.0
 10
563.1995269444444
 20
24.7341437037037
 30
0.0
 10
563.1995269444444
 20
22.43638444444444
 30
0.0
 10
563.1995269444444
 20
20.73599555555555
 30
0.0
 10
566.1840269444444
 20
19.36016222222222
 30
0.0
 10
569.8776102777778
 20
19.36016222222222
 30
0.0
 10
572.0670667592593
 20
19.36016222222222
 30
0.0
 10
574.2565232407406
 20
19.36016222222222
 30
0.0
 10
576.4459797222222
 20
19.36016222222222
 30
0.0
 10
582.1119436111111
 20
19.36016222222222
 30
0.0
 10
586.6980547222222
 20
23.94274555555555
 30
0.0
 10
586.6980547222222
 20
29.60835666666666
 30
0.0
  0
POLYLINE
  5
230
330
1F
100
AcDbEntity
  8
DEFAULT
 62
     1
100
AcDb2dPolyline
 66
     1
 10
0.0
 20
0.0
 30
0.0
 70
     1
  0
VERTEX
  5
231
330
230
100
AcDbEntity
  8
DEFAULT
 62
     1
100
AcDbVertex
100
AcDb2dVertex
 10
648.3952191666666
 20
25.00467722222222
 30
0.0
  0
VERTEX
  5
232
330
230
100
AcDbEntity
  8
DEFAULT
 62
     1
100
AcDbVertex
100
AcDb2dVertex
 10
639.8968025
 20
25.00467722222222
 30
0.0
  0
VERTEX
  5
233
330
230
100
AcDbEntity
  8
DEFAULT
 62
     1
100
AcDbVertex
100
AcDb2dVertex
 10
639.8968025
 20
22.00253833333333
 30
0.0
  0
VERTEX
  5
234
330
230
100
AcDbEntity
  8
DEFAULT
 62
     1
100
AcDbVertex
100
AcDb2dVertex
 10
631.3948580555555
 20
22.00253833333333
 30
0.0
  0
VERTEX
  5
235
330
230
100
AcDbEntity
  8
DEFAULT
 62
     1
100
AcDbVertex
100
AcDb2dVertex
 10
631.3948580555555
 20
25.00467722222222
 30
0.0
  0
VERTEX
  5
236
330
230
100
AcDbEntity
  8
DEFAULT
 62
     1
100
AcDbVertex
100
AcDb2dVertex
 10
622.8964413888889
 20
25.00467722222222
 30
0.0
  0
VERTEX
  5
237
330
230
100
AcDbEntity
  8
DEFAULT
 62
     1
100
AcDbVertex
100
AcDb2dVertex
 10
622.8964413888889
 20
22.00253833333333
 30
0.0
  0
VERTEX
  5
238
330
230
100
AcDbEntity
  8
DEFAULT
 62
     1
100
AcDbVertex
100
AcDb2dVertex
 10
614.3941441666666
 20
22.00253833333333
 30
0.0
  0
VERTEX
  5
239
330
230
100
AcDbEntity
  8
DEFAULT
 62
     1
100
AcDbVertex
100
AcDb2dVertex
 10
614.3941441666666
 20
70.68587166666667
 30
0.0
  0
VERTEX
  5
23A
330
230
100
AcDbEntity
  8
DEFAULT
 62
     1
100
AcDbVertex
100
AcDb2dVertex
 10
622.8964413888889
 20
70.68587166666667
 30
0.0
  0
VERTEX
  5
23B
330
230
100
AcDbEntity
  8
DEFAULT
 62
     1
100
AcDbVertex
100
AcDb2dVertex
 10
622.8964413888889
 20
67.68338
 30
0.0
  0
VERTEX
  5
23C
330
230
100
AcDbEntity
  8
DEFAULT
 62
     1
100
AcDbVertex
100
AcDb2dVertex
 10
631.3948580555555
 20
67.68338
 30
0.0
  0
VERTEX
  5
23D
330
230
100
AcDbEntity
  8
DEFAULT
 62
     1
100
AcDbVertex
100
AcDb2dVertex
 10
631.3948580555555
 20
70.68587166666667
 30
0.0
  0
VERTEX
  5
23E
330
230
100
AcDbEntity
  8
DEFAULT
 62
     1
100
AcDbVertex
100
AcDb2dVertex
 10
639.8968025
 20
70.68587166666667
 30
0.0
  0
VERTEX
  5
23F
330
230
100
AcDbEntity
  8
DEFAULT
 62
     1
100
AcDbVertex
100
AcDb2dVertex
 10
639.8968025
 20
67.68338
 30
0.0
  0
VERTEX
  5
240
330
230
100
AcDbEntity
  8
DEFAULT
 62
     1
100
AcDbVertex
100
AcDb2dVertex
 10
648.3952191666666
 20
67.68338
 30
0.0
  0
VERTEX
  5
241
330
230
100
AcDbEntity
  8
DEFAULT
 62
     1
100
AcDbVertex
100
AcDb2dVertex
 10
648.3952191666666
 20
70.68587166666667
 30
0.0
  0
VERTEX
  5
242
330
230
100
AcDbEntity
  8
DEFAULT
 62
     1
100
AcDbVertex
100
AcDb2dVertex
 10
656.8971636111111
 20
70.68587166666667
 30
0.0
  0
VERTEX
  5
243
330
230
100
AcDbEntity
  8
DEFAULT
 62
     1
100
AcDbVertex
100
AcDb2dVertex
 10
656.8971636111111
 20
63.72909388888889
 30
0.0
  0
VERTEX
  5
244
330
230
100
AcDbEntity
  8
DEFAULT
 62
     1
100
AcDbVertex
100
AcDb2dVertex
 10
653.8950247222222
 20
63.72909388888889
 30
0.0
  0
VERTEX
  5
245
330
230
100
AcDbEntity
  8
DEFAULT
 62
     1
100
AcDbVertex
100
AcDb2dVertex
 10
653.8950247222222
 20
56.77549111111111
 30
0.0
  0
VERTEX
  5
246
330
230
100
AcDbEntity
  8
DEFAULT
 62
     1
100
AcDbVertex
100
AcDb2dVertex
 10
656.8971636111111
 20
56.77549111111111
 30
0.0
  0
VERTEX
  5
247
330
230
100
AcDbEntity
  8
DEFAULT
 62
     1
100
AcDbVertex
100
AcDb2dVertex
 10
656.8971636111111
 20
49.82259388888888
 30
0.0
  0
VERTEX
  5
248
330
230
100
AcDbEntity
  8
DEFAULT
 62
     1
100
AcDbVertex
100
AcDb2dVertex
 10
653.8950247222222
 20
49.82259388888888
 30
0.0
  0
VERTEX
  5
249
330
230
100
AcDbEntity
  8
DEFAULT
 62
     1
100
AcDbVertex
100
AcDb2dVertex
 10
653.8950247222222
 20
42.86581611111111
 30
0.0
  0
VERTEX
  5
24A
330
230
100
AcDbEntity
  8
DEFAULT
 62
     1
100
AcDbVertex
100
AcDb2dVertex
 10
656.8971636111111
 20
42.86581611111111
 30
0.0
  0
VERTEX
  5
24B
330
230
100
AcDbEntity
  8
DEFAULT
 62
     1
100
AcDbVertex
100
AcDb2dVertex
 10
656.8971636111111
 20
35.91256611111111
 30
0.0
  0
VERTEX
  5
24C
330
230
100
AcDbEntity
  8
DEFAULT
 62
     1
100
AcDbVertex
100
AcDb2dVertex
 10
653.8950247222222
 20
35.91256611111111
 30
0.0
  0
VERTEX
  5
24D
330
230
100
AcDbEntity
  8
DEFAULT
 62
     1
100
AcDbVertex
100
AcDb2dVertex
 10
653.8950247222222
 20
28.95896333333333
 30
0.0
  0
VERTEX
  5
24E
330
230
100
AcDbEntity
  8
DEFAULT
 62
     1
100
AcDbVertex
100
AcDb2dVertex
 10
656.8971636111111
 20
28.95896333333333
 30
0.0
  0
VERTEX
  5
24F
330
230
100
AcDbEntity
  8
DEFAULT
 62
     1
100
AcDbVertex
100
AcDb2dVertex
 10
656.8971636111111
 20
22.00253833333333
 30
0.0
  0
VERTEX
  5
250
330
230
100
AcDbEntity
  8
DEFAULT
 62
     1
100
AcDbVertex
100
AcDb2dVertex
 10
648.3952191666666
 20
22.00253833333333
 30
0.0
  0
SEQEND
  5
251
330
230
100
AcDbEntity
  8
DEFAULT
 62
     1
  0
SPLINE
  5
252
330
1F
100
AcDbEntity
  8
DEFAULT
 62
     1
100
AcDbSpline
210
0.0
220
0.0
230
1.0
 70
    11
 71
     3
 72
    17
 73
    13
 74
     0
 42
0.000000001
 43
0.0000000001
 40
0.0
 40
0.0
 40
0.0
 40
0.0
 40
1.0
 40
1.0
 40
1.0
 40
2.0
 40
2.0
 40
2.0
 40
3.0
 40
3.0
 40
3.0
 40
4.0
 40
4.0
 40
4.0
 40
4.0
 10
568.796628611111
 20
103.7023791666667
 30
0.0
 10
563.8506841666666
 20
103.7023791666667
 30
0.0
 10
559.8360730555555
 20
107.7236930555555
 30
0.0
 10
559.8360730555555
 20
112.6766930555555
 30
0.0
 10
559.8360730555555
 20
117.6155819444444
 30
0.0
 10
563.8506841666666
 20
121.6337208333333
 30
0.0
 10
568.796628611111
 20
121.6337208333333
 30
0.0
 10
573.7531563888888
 20
121.6337208333333
 30
0.0
 10
577.7712952777778
 20
117.6155819444444
 30
0.0
 10
577.7712952777778
 20
112.6766930555555
 30
0.0
 10
577.7712952777778
 20
107.7236930555555
 30
0.0
 10
573.7531563888888
 20
103.7023791666667
 30
0.0
 10
568.796628611111
 20
103.7023791666667
 30
0.0
  0
SPLINE
  5
253
330
1F
100
AcDbEntity
  8
DEFAULT
 62
     1
100
AcDbSpline
210
0.0
220
0.0
230
1.0
 70
    11
 71
     3
 72
    17
 73
    13
 74
     0
 42
0.000000001
 43
0.0000000001
 40
0.0
 40
0.0
 40
0.0
 40
0.0
 40
1.0
 40
1.0
 40
1.0
 40
2.0
 40
2.0
 40
2.0
 40
3.0
 40
3.0
 40
3.0
 40
4.0
 40
4.0
 40
4.0
 40
4.0
 10
551.3024491666666
 20
106.8384325
 30
0.0
 10
548.3465241666667
 20
106.8384325
 30
0.0
 10
545.9472824999999
 20
109.2373213888889
 30
0.0
 10
545.9472824999999
 20
112.1967741666667
 30
0.0
 10
545.9472824999999
 20
115.1463491666667
 30
0.0
 10
548.3465241666667
 20
117.5487658333333
 30
0.0
 10
551.3024491666666
 20
117.5487658333333
 30
0.0
 10
554.2587269444444
 20
117.5487658333333
 30
0.0
 10
556.6607908333333
 20
115.1463491666667
 30
0.0
 10
556.6607908333333
 20
112.1967741666667
 30
0.0
 10
556.6607908333333
 20
109.2373213888889
 30
0.0
 10
554.2587269444444
 20
106.8384325
 30
0.0
 10
551.3024491666666
 20
106.8384325
 30
0.0
  0
POLYLINE
  5
254
330
1F
100
AcDbEntity
  8
DEFAULT
 62
     1
100
AcDb2dPolyline
 66
     1
 10
0.0
 20
0.0
 30
0.0
 70
     1
  0
VERTEX
  5
255
330
254
100
AcDbEntity
  8
DEFAULT
 62
     1
100
AcDbVertex
100
AcDb2dVertex
 10
585.4374738888889
 20
124.9430938888889
 30
0.0
  0
VERTEX
  5
256
330
254
100
AcDbEntity
  8
DEFAULT
 62
     1
100
AcDbVertex
100
AcDb2dVertex
 10
585.4374738888889
 20
133.4450383333333
 30
0.0
  0
VERTEX
  5
257
330
254
100
AcDbEntity
  8
DEFAULT
 62
     1
100
AcDbVertex
100
AcDb2dVertex
 10
578.4842238888889
 20
133.4450383333333
 30
0.0
  0
VERTEX
  5
258
330
254
100
AcDbEntity
  8
DEFAULT
 62
     1
100
AcDbVertex
100
AcDb2dVertex
 10
578.4842238888889
 20
130.4428994444444
 30
0.0
  0
VERTEX
  5
259
330
254
100
AcDbEntity
  8
DEFAULT
 62
     1
100
AcDbVertex
100
AcDb2dVertex
 10
571.530621111111
 20
130.4428994444444
 30
0.0
  0
VERTEX
  5
25A
330
254
100
AcDbEntity
  8
DEFAULT
 62
     1
100
AcDbVertex
100
AcDb2dVertex
 10
571.530621111111
 20
133.4450383333333
 30
0.0
  0
VERTEX
  5
25B
330
254
100
AcDbEntity
  8
DEFAULT
 62
     1
100
AcDbVertex
100
AcDb2dVertex
 10
564.5741961111111
 20
133.4450383333333
 30
0.0
  0
VERTEX
  5
25C
330
254
100
AcDbEntity
  8
DEFAULT
 62
     1
100
AcDbVertex
100
AcDb2dVertex
 10
564.5741961111111
 20
130.4428994444444
 30
0.0
  0
VERTEX
  5
25D
330
254
100
AcDbEntity
  8
DEFAULT
 62
     1
100
AcDbVertex
100
AcDb2dVertex
 10
557.6205933333333
 20
130.4428994444444
 30
0.0
  0
VERTEX
  5
25E
330
254
100
AcDbEntity
  8
DEFAULT
 62
     1
100
AcDbVertex
100
AcDb2dVertex
 10
557.6205933333333
 20
133.4450383333333
 30
0.0
  0
VERTEX
  5
25F
330
254
100
AcDbEntity
  8
DEFAULT
 62
     1
100
AcDbVertex
100
AcDb2dVertex
 10
550.6673433333333
 20
133.4450383333333
 30
0.0
  0
VERTEX
  5
260
330
254
100
AcDbEntity
  8
DEFAULT
 62
     1
100
AcDbVertex
100
AcDb2dVertex
 10
550.6673433333333
 20
130.4428994444444
 30
0.0
  0
VERTEX
  5
261
330
254
100
AcDbEntity
  8
DEFAULT
 62
     1
100
AcDbVertex
100
AcDb2dVertex
 10
543.7109183333333
 20
130.4428994444444
 30
0.0
  0
VERTEX
  5
262
330
254
100
AcDbEntity
  8
DEFAULT
 62
     1
100
AcDbVertex
100
AcDb2dVertex
 10
543.7109183333333
 20
133.4450383333333
 30
0.0
  0
VERTEX
  5
263
330
254
100
AcDbEntity
  8
DEFAULT
 62
     1
100
AcDbVertex
100
AcDb2dVertex
 10
536.7576683333333
 20
133.4450383333333
 30
0.0
  0
VERTEX
  5
264
330
254
100
AcDbEntity
  8
DEFAULT
 62
     1
100
AcDbVertex
100
AcDb2dVertex
 10
536.7576683333333
 20
124.9430938888889
 30
0.0
  0
VERTEX
  5
265
330
254
100
AcDbEntity
  8
DEFAULT
 62
     1
100
AcDbVertex
100
AcDb2dVertex
 10
539.7562794444444
 20
124.9430938888889
 30
0.0
  0
VERTEX
  5
266
330
254
100
AcDbEntity
  8
DEFAULT
 62
     1
100
AcDbVertex
100
AcDb2dVertex
 10
539.7562794444444
 20
116.4446772222222
 30
0.0
  0
VERTEX
  5
267
330
254
100
AcDbEntity
  8
DEFAULT
 62
     1
100
AcDbVertex
100
AcDb2dVertex
 10
536.7576683333333
 20
116.4446772222222
 30
0.0
  0
VERTEX
  5
268
330
254
100
AcDbEntity
  8
DEFAULT
 62
     1
100
AcDbVertex
100
AcDb2dVertex
 10
536.7576683333333
 20
107.9427327777778
 30
0.0
  0
VERTEX
  5
269
330
254
100
AcDbEntity
  8
DEFAULT
 62
     1
100
AcDbVertex
100
AcDb2dVertex
 10
539.7562794444444
 20
107.9427327777778
 30
0.0
  0
VERTEX
  5
26A
330
254
100
AcDbEntity
  8
DEFAULT
 62
     1
100
AcDbVertex
100
AcDb2dVertex
 10
539.7562794444444
 20
99.4443161111111
 30
0.0
  0
VERTEX
  5
26B
330
254
100
AcDbEntity
  8
DEFAULT
 62
     1
100
AcDbVertex
100
AcDb2dVertex
 10
536.7576683333333
 20
99.4443161111111
 30
0.0
  0
VERTEX
  5
26C
330
254
100
AcDbEntity
  8
DEFAULT
 62
     1
100
AcDbVertex
100
AcDb2dVertex
 10
536.7576683333333
 20
90.9420188888889
 30
0.0
  0
VERTEX
  5
26D
330
254
100
AcDbEntity
  8
DEFAULT
 62
     1
100
AcDbVertex
100
AcDb2dVertex
 10
539.7562794444444
 20
90.9420188888889
 30
0.0
  0
VERTEX
  5
26E
330
254
100
AcDbEntity
  8
DEFAULT
 62
     1
100
AcDbVertex
100
AcDb2dVertex
 10
539.7562794444444
 20
82.44360222222221
 30
0.0
  0
VERTEX
  5
26F
330
254
100
AcDbEntity
  8
DEFAULT
 62
     1
100
AcDbVertex
100
AcDb2dVertex
 10
536.7576683333333
 20
82.44360222222221
 30
0.0
  0
VERTEX
  5
270
330
254
100
AcDbEntity
  8
DEFAULT
 62
     1
100
AcDbVertex
100
AcDb2dVertex
 10
536.7576683333333
 20
73.94201055555556
 30
0.0
  0
VERTEX
  5
271
330
254
100
AcDbEntity
  8
DEFAULT
 62
     1
100
AcDbVertex
100
AcDb2dVertex
 10
546.5472516666666
 20
73.94201055555556
 30
0.0
  0
VERTEX
  5
272
330
254
100
AcDbEntity
  8
DEFAULT
 62
     1
100
AcDbVertex
100
AcDb2dVertex
 10
546.5472516666666
 20
90.9420188888889
 30
0.0
  0
VERTEX
  5
273
330
254
100
AcDbEntity
  8
DEFAULT
 62
     1
100
AcDbVertex
100
AcDb2dVertex
 10
554.1319738888889
 20
90.9420188888889
 30
0.0
  0
VERTEX
  5
274
330
254
100
AcDbEntity
  8
DEFAULT
 62
     1
100
AcDbVertex
100
AcDb2dVertex
 10
554.1319738888889
 20
86.46562166666666
 30
0.0
  0
VERTEX
  5
275
330
254
100
AcDbEntity
  8
DEFAULT
 62
     1
100
AcDbVertex
100
AcDb2dVertex
 10
568.0631683333334
 20
86.46562166666666
 30
0.0
  0
VERTEX
  5
276
330
254
100
AcDbEntity
  8
DEFAULT
 62
     1
100
AcDbVertex
100
AcDb2dVertex
 10
568.0631683333334
 20
90.9420188888889
 30
0.0
  0
VERTEX
  5
277
330
254
100
AcDbEntity
  8
DEFAULT
 62
     1
100
AcDbVertex
100
AcDb2dVertex
 10
575.6478905555556
 20
90.9420188888889
 30
0.0
  0
VERTEX
  5
278
330
254
100
AcDbEntity
  8
DEFAULT
 62
     1
100
AcDbVertex
100
AcDb2dVertex
 10
575.6478905555556
 20
73.94201055555556
 30
0.0
  0
VERTEX
  5
279
330
254
100
AcDbEntity
  8
DEFAULT
 62
     1
100
AcDbVertex
100
AcDb2dVertex
 10
585.4374738888889
 20
73.94201055555556
 30
0.0
  0
VERTEX
  5
27A
330
254
100
AcDbEntity
  8
DEFAULT
 62
     1
100
AcDbVertex
100
AcDb2dVertex
 10
585.4374738888889
 20
82.44360222222221
 30
0.0
  0
VERTEX
  5
27B
330
254
100
AcDbEntity
  8
DEFAULT
 62
     1
100
AcDbVertex
100
AcDb2dVertex
 10
582.4388627777778
 20
82.44360222222221
 30
0.0
  0
VERTEX
  5
27C
330
254
100
AcDbEntity
  8
DEFAULT
 62
     1
100
AcDbVertex
100
AcDb2dVertex
 10
582.4388627777778
 20
90.9420188888889
 30
0.0
  0
VERTEX
  5
27D
330
254
100
AcDbEntity
  8
DEFAULT
 62
     1
100
AcDbVertex
100
AcDb2dVertex
 10
585.4374738888889
 20
90.9420188888889
 30
0.0
  0
VERTEX
  5
27E
330
254
100
AcDbEntity
  8
DEFAULT
 62
     1
100
AcDbVertex
100
AcDb2dVertex
 10
585.4374738888889
 20
99.4443161111111
 30
0.0
  0
VERTEX
  5
27F
330
254
100
AcDbEntity
  8
DEFAULT
 62
     1
100
AcDbVertex
100
AcDb2dVertex
 10
582.4388627777778
 20
99.4443161111111
 30
0.0
  0
VERTEX
  5
280
330
254
100
AcDbEntity
  8
DEFAULT
 62
     1
100
AcDbVertex
100
AcDb2dVertex
 10
582.4388627777778
 20
107.9427327777778
 30
0.0
  0
VERTEX
  5
281
330
254
100
AcDbEntity
  8
DEFAULT
 62
     1
100
AcDbVertex
100
AcDb2dVertex
 10
585.4374738888889
 20
107.9427327777778
 30
0.0
  0
VERTEX
  5
282
330
254
100
AcDbEntity
  8
DEFAULT
 62
     1
100
AcDbVertex
100
AcDb2dVertex
 10
585.4374738888889
 20
116.4446772222222
 30
0.0
  0
VERTEX
  5
283
330
254
100
AcDbEntity
  8
DEFAULT
 62
     1
100
AcDbVertex
100
AcDb2dVertex
 10
582.4388627777778
 20
116.4446772222222
 30
0.0
  0
VERTEX
  5
284
330
254
100
AcDbEntity
  8
DEFAULT
 62
     1
100
AcDbVertex
100
AcDb2dVertex
 10
582.4388627777778
 20
124.9430938888889
 30
0.0
  0
SEQEND
  5
285
330
254
100
AcDbEntity
  8
DEFAULT
 62
     1
  0
SPLINE
  5
286
330
1F
100
AcDbEntity
  8
DEFAULT
 62
     1
100
AcDbSpline
210
0.0
220
0.0
230
1.0
 70
     8
 71
     3
 72
    77
 73
    73
 74
     0
 42
0.000000001
 43
0.0000000001
 40
0.0
 40
0.0
 40
0.0
 40
0.0
 40
8.500000529411748
 40
8.500000529411748
 40
8.500000529411748
 40
28.34000052941177
 40
28.34000052941177
 40
28.34000052941177
 40
30.61100052941173
 40
30.61100052941173
 40
30.61100052941173
 40
31.61100052941173
 40
31.61100052941173
 40
31.61100052941173
 40
122.8880948302274
 40
122.8880948302274
 40
122.8880948302274
 40
131.9590948302276
 40
131.9590948302276
 40
131.9590948302276
 40
223.2361021266985
 40
223.2361021266985
 40
223.2361021266985
 40
224.2361021266985
 40
224.2361021266985
 40
224.2361021266985
 40
226.5151021266985
 40
226.5151021266985
 40
226.5151021266985
 40
246.355104168029
 40
246.355104168029
 40
246.355104168029
 40
254.863104696943
 40
254.863104696943
 40
254.863104696943
 40
374.715104696943
 40
374.715104696943
 40
374.715104696943
 40
383.2131056383409
 40
383.2131056383409
 40
383.2131056383409
 40
403.0531056383409
 40
403.0531056383409
 40
403.0531056383409
 40
405.3131056383409
 40
405.3131056383409
 40
405.3131056383409
 40
406.3131056383409
 40
406.3131056383409
 40
406.3131056383409
 40
464.7022354828591
 40
464.7022354828591
 40
464.7022354828591
 40
465.7022354828591
 40
465.7022354828591
 40
465.7022354828591
 40
466.7022354828591
 40
466.7022354828591
 40
466.7022354828591
 40
525.0909590945291
 40
525.0909590945291
 40
525.0909590945291
 40
526.0909590945291
 40
526.0909590945291
 40
526.0909590945291
 40
528.3819590945291
 40
528.3819590945291
 40
528.3819590945291
 40
548.2219616146901
 40
548.2219616146901
 40
548.2219616146901
 40
556.7319625547606
 40
556.7319625547606
 40
556.7319625547606
 40
556.7319625547606
 10
674.8452974999999
 20
30.36679361111111
 30
0.0
 10
673.845760462963
 20
30.36714638888889
 30
0.0
 10
672.8462234259259
 20
30.36749916666666
 30
0.0
 10
671.8466863888889
 20
30.36785194444444
 30
0.0
 10
671.8466863888889
 20
28.03481490740741
 30
0.0
 10
671.8466863888889
 20
25.70177787037036
 30
0.0
 10
671.8466863888889
 20
23.36874083333333
 30
0.0
 10
672.1137391666666
 20
23.36874083333333
 30
0.0
 10
672.3807919444445
 20
23.36874083333333
 30
0.0
 10
672.6478447222222
 20
23.36874083333333
 30
0.0
 10
672.6478447222222
 20
21.71068527777777
 30
0.0
 10
671.4484002777778
 20
17.85482416666666
 30
0.0
 10
668.8445475
 20
19.31179638888889
 30
0.0
 10
668.7107271296296
 20
30.04447231481481
 30
0.0
 10
668.5769067592593
 20
40.77714824074074
 30
0.0
 10
668.4430863888889
 20
51.50982416666666
 30
0.0
 10
667.3764039814814
 20
51.50982416666667
 30
0.0
 10
666.3097215740739
 20
51.50982416666667
 30
0.0
 10
665.2430391666666
 20
51.50982416666666
 30
0.0
 10
665.1100419444443
 20
40.77714824074074
 30
0.0
 10
664.9770447222221
 20
30.04447231481481
 30
0.0
 10
664.8440475
 20
19.31179638888889
 30
0.0
 10
662.2405474999999
 20
17.85482416666666
 30
0.0
 10
661.0414558333333
 20
21.71068527777777
 30
0.0
 10
661.0414558333333
 20
23.36874083333333
 30
0.0
 10
661.3094493518519
 20
23.36874083333333
 30
0.0
 10
661.5774428703704
 20
23.36874083333333
 30
0.0
 10
661.8454363888889
 20
23.36874083333333
 30
0.0
 10
661.8443780555556
 20
25.70177787037037
 30
0.0
 10
661.8433197222223
 20
28.03481490740741
 30
0.0
 10
661.8422613888889
 20
30.36785194444444
 30
0.0
 10
660.8417836111112
 20
30.36749916666666
 30
0.0
 10
659.8413058333334
 20
30.36714638888888
 30
0.0
 10
658.8408280555556
 20
30.36679361111111
 30
0.0
 10
658.8408280555556
 20
44.46050101851851
 30
0.0
 10
658.8408280555556
 20
58.55420842592591
 30
0.0
 10
658.8408280555556
 20
72.64791583333333
 30
0.0
 10
659.8401299074075
 20
72.64744546296295
 30
0.0
 10
660.8394317592594
 20
72.64697509259258
 30
0.0
 10
661.8387336111111
 20
72.64650472222222
 30
0.0
 10
661.8387336111111
 20
74.97954175925925
 30
0.0
 10
661.8387336111111
 20
77.31257879629628
 30
0.0
 10
661.8387336111111
 20
79.64561583333331
 30
0.0
 10
661.5729743518519
 20
79.64561583333331
 30
0.0
 10
661.3072150925926
 20
79.64561583333331
 30
0.0
 10
661.0414558333333
 20
79.64561583333331
 30
0.0
 10
661.0414558333333
 20
81.30402416666665
 30
0.0
 10
662.2405474999999
 20
85.15988527777778
 30
0.0
 10
664.8408724999999
 20
83.70256027777776
 30
0.0
 10
664.9749280555556
 20
76.8377399074074
 30
0.0
 10
665.1089836111111
 20
69.97291953703701
 30
0.0
 10
665.2430391666666
 20
63.10809916666665
 30
0.0
 10
665.2430391666666
 20
62.22615472222221
 30
0.0
 10
665.9623530555555
 20
61.51389638888887
 30
0.0
 10
666.8478252777777
 20
61.51001583333333
 30
0.0
 10
667.7297697222222
 20
61.51001583333333
 30
0.0
 10
668.4462613888888
 20
62.22615472222221
 30
0.0
 10
668.4462613888888
 20
63.10809916666665
 30
0.0
 10
668.5778475
 20
69.97291953703701
 30
0.0
 10
668.7094336111111
 20
76.8377399074074
 30
0.0
 10
668.8410197222222
 20
83.70256027777776
 30
0.0
 10
671.4484002777778
 20
85.15988527777778
 30
0.0
 10
672.6478447222222
 20
81.30402416666665
 30
0.0
 10
672.6478447222222
 20
79.64561583333331
 30
0.0
 10
672.3784400925925
 20
79.64561583333331
 30
0.0
 10
672.109035462963
 20
79.64561583333331
 30
0.0
 10
671.8396308333333
 20
79.64561583333331
 30
0.0
 10
671.8408067592593
 20
77.31257879629628
 30
0.0
 10
671.8419826851853
 20
74.97954175925925
 30
0.0
 10
671.8431586111111
 20
72.64650472222222
 30
0.0
 10
672.843871574074
 20
72.64697509259258
 30
0.0
 10
673.844584537037
 20
72.64744546296295
 30
0.0
 10
674.8452974999999
 20
72.64791583333333
 30
0.0
  0
SPLINE
  5
287
330
1F
100
AcDbEntity
  8
DEFAULT
 62
     1
100
AcDbSpline
210
0.0
220
0.0
230
1.0
 70
    11
 71
     3
 72
    80
 73
    76
 74
     0
 42
0.000000001
 43
0.0000000001
 40
8.49800094139797
 40
8.49800094139797
 40
8.49800094139797
 40
8.49800094139797
 40
28.33800094139797
 40
28.33800094139797
 40
28.33800094139797
 40
30.59900094139794
 40
30.59900094139794
 40
30.59900094139794
 40
31.59900094139794
 40
31.59900094139794
 40
31.59900094139794
 40
89.98811127029404
 40
89.98811127029404
 40
89.98811127029404
 40
90.98811127029404
 40
90.98811127029404
 40
90.98811127029404
 40
91.98811127029404
 40
91.98811127029404
 40
91.98811127029404
 40
150.3768732455235
 40
150.3768732455235
 40
150.3768732455235
 40
151.3768732455235
 40
151.3768732455235
 40
151.3768732455235
 40
153.6668732455237
 40
153.6668732455237
 40
153.6668732455237
 40
173.5068752868542
 40
173.5068752868542
 40
173.5068752868542
 40
182.0168762269247
 40
182.0168762269247
 40
182.0168762269247
 40
301.8688762269247
 40
301.8688762269247
 40
301.8688762269247
 40
310.3688764622188
 40
310.3688764622188
 40
310.3688764622188
 40
330.2088764622188
 40
330.2088764622188
 40
330.2088764622188
 40
332.479876462219
 40
332.479876462219
 40
332.479876462219
 40
333.479876462219
 40
333.479876462219
 40
333.479876462219
 40
424.7579831581842
 40
424.7579831581842
 40
424.7579831581842
 40
433.8289831581843
 40
433.8289831581843
 40
433.8289831581843
 40
525.1069656183593
 40
525.1069656183593
 40
525.1069656183593
 40
526.1069656183593
 40
526.1069656183593
 40
526.1069656183593
 40
528.3879656183592
 40
528.3879656183592
 40
528.3879656183592
 40
548.2279681385203
 40
548.2279681385203
 40
548.2279681385203
 40
556.7359683735932
 40
556.7359683735932
 40
556.7359683735932
 40
676.5879683735932
 40
676.5879683735932
 40
676.5879683735932
 40
685.0859693149912
 40
685.0859693149912
 40
685.0859693149912
 40
685.0859693149912
 10
677.8432030555555
 20
72.64653999999999
 30
0.0
 10
677.8432030555555
 20
74.97957703703703
 30
0.0
 10
677.8432030555555
 20
77.31261407407406
 30
0.0
 10
677.8432030555555
 20
79.6456511111111
 30
0.0
 10
677.5773262037036
 20
79.6456511111111
 30
0.0
 10
677.3114493518518
 20
79.6456511111111
 30
0.0
 10
677.0455724999999
 20
79.6456511111111
 30
0.0
 10
677.0455724999999
 20
81.30405944444443
 30
0.0
 10
678.2450169444444
 20
85.15992055555554
 30
0.0
 10
680.8453419444444
 20
83.70259555555555
 30
0.0
 10
680.9792799074074
 20
76.83777518518518
 30
0.0
 10
681.1132178703702
 20
69.9729548148148
 30
0.0
 10
681.2471558333333
 20
63.10813444444443
 30
0.0
 10
681.2471558333333
 20
62.22618999999999
 30
0.0
 10
681.9668225
 20
61.51357888888889
 30
0.0
 10
682.8522947222223
 20
61.5100511111111
 30
0.0
 10
683.7342391666666
 20
61.5100511111111
 30
0.0
 10
684.4503780555556
 20
62.22618999999999
 30
0.0
 10
684.4503780555556
 20
63.10813444444443
 30
0.0
 10
684.5821993518517
 20
69.9729548148148
 30
0.0
 10
684.7140206481481
 20
76.83777518518518
 30
0.0
 10
684.8458419444444
 20
83.70259555555555
 30
0.0
 10
687.4525169444444
 20
85.15992055555554
 30
0.0
 10
688.6523141666667
 20
81.30405944444443
 30
0.0
 10
688.6523141666667
 20
79.6456511111111
 30
0.0
 10
688.3830271296296
 20
79.6456511111111
 30
0.0
 10
688.1137400925926
 20
79.6456511111111
 30
0.0
 10
687.8444530555555
 20
79.6456511111111
 30
0.0
 10
687.8455113888889
 20
77.31261407407406
 30
0.0
 10
687.8465697222222
 20
74.97957703703703
 30
0.0
 10
687.8476280555554
 20
72.64653999999999
 30
0.0
 10
688.8483410185185
 20
72.64701037037035
 30
0.0
 10
689.8490539814815
 20
72.64748074074073
 30
0.0
 10
690.8497669444444
 20
72.6479511111111
 30
0.0
 10
690.8497669444445
 20
58.5542437037037
 30
0.0
 10
690.8497669444445
 20
44.46053629629629
 30
0.0
 10
690.8497669444444
 20
30.36682888888889
 30
0.0
 10
689.8502299074074
 20
30.36706407407407
 30
0.0
 10
688.8506928703704
 20
30.36729925925925
 30
0.0
 10
687.8511558333332
 20
30.36753444444444
 30
0.0
 10
687.8511558333333
 20
28.0344974074074
 30
0.0
 10
687.8511558333333
 20
25.70146037037037
 30
0.0
 10
687.8511558333332
 20
23.36842333333333
 30
0.0
 10
688.1182086111111
 20
23.36842333333333
 30
0.0
 10
688.3852613888888
 20
23.36842333333333
 30
0.0
 10
688.6523141666667
 20
23.36842333333333
 30
0.0
 10
688.6523141666667
 20
21.71072055555556
 30
0.0
 10
687.4525169444444
 20
17.85521222222222
 30
0.0
 10
684.8490169444444
 20
19.31147888888889
 30
0.0
 10
684.7150789814814
 20
30.04427240740741
 30
0.0
 10
684.5811410185185
 20
40.77706592592592
 30
0.0
 10
684.4472030555555
 20
51.50985944444444
 30
0.0
 10
683.380520648148
 20
51.50985944444445
 30
0.0
 10
682.3138382407407
 20
51.50985944444445
 30
0.0
 10
681.2471558333333
 20
51.50985944444444
 30
0.0
 10
681.1143937962962
 20
40.77706592592592
 30
0.0
 10
680.9816317592592
 20
30.04427240740741
 30
0.0
 10
680.8488697222222
 20
19.31147888888889
 30
0.0
 10
678.2450169444444
 20
17.85521222222222
 30
0.0
 10
677.0455724999999
 20
21.71072055555556
 30
0.0
 10
677.0455724999999
 20
23.36842333333333
 30
0.0
 10
677.3138012037036
 20
23.36842333333333
 30
0.0
 10
677.5820299074073
 20
23.36842333333333
 30
0.0
 10
677.850258611111
 20
23.36842333333333
 30
0.0
 10
677.8490826851851
 20
25.70146037037037
 30
0.0
 10
677.8479067592591
 20
28.0344974074074
 30
0.0
 10
677.8467308333333
 20
30.36753444444444
 30
0.0
 10
676.8462530555554
 20
30.36729925925925
 30
0.0
 10
675.8457752777776
 20
30.36706407407407
 30
0.0
 10
674.8452974999999
 20
30.36682888888889
 30
0.0
 10
674.8452974999999
 20
44.46053629629629
 30
0.0
 10
674.8452974999999
 20
58.55424370370369
 30
0.0
 10
674.8452974999999
 20
72.6479511111111
 30
0.0
 10
675.8445993518518
 20
72.64748074074073
 30
0.0
 10
676.8439012037037
 20
72.64701037037035
 30
0.0
 10
677.8432030555555
 20
72.64653999999999
 30
0.0
  0
POLYLINE
  5
288
330
1F
100
AcDbEntity
  8
DEFAULT
 62
     1
100
AcDb2dPolyline
 66
     1
 10
0.0
 20
0.0
 30
0.0
 70
     1
  0
VERTEX
  5
289
330
288
100
AcDbEntity
  8
DEFAULT
 62
     1
100
AcDbVertex
100
AcDb2dVertex
 10
228.1138722222222
 20
9.774413888888889
 30
0.0
  0
VERTEX
  5
28A
330
288
100
AcDbEntity
  8
DEFAULT
 62
     1
100
AcDbVertex
100
AcDb2dVertex
 10
8.113888888888889
 20
9.774413888888889
 30
0.0
  0
VERTEX
  5
28B
330
288
100
AcDbEntity
  8
DEFAULT
 62
     1
100
AcDbVertex
100
AcDb2dVertex
 10
8.113888888888889
 20
139.7744361111111
 30
0.0
  0
VERTEX
  5
28C
330
288
100
AcDbEntity
  8
DEFAULT
 62
     1
100
AcDbVertex
100
AcDb2dVertex
 10
228.1138722222222
 20
139.7744361111111
 30
0.0
  0
SEQEND
  5
28D
330
288
100
AcDbEntity
  8
DEFAULT
 62
     1
  0
POLYLINE
  5
28E
330
1F
100
AcDbEntity
  8
DEFAULT
 62
     1
100
AcDb2dPolyline
 66
     1
 10
0.0
 20
0.0
 30
0.0
 70
     1
  0
VERTEX
  5
28F
330
28E
100
AcDbEntity
  8
DEFAULT
 62
     1
100
AcDbVertex
100
AcDb2dVertex
 10
16.31269138888889
 20
19.10580944444444
 30
0.0
  0
VERTEX
  5
290
330
28E
100
AcDbEntity
  8
DEFAULT
 62
     1
100
AcDbVertex
100
AcDb2dVertex
 10
16.31269138888889
 20
68.18848722222222
 30
0.0
  0
VERTEX
  5
291
330
28E
100
AcDbEntity
  8
DEFAULT
 62
     1
100
AcDbVertex
100
AcDb2dVertex
 10
23.20596916666666
 20
68.18848722222222
 30
0.0
  0
VERTEX
  5
292
330
28E
100
AcDbEntity
  8
DEFAULT
 62
     1
100
AcDbVertex
100
AcDb2dVertex
 10
23.20596916666666
 20
71.18709833333332
 30
0.0
  0
VERTEX
  5
293
330
28E
100
AcDbEntity
  8
DEFAULT
 62
     1
100
AcDbVertex
100
AcDb2dVertex
 10
30.09924694444444
 20
71.18709833333332
 30
0.0
  0
VERTEX
  5
294
330
28E
100
AcDbEntity
  8
DEFAULT
 62
     1
100
AcDbVertex
100
AcDb2dVertex
 10
30.09924694444444
 20
68.18848722222222
 30
0.0
  0
VERTEX
  5
295
330
28E
100
AcDbEntity
  8
DEFAULT
 62
     1
100
AcDbVertex
100
AcDb2dVertex
 10
36.99217194444444
 20
68.18848722222222
 30
0.0
  0
VERTEX
  5
296
330
28E
100
AcDbEntity
  8
DEFAULT
 62
     1
100
AcDbVertex
100
AcDb2dVertex
 10
36.99217194444444
 20
71.18709833333332
 30
0.0
  0
VERTEX
  5
297
330
28E
100
AcDbEntity
  8
DEFAULT
 62
     1
100
AcDbVertex
100
AcDb2dVertex
 10
43.8858025
 20
71.18709833333332
 30
0.0
  0
VERTEX
  5
298
330
28E
100
AcDbEntity
  8
DEFAULT
 62
     1
100
AcDbVertex
100
AcDb2dVertex
 10
43.8858025
 20
68.18848722222222
 30
0.0
  0
VERTEX
  5
299
330
28E
100
AcDbEntity
  8
DEFAULT
 62
     1
100
AcDbVertex
100
AcDb2dVertex
 10
50.77872749999999
 20
68.18848722222222
 30
0.0
  0
VERTEX
  5
29A
330
28E
100
AcDbEntity
  8
DEFAULT
 62
     1
100
AcDbVertex
100
AcDb2dVertex
 10
50.77872749999999
 20
71.18709833333332
 30
0.0
  0
VERTEX
  5
29B
330
28E
100
AcDbEntity
  8
DEFAULT
 62
     1
100
AcDbVertex
100
AcDb2dVertex
 10
57.66847749999999
 20
71.18709833333332
 30
0.0
  0
VERTEX
  5
29C
330
28E
100
AcDbEntity
  8
DEFAULT
 62
     1
100
AcDbVertex
100
AcDb2dVertex
 10
57.66847749999999
 20
68.18848722222222
 30
0.0
  0
VERTEX
  5
29D
330
28E
100
AcDbEntity
  8
DEFAULT
 62
     1
100
AcDbVertex
100
AcDb2dVertex
 10
64.56210805555556
 20
68.18848722222222
 30
0.0
  0
VERTEX
  5
29E
330
28E
100
AcDbEntity
  8
DEFAULT
 62
     1
100
AcDbVertex
100
AcDb2dVertex
 10
64.56210805555556
 20
62.08895944444444
 30
0.0
  0
VERTEX
  5
29F
330
28E
100
AcDbEntity
  8
DEFAULT
 62
     1
100
AcDbVertex
100
AcDb2dVertex
 10
61.55996916666666
 20
62.08895944444444
 30
0.0
  0
VERTEX
  5
2A0
330
28E
100
AcDbEntity
  8
DEFAULT
 62
     1
100
AcDbVertex
100
AcDb2dVertex
 10
61.55996916666666
 20
52.79291222222222
 30
0.0
  0
VERTEX
  5
2A1
330
28E
100
AcDbEntity
  8
DEFAULT
 62
     1
100
AcDbVertex
100
AcDb2dVertex
 10
64.56210805555556
 20
52.79291222222222
 30
0.0
  0
VERTEX
  5
2A2
330
28E
100
AcDbEntity
  8
DEFAULT
 62
     1
100
AcDbVertex
100
AcDb2dVertex
 10
64.56210805555556
 20
46.69691222222222
 30
0.0
  0
VERTEX
  5
2A3
330
28E
100
AcDbEntity
  8
DEFAULT
 62
     1
100
AcDbVertex
100
AcDb2dVertex
 10
61.55996916666666
 20
46.69691222222222
 30
0.0
  0
VERTEX
  5
2A4
330
28E
100
AcDbEntity
  8
DEFAULT
 62
     1
100
AcDbVertex
100
AcDb2dVertex
 10
61.55996916666666
 20
40.59738444444444
 30
0.0
  0
VERTEX
  5
2A5
330
28E
100
AcDbEntity
  8
DEFAULT
 62
     1
100
AcDbVertex
100
AcDb2dVertex
 10
64.56210805555556
 20
40.59738444444444
 30
0.0
  0
VERTEX
  5
2A6
330
28E
100
AcDbEntity
  8
DEFAULT
 62
     1
100
AcDbVertex
100
AcDb2dVertex
 10
64.56210805555556
 20
34.50138444444444
 30
0.0
  0
VERTEX
  5
2A7
330
28E
100
AcDbEntity
  8
DEFAULT
 62
     1
100
AcDbVertex
100
AcDb2dVertex
 10
61.55996916666666
 20
34.50138444444444
 30
0.0
  0
VERTEX
  5
2A8
330
28E
100
AcDbEntity
  8
DEFAULT
 62
     1
100
AcDbVertex
100
AcDb2dVertex
 10
61.55996916666666
 20
25.20533722222222
 30
0.0
  0
VERTEX
  5
2A9
330
28E
100
AcDbEntity
  8
DEFAULT
 62
     1
100
AcDbVertex
100
AcDb2dVertex
 10
64.56210805555556
 20
25.20533722222222
 30
0.0
  0
VERTEX
  5
2AA
330
28E
100
AcDbEntity
  8
DEFAULT
 62
     1
100
AcDbVertex
100
AcDb2dVertex
 10
64.56210805555556
 20
19.10580944444444
 30
0.0
  0
VERTEX
  5
2AB
330
28E
100
AcDbEntity
  8
DEFAULT
 62
     1
100
AcDbVertex
100
AcDb2dVertex
 10
57.66847749999999
 20
19.10580944444444
 30
0.0
  0
VERTEX
  5
2AC
330
28E
100
AcDbEntity
  8
DEFAULT
 62
     1
100
AcDbVertex
100
AcDb2dVertex
 10
57.66847749999999
 20
16.10719833333333
 30
0.0
  0
VERTEX
  5
2AD
330
28E
100
AcDbEntity
  8
DEFAULT
 62
     1
100
AcDbVertex
100
AcDb2dVertex
 10
50.77519972222222
 20
16.10719833333333
 30
0.0
  0
VERTEX
  5
2AE
330
28E
100
AcDbEntity
  8
DEFAULT
 62
     1
100
AcDbVertex
100
AcDb2dVertex
 10
50.77519972222222
 20
19.10580944444444
 30
0.0
  0
VERTEX
  5
2AF
330
28E
100
AcDbEntity
  8
DEFAULT
 62
     1
100
AcDbVertex
100
AcDb2dVertex
 10
43.88227472222222
 20
19.10580944444444
 30
0.0
  0
VERTEX
  5
2B0
330
28E
100
AcDbEntity
  8
DEFAULT
 62
     1
100
AcDbVertex
100
AcDb2dVertex
 10
43.88227472222222
 20
16.10719833333333
 30
0.0
  0
VERTEX
  5
2B1
330
28E
100
AcDbEntity
  8
DEFAULT
 62
     1
100
AcDbVertex
100
AcDb2dVertex
 10
36.98864416666666
 20
16.10719833333333
 30
0.0
  0
VERTEX
  5
2B2
330
28E
100
AcDbEntity
  8
DEFAULT
 62
     1
100
AcDbVertex
100
AcDb2dVertex
 10
36.98864416666666
 20
19.10580944444444
 30
0.0
  0
VERTEX
  5
2B3
330
28E
100
AcDbEntity
  8
DEFAULT
 62
     1
100
AcDbVertex
100
AcDb2dVertex
 10
30.09571916666666
 20
19.10580944444444
 30
0.0
  0
VERTEX
  5
2B4
330
28E
100
AcDbEntity
  8
DEFAULT
 62
     1
100
AcDbVertex
100
AcDb2dVertex
 10
30.09571916666666
 20
16.10719833333333
 30
0.0
  0
VERTEX
  5
2B5
330
28E
100
AcDbEntity
  8
DEFAULT
 62
     1
100
AcDbVertex
100
AcDb2dVertex
 10
23.20596916666666
 20
16.10719833333333
 30
0.0
  0
VERTEX
  5
2B6
330
28E
100
AcDbEntity
  8
DEFAULT
 62
     1
100
AcDbVertex
100
AcDb2dVertex
 10
23.20596916666666
 20
19.10580944444444
 30
0.0
  0
SEQEND
  5
2B7
330
28E
100
AcDbEntity
  8
DEFAULT
 62
     1
  0
POLYLINE
  5
2B8
330
1F
100
AcDbEntity
  8
DEFAULT
 62
     1
100
AcDb2dPolyline
 66
     1
 10
0.0
 20
0.0
 30
0.0
 70
     1
  0
VERTEX
  5
2B9
330
2B8
100
AcDbEntity
  8
DEFAULT
 62
     1
100
AcDbVertex
100
AcDb2dVertex
 10
80.76095805555555
 20
19.10580944444444
 30
0.0
  0
VERTEX
  5
2BA
330
2B8
100
AcDbEntity
  8
DEFAULT
 62
     1
100
AcDbVertex
100
AcDb2dVertex
 10
76.06231083333333
 20
19.10580944444444
 30
0.0
  0
VERTEX
  5
2BB
330
2B8
100
AcDbEntity
  8
DEFAULT
 62
     1
100
AcDbVertex
100
AcDb2dVertex
 10
76.06231083333333
 20
16.10367055555556
 30
0.0
  0
VERTEX
  5
2BC
330
2B8
100
AcDbEntity
  8
DEFAULT
 62
     1
100
AcDbVertex
100
AcDb2dVertex
 10
71.36295805555555
 20
16.10367055555556
 30
0.0
  0
VERTEX
  5
2BD
330
2B8
100
AcDbEntity
  8
DEFAULT
 62
     1
100
AcDbVertex
100
AcDb2dVertex
 10
71.36295805555555
 20
19.10580944444444
 30
0.0
  0
VERTEX
  5
2BE
330
2B8
100
AcDbEntity
  8
DEFAULT
 62
     1
100
AcDbVertex
100
AcDb2dVertex
 10
69.66644972222221
 20
19.10580944444444
 30
0.0
  0
VERTEX
  5
2BF
330
2B8
100
AcDbEntity
  8
DEFAULT
 62
     1
100
AcDbVertex
100
AcDb2dVertex
 10
69.66644972222221
 20
25.20533722222222
 30
0.0
  0
VERTEX
  5
2C0
330
2B8
100
AcDbEntity
  8
DEFAULT
 62
     1
100
AcDbVertex
100
AcDb2dVertex
 10
66.66395805555554
 20
25.20533722222222
 30
0.0
  0
VERTEX
  5
2C1
330
2B8
100
AcDbEntity
  8
DEFAULT
 62
     1
100
AcDbVertex
100
AcDb2dVertex
 10
66.66395805555554
 20
34.50138444444444
 30
0.0
  0
VERTEX
  5
2C2
330
2B8
100
AcDbEntity
  8
DEFAULT
 62
     1
100
AcDbVertex
100
AcDb2dVertex
 10
69.66644972222221
 20
34.50138444444444
 30
0.0
  0
VERTEX
  5
2C3
330
2B8
100
AcDbEntity
  8
DEFAULT
 62
     1
100
AcDbVertex
100
AcDb2dVertex
 10
69.66644972222221
 20
40.59703166666667
 30
0.0
  0
VERTEX
  5
2C4
330
2B8
100
AcDbEntity
  8
DEFAULT
 62
     1
100
AcDbVertex
100
AcDb2dVertex
 10
66.66395805555554
 20
40.59703166666667
 30
0.0
  0
VERTEX
  5
2C5
330
2B8
100
AcDbEntity
  8
DEFAULT
 62
     1
100
AcDbVertex
100
AcDb2dVertex
 10
66.66395805555554
 20
46.69655944444444
 30
0.0
  0
VERTEX
  5
2C6
330
2B8
100
AcDbEntity
  8
DEFAULT
 62
     1
100
AcDbVertex
100
AcDb2dVertex
 10
69.66644972222221
 20
46.69655944444444
 30
0.0
  0
VERTEX
  5
2C7
330
2B8
100
AcDbEntity
  8
DEFAULT
 62
     1
100
AcDbVertex
100
AcDb2dVertex
 10
69.66644972222221
 20
52.79291222222222
 30
0.0
  0
VERTEX
  5
2C8
330
2B8
100
AcDbEntity
  8
DEFAULT
 62
     1
100
AcDbVertex
100
AcDb2dVertex
 10
66.66395805555554
 20
52.79291222222222
 30
0.0
  0
VERTEX
  5
2C9
330
2B8
100
AcDbEntity
  8
DEFAULT
 62
     1
100
AcDbVertex
100
AcDb2dVertex
 10
66.66395805555554
 20
62.08895944444444
 30
0.0
  0
VERTEX
  5
2CA
330
2B8
100
AcDbEntity
  8
DEFAULT
 62
     1
100
AcDbVertex
100
AcDb2dVertex
 10
69.66644972222221
 20
62.08895944444444
 30
0.0
  0
VERTEX
  5
2CB
330
2B8
100
AcDbEntity
  8
DEFAULT
 62
     1
100
AcDbVertex
100
AcDb2dVertex
 10
69.66644972222221
 20
68.18848722222222
 30
0.0
  0
VERTEX
  5
2CC
330
2B8
100
AcDbEntity
  8
DEFAULT
 62
     1
100
AcDbVertex
100
AcDb2dVertex
 10
71.36295805555555
 20
68.18848722222222
 30
0.0
  0
VERTEX
  5
2CD
330
2B8
100
AcDbEntity
  8
DEFAULT
 62
     1
100
AcDbVertex
100
AcDb2dVertex
 10
71.36295805555555
 20
71.1906261111111
 30
0.0
  0
VERTEX
  5
2CE
330
2B8
100
AcDbEntity
  8
DEFAULT
 62
     1
100
AcDbVertex
100
AcDb2dVertex
 10
76.06548583333333
 20
71.1906261111111
 30
0.0
  0
VERTEX
  5
2CF
330
2B8
100
AcDbEntity
  8
DEFAULT
 62
     1
100
AcDbVertex
100
AcDb2dVertex
 10
76.06548583333333
 20
68.18848722222222
 30
0.0
  0
VERTEX
  5
2D0
330
2B8
100
AcDbEntity
  8
DEFAULT
 62
     1
100
AcDbVertex
100
AcDb2dVertex
 10
80.76448583333332
 20
68.18848722222222
 30
0.0
  0
VERTEX
  5
2D1
330
2B8
100
AcDbEntity
  8
DEFAULT
 62
     1
100
AcDbVertex
100
AcDb2dVertex
 10
80.76448583333332
 20
71.1906261111111
 30
0.0
  0
VERTEX
  5
2D2
330
2B8
100
AcDbEntity
  8
DEFAULT
 62
     1
100
AcDbVertex
100
AcDb2dVertex
 10
85.46348583333332
 20
71.1906261111111
 30
0.0
  0
VERTEX
  5
2D3
330
2B8
100
AcDbEntity
  8
DEFAULT
 62
     1
100
AcDbVertex
100
AcDb2dVertex
 10
85.46348583333332
 20
68.18848722222222
 30
0.0
  0
VERTEX
  5
2D4
330
2B8
100
AcDbEntity
  8
DEFAULT
 62
     1
100
AcDbVertex
100
AcDb2dVertex
 10
90.16248583333332
 20
68.18848722222222
 30
0.0
  0
VERTEX
  5
2D5
330
2B8
100
AcDbEntity
  8
DEFAULT
 62
     1
100
AcDbVertex
100
AcDb2dVertex
 10
90.16248583333332
 20
59.60857888888889
 30
0.0
  0
VERTEX
  5
2D6
330
2B8
100
AcDbEntity
  8
DEFAULT
 62
     1
100
AcDbVertex
100
AcDb2dVertex
 10
84.65562472222221
 20
59.60857888888889
 30
0.0
  0
VERTEX
  5
2D7
330
2B8
100
AcDbEntity
  8
DEFAULT
 62
     1
100
AcDbVertex
100
AcDb2dVertex
 10
84.65562472222221
 20
49.73080111111111
 30
0.0
  0
VERTEX
  5
2D8
330
2B8
100
AcDbEntity
  8
DEFAULT
 62
     1
100
AcDbVertex
100
AcDb2dVertex
 10
87.41117194444443
 20
49.73080111111111
 30
0.0
  0
VERTEX
  5
2D9
330
2B8
100
AcDbEntity
  8
DEFAULT
 62
     1
100
AcDbVertex
100
AcDb2dVertex
 10
87.41117194444443
 20
37.56349555555555
 30
0.0
  0
VERTEX
  5
2DA
330
2B8
100
AcDbEntity
  8
DEFAULT
 62
     1
100
AcDbVertex
100
AcDb2dVertex
 10
84.65562472222221
 20
37.56349555555555
 30
0.0
  0
VERTEX
  5
2DB
330
2B8
100
AcDbEntity
  8
DEFAULT
 62
     1
100
AcDbVertex
100
AcDb2dVertex
 10
84.65562472222221
 20
27.68571777777778
 30
0.0
  0
VERTEX
  5
2DC
330
2B8
100
AcDbEntity
  8
DEFAULT
 62
     1
100
AcDbVertex
100
AcDb2dVertex
 10
90.16248583333332
 20
27.68571777777778
 30
0.0
  0
VERTEX
  5
2DD
330
2B8
100
AcDbEntity
  8
DEFAULT
 62
     1
100
AcDbVertex
100
AcDb2dVertex
 10
90.16248583333332
 20
19.10580944444444
 30
0.0
  0
VERTEX
  5
2DE
330
2B8
100
AcDbEntity
  8
DEFAULT
 62
     1
100
AcDbVertex
100
AcDb2dVertex
 10
85.46348583333332
 20
19.10580944444444
 30
0.0
  0
VERTEX
  5
2DF
330
2B8
100
AcDbEntity
  8
DEFAULT
 62
     1
100
AcDbVertex
100
AcDb2dVertex
 10
85.46348583333332
 20
16.10367055555556
 30
0.0
  0
VERTEX
  5
2E0
330
2B8
100
AcDbEntity
  8
DEFAULT
 62
     1
100
AcDbVertex
100
AcDb2dVertex
 10
80.76095805555555
 20
16.10367055555556
 30
0.0
  0
SEQEND
  5
2E1
330
2B8
100
AcDbEntity
  8
DEFAULT
 62
     1
  0
SPLINE
  5
2E2
330
1F
100
AcDbEntity
  8
DEFAULT
 62
     1
100
AcDbSpline
210
0.0
220
0.0
230
1.0
 70
    11
 71
     3
 72
    17
 73
    13
 74
     0
 42
0.000000001
 43
0.0000000001
 40
0.0
 40
0.0
 40
0.0
 40
0.0
 40
1.0
 40
1.0
 40
1.0
 40
2.0
 40
2.0
 40
2.0
 40
3.0
 40
3.0
 40
3.0
 40
4.0
 40
4.0
 40
4.0
 40
4.0
 10
128.2691886111111
 20
24.35905861111111
 30
0.0
 10
125.3690025
 20
24.35905861111111
 30
0.0
 10
123.0195025
 20
26.70855861111111
 30
0.0
 10
123.0195025
 20
29.60839194444444
 30
0.0
 10
123.0195025
 20
32.50822527777778
 30
0.0
 10
125.3690025
 20
34.85772527777777
 30
0.0
 10
128.2691886111111
 20
34.85772527777777
 30
0.0
 10
131.1690219444444
 20
34.85772527777777
 30
0.0
 10
133.5185219444444
 20
32.50822527777778
 30
0.0
 10
133.5185219444444
 20
29.60839194444444
 30
0.0
 10
133.5185219444444
 20
26.70855861111111
 30
0.0
 10
131.1690219444444
 20
24.35905861111111
 30
0.0
 10
128.2691886111111
 20
24.35905861111111
 30
0.0
  0
SPLINE
  5
2E3
330
1F
100
AcDbEntity
  8
DEFAULT
 62
     1
100
AcDbSpline
210
0.0
220
0.0
230
1.0
 70
    11
 71
     3
 72
    83
 73
    79
 74
     0
 42
0.000000001
 43
0.0000000001
 40
1.0
 40
1.0
 40
1.0
 40
1.0
 40
19.61899999999997
 40
19.61899999999997
 40
19.61899999999997
 40
20.61899999999997
 40
20.61899999999997
 40
20.61899999999997
 40
40.15899999999997
 40
40.15899999999997
 40
40.15899999999997
 40
48.65899999999997
 40
48.65899999999997
 40
48.65899999999997
 40
68.18799999999996
 40
68.18799999999996
 40
68.18799999999996
 40
76.68799999999996
 40
76.68799999999996
 40
76.68799999999996
 40
96.22899999999996
 40
96.22899999999996
 40
96.22899999999996
 40
104.729
 40
104.729
 40
104.729
 40
124.269
 40
124.269
 40
124.269
 40
132.769
 40
132.769
 40
132.769
 40
152.309
 40
152.309
 40
152.309
 40
160.809
 40
160.809
 40
160.809
 40
180.349
 40
180.349
 40
180.349
 40
188.849
 40
188.849
 40
188.849
 40
208.389
 40
208.389
 40
208.389
 40
221.71
 40
221.71
 40
221.71
 40
230.22
 40
230.22
 40
230.22
 40
243.54
 40
243.54
 40
243.54
 40
252.05
 40
252.05
 40
252.05
 40
265.369
 40
265.369
 40
265.369
 40
273.879
 40
273.879
 40
273.879
 40
287.209
 40
287.209
 40
287.209
 40
295.7190000000001
 40
295.7190000000001
 40
295.7190000000001
 40
309.04
 40
309.04
 40
309.04
 40
425.48
 40
425.48
 40
425.48
 40
426.48
 40
426.48
 40
426.48
 40
426.48
 10
128.2691886111111
 20
19.36023277777777
 30
0.0
 10
130.4586450925925
 20
19.36023277777777
 30
0.0
 10
132.648101574074
 20
19.36023277777777
 30
0.0
 10
134.8375580555555
 20
19.36023277777777
 30
0.0
 10
138.5314941666666
 20
19.36023277777777
 30
0.0
 10
141.5159941666666
 20
20.73606611111111
 30
0.0
 10
141.5159941666666
 20
22.436455
 30
0.0
 10
141.5159941666666
 20
24.73421425925926
 30
0.0
 10
141.5159941666666
 20
27.03197351851852
 30
0.0
 10
141.5159941666666
 20
29.32973277777777
 30
0.0
 10
140.5164571296296
 20
29.32973277777777
 30
0.0
 10
139.5169200925926
 20
29.32973277777777
 30
0.0
 10
138.5173830555555
 20
29.32973277777777
 30
0.0
 10
138.5173830555555
 20
31.62619851851852
 30
0.0
 10
138.5173830555555
 20
33.92266425925926
 30
0.0
 10
138.5173830555555
 20
36.21912999999999
 30
0.0
 10
139.5169200925926
 20
36.21912999999999
 30
0.0
 10
140.5164571296296
 20
36.21912999999999
 30
0.0
 10
141.5159941666666
 20
36.21912999999999
 30
0.0
 10
141.5159941666666
 20
38.51700685185184
 30
0.0
 10
141.5159941666666
 20
40.81488370370369
 30
0.0
 10
141.5159941666666
 20
43.11276055555555
 30
0.0
 10
140.5164571296296
 20
43.11276055555555
 30
0.0
 10
139.5169200925926
 20
43.11276055555555
 30
0.0
 10
138.5173830555555
 20
43.11276055555555
 30
0.0
 10
138.5173830555555
 20
45.41051981481481
 30
0.0
 10
138.5173830555555
 20
47.70827907407406
 30
0.0
 10
138.5173830555555
 20
50.00603833333333
 30
0.0
 10
139.5169200925926
 20
50.00603833333333
 30
0.0
 10
140.5164571296296
 20
50.00603833333333
 30
0.0
 10
141.5159941666666
 20
50.00603833333333
 30
0.0
 10
141.5159941666666
 20
52.30379759259259
 30
0.0
 10
141.5159941666666
 20
54.60155685185185
 30
0.0
 10
141.5159941666666
 20
56.8993161111111
 30
0.0
 10
140.5164571296296
 20
56.89931611111111
 30
0.0
 10
139.5169200925926
 20
56.89931611111111
 30
0.0
 10
138.5173830555555
 20
56.8993161111111
 30
0.0
 10
138.5173830555555
 20
59.19707537037036
 30
0.0
 10
138.5173830555555
 20
61.49483462962962
 30
0.0
 10
138.5173830555555
 20
63.79259388888888
 30
0.0
 10
139.5169200925926
 20
63.79259388888888
 30
0.0
 10
140.5164571296296
 20
63.79259388888888
 30
0.0
 10
141.5159941666666
 20
63.79259388888888
 30
0.0
 10
141.5159941666666
 20
66.09035314814814
 30
0.0
 10
141.5159941666666
 20
68.3881124074074
 30
0.0
 10
141.5159941666666
 20
70.68587166666667
 30
0.0
 10
139.9495432407407
 20
70.68587166666667
 30
0.0
 10
138.3830923148148
 20
70.68587166666667
 30
0.0
 10
136.8166413888889
 20
70.68587166666667
 30
0.0
 10
136.8166413888889
 20
69.68515870370369
 30
0.0
 10
136.8166413888889
 20
68.68444574074073
 30
0.0
 10
136.8166413888889
 20
67.68373277777776
 30
0.0
 10
135.2503080555555
 20
67.68373277777776
 30
0.0
 10
133.6839747222222
 20
67.68373277777776
 30
0.0
 10
132.1176413888889
 20
67.68373277777776
 30
0.0
 10
132.1176413888889
 20
68.68444574074073
 30
0.0
 10
132.1176413888889
 20
69.68515870370369
 30
0.0
 10
132.1176413888889
 20
70.68587166666667
 30
0.0
 10
130.5514256481481
 20
70.68587166666667
 30
0.0
 10
128.9852099074074
 20
70.68587166666667
 30
0.0
 10
127.4189941666666
 20
70.68587166666667
 30
0.0
 10
127.4189941666666
 20
69.68515870370369
 30
0.0
 10
127.4189941666666
 20
68.68444574074073
 30
0.0
 10
127.4189941666666
 20
67.68373277777776
 30
0.0
 10
125.8514849074074
 20
67.68373277777776
 30
0.0
 10
124.2839756481481
 20
67.68373277777776
 30
0.0
 10
122.7164663888889
 20
67.68373277777776
 30
0.0
 10
122.7164663888889
 20
68.68444574074073
 30
0.0
 10
122.7164663888889
 20
69.68515870370369
 30
0.0
 10
122.7164663888889
 20
70.68587166666667
 30
0.0
 10
121.1500154629629
 20
70.68587166666667
 30
0.0
 10
119.583564537037
 20
70.68587166666667
 30
0.0
 10
118.0171136111111
 20
70.68587166666667
 30
0.0
 10
118.0171136111111
 20
56.99339018518518
 30
0.0
 10
118.0171136111111
 20
43.3009087037037
 30
0.0
 10
118.0171136111111
 20
29.60842722222222
 30
0.0
 10
118.0171136111111
 20
23.94281611111111
 30
0.0
 10
122.6032247222222
 20
19.36023277777777
 30
0.0
 10
128.2691886111111
 20
19.36023277777777
 30
0.0
  0
SPLINE
  5
2E4
330
1F
100
AcDbEntity
  8
DEFAULT
 62
     1
100
AcDbSpline
210
0.0
220
0.0
230
1.0
 70
    11
 71
     3
 72
    17
 73
    13
 74
     0
 42
0.000000001
 43
0.0000000001
 40
0.0
 40
0.0
 40
0.0
 40
0.0
 40
1.0
 40
1.0
 40
1.0
 40
2.0
 40
2.0
 40
2.0
 40
3.0
 40
3.0
 40
3.0
 40
4.0
 40
4.0
 40
4.0
 40
4.0
 10
100.2619138888889
 20
29.60835666666666
 30
0.0
 10
100.2619138888889
 20
32.50818999999999
 30
0.0
 10
102.6114138888889
 20
34.85768999999999
 30
0.0
 10
105.5112472222222
 20
34.85768999999999
 30
0.0
 10
108.4114333333333
 20
34.85768999999999
 30
0.0
 10
110.7609333333333
 20
32.50818999999999
 30
0.0
 10
110.7609333333333
 20
29.60835666666666
 30
0.0
 10
110.7609333333333
 20
26.70852333333333
 30
0.0
 10
108.4114333333333
 20
24.35902333333333
 30
0.0
 10
105.5112472222222
 20
24.35902333333333
 30
0.0
 10
102.6114138888889
 20
24.35902333333333
 30
0.0
 10
100.2619138888889
 20
26.70852333333333
 30
0.0
 10
100.2619138888889
 20
29.60835666666666
 30
0.0
  0
SPLINE
  5
2E5
330
1F
100
AcDbEntity
  8
DEFAULT
 62
     1
100
AcDbSpline
210
0.0
220
0.0
230
1.0
 70
    11
 71
     3
 72
    83
 73
    79
 74
     0
 42
0.000000001
 43
0.0000000001
 40
1.0
 40
1.0
 40
1.0
 40
1.0
 40
117.44
 40
117.44
 40
117.44
 40
130.76
 40
130.76
 40
130.76
 40
139.27
 40
139.27
 40
139.27
 40
152.6
 40
152.6
 40
152.6
 40
161.11
 40
161.11
 40
161.11
 40
174.4299999999999
 40
174.4299999999999
 40
174.4299999999999
 40
182.9399999999999
 40
182.9399999999999
 40
182.9399999999999
 40
196.26
 40
196.26
 40
196.26
 40
204.77
 40
204.77
 40
204.77
 40
218.09
 40
218.09
 40
218.09
 40
237.6299999999999
 40
237.6299999999999
 40
237.6299999999999
 40
246.1299999999999
 40
246.1299999999999
 40
246.1299999999999
 40
265.67
 40
265.67
 40
265.67
 40
274.17
 40
274.17
 40
274.17
 40
293.7099999999999
 40
293.7099999999999
 40
293.7099999999999
 40
302.2099999999999
 40
302.2099999999999
 40
302.2099999999999
 40
321.7499999999999
 40
321.7499999999999
 40
321.7499999999999
 40
330.2499999999999
 40
330.2499999999999
 40
330.2499999999999
 40
349.7909999999999
 40
349.7909999999999
 40
349.7909999999999
 40
358.2909999999999
 40
358.2909999999999
 40
358.2909999999999
 40
377.8199999999999
 40
377.8199999999999
 40
377.8199999999999
 40
386.3199999999999
 40
386.3199999999999
 40
386.3199999999999
 40
405.8599999999999
 40
405.8599999999999
 40
405.8599999999999
 40
406.8599999999999
 40
406.8599999999999
 40
406.8599999999999
 40
425.4789999999999
 40
425.4789999999999
 40
425.4789999999999
 40
426.4789999999999
 40
426.4789999999999
 40
426.4789999999999
 40
426.4789999999999
 10
115.7631458333333
 20
29.60835666666666
 30
0.0
 10
115.7631458333333
 20
43.30083814814814
 30
0.0
 10
115.7631458333333
 20
56.99331962962962
 30
0.0
 10
115.7631458333333
 20
70.6858011111111
 30
0.0
 10
114.1968125
 20
70.6858011111111
 30
0.0
 10
112.6304791666666
 20
70.6858011111111
 30
0.0
 10
111.0641458333333
 20
70.6858011111111
 30
0.0
 10
111.0641458333333
 20
69.68508814814815
 30
0.0
 10
111.0641458333333
 20
68.68437518518517
 30
0.0
 10
111.0641458333333
 20
67.68366222222221
 30
0.0
 10
109.4966365740741
 20
67.68366222222221
 30
0.0
 10
107.9291273148148
 20
67.68366222222221
 30
0.0
 10
106.3616180555556
 20
67.68366222222221
 30
0.0
 10
106.3616180555556
 20
68.68437518518517
 30
0.0
 10
106.3616180555556
 20
69.68508814814815
 30
0.0
 10
106.3616180555556
 20
70.6858011111111
 30
0.0
 10
104.7952847222222
 20
70.6858011111111
 30
0.0
 10
103.2289513888889
 20
70.6858011111111
 30
0.0
 10
101.6626180555556
 20
70.6858011111111
 30
0.0
 10
101.6626180555556
 20
69.68508814814815
 30
0.0
 10
101.6626180555556
 20
68.68437518518517
 30
0.0
 10
101.6626180555556
 20
67.68366222222221
 30
0.0
 10
100.0962847222222
 20
67.68366222222221
 30
0.0
 10
98.52995138888888
 20
67.68366222222221
 30
0.0
 10
96.96361805555553
 20
67.68366222222221
 30
0.0
 10
96.96361805555553
 20
68.68437518518517
 30
0.0
 10
96.96361805555553
 20
69.68508814814815
 30
0.0
 10
96.96361805555553
 20
70.6858011111111
 30
0.0
 10
95.3972847222222
 20
70.6858011111111
 30
0.0
 10
93.83095138888886
 20
70.6858011111111
 30
0.0
 10
92.26461805555554
 20
70.6858011111111
 30
0.0
 10
92.26461805555554
 20
68.38804185185184
 30
0.0
 10
92.26461805555554
 20
66.09028259259259
 30
0.0
 10
92.26461805555554
 20
63.79252333333333
 30
0.0
 10
93.26415509259259
 20
63.79252333333333
 30
0.0
 10
94.26369212962963
 20
63.79252333333333
 30
0.0
 10
95.26322916666665
 20
63.79252333333333
 30
0.0
 10
95.26322916666665
 20
61.49476407407408
 30
0.0
 10
95.26322916666665
 20
59.19700481481481
 30
0.0
 10
95.26322916666665
 20
56.89924555555555
 30
0.0
 10
94.2636921296296
 20
56.89924555555555
 30
0.0
 10
93.26415509259259
 20
56.89924555555555
 30
0.0
 10
92.26461805555554
 20
56.89924555555555
 30
0.0
 10
92.26461805555554
 20
54.60148629629629
 30
0.0
 10
92.26461805555554
 20
52.30372703703703
 30
0.0
 10
92.26461805555554
 20
50.00596777777778
 30
0.0
 10
93.26415509259259
 20
50.00596777777778
 30
0.0
 10
94.26369212962963
 20
50.00596777777778
 30
0.0
 10
95.26322916666665
 20
50.00596777777778
 30
0.0
 10
95.26322916666665
 20
47.70820851851852
 30
0.0
 10
95.26322916666665
 20
45.41044925925926
 30
0.0
 10
95.26322916666665
 20
43.11268999999999
 30
0.0
 10
94.2636921296296
 20
43.11268999999999
 30
0.0
 10
93.26415509259259
 20
43.11268999999999
 30
0.0
 10
92.26461805555554
 20
43.11268999999999
 30
0.0
 10
92.26461805555554
 20
40.81481314814814
 30
0.0
 10
92.26461805555554
 20
38.51693629629629
 30
0.0
 10
92.26461805555554
 20
36.21905944444444
 30
0.0
 10
93.26415509259259
 20
36.21905944444444
 30
0.0
 10
94.26369212962963
 20
36.21905944444444
 30
0.0
 10
95.26322916666665
 20
36.21905944444444
 30
0.0
 10
95.26322916666665
 20
33.9225937037037
 30
0.0
 10
95.26322916666665
 20
31.62612796296295
 30
0.0
 10
95.26322916666665
 20
29.32966222222221
 30
0.0
 10
94.2636921296296
 20
29.32966222222221
 30
0.0
 10
93.26415509259259
 20
29.32966222222221
 30
0.0
 10
92.26461805555554
 20
29.32966222222221
 30
0.0
 10
92.26461805555554
 20
27.03190296296296
 30
0.0
 10
92.26461805555554
 20
24.7341437037037
 30
0.0
 10
92.26461805555553
 20
22.43638444444444
 30
0.0
 10
92.26461805555553
 20
20.73599555555555
 30
0.0
 10
95.24911805555554
 20
19.36016222222222
 30
0.0
 10
98.94270138888886
 20
19.36016222222222
 30
0.0
 10
101.1321578703703
 20
19.36016222222222
 30
0.0
 10
103.3216143518518
 20
19.36016222222222
 30
0.0
 10
105.5110708333333
 20
19.36016222222222
 30
0.0
 10
111.1770347222222
 20
19.36016222222222
 30
0.0
 10
115.7631458333333
 20
23.94274555555555
 30
0.0
 10
115.7631458333333
 20
29.60835666666666
 30
0.0
  0
POLYLINE
  5
2E6
330
1F
100
AcDbEntity
  8
DEFAULT
 62
     1
100
AcDb2dPolyline
 66
     1
 10
0.0
 20
0.0
 30
0.0
 70
     1
  0
VERTEX
  5
2E7
330
2E6
100
AcDbEntity
  8
DEFAULT
 62
     1
100
AcDbVertex
100
AcDb2dVertex
 10
209.070575
 20
92.76291666666665
 30
0.0
  0
VERTEX
  5
2E8
330
2E6
100
AcDbEntity
  8
DEFAULT
 62
     1
100
AcDbVertex
100
AcDb2dVertex
 10
176.3892416666666
 20
92.76291666666665
 30
0.0
  0
VERTEX
  5
2E9
330
2E6
100
AcDbEntity
  8
DEFAULT
 62
     1
100
AcDbVertex
100
AcDb2dVertex
 10
176.3892416666666
 20
125.44425
 30
0.0
  0
VERTEX
  5
2EA
330
2E6
100
AcDbEntity
  8
DEFAULT
 62
     1
100
AcDbVertex
100
AcDb2dVertex
 10
209.070575
 20
125.44425
 30
0.0
  0
SEQEND
  5
2EB
330
2E6
100
AcDbEntity
  8
DEFAULT
 62
     1
  0
POLYLINE
  5
2EC
330
1F
100
AcDbEntity
  8
DEFAULT
 62
     1
100
AcDb2dPolyline
 66
     1
 10
0.0
 20
0.0
 30
0.0
 70
     1
  0
VERTEX
  5
2ED
330
2EC
100
AcDbEntity
  8
DEFAULT
 62
     1
100
AcDbVertex
100
AcDb2dVertex
 10
217.0716808333333
 20
119.5350105555555
 30
0.0
  0
VERTEX
  5
2EE
330
2EC
100
AcDbEntity
  8
DEFAULT
 62
     1
100
AcDbVertex
100
AcDb2dVertex
 10
217.0716808333333
 20
126.4882605555555
 30
0.0
  0
VERTEX
  5
2EF
330
2EC
100
AcDbEntity
  8
DEFAULT
 62
     1
100
AcDbVertex
100
AcDb2dVertex
 10
214.0695419444444
 20
126.4882605555555
 30
0.0
  0
VERTEX
  5
2F0
330
2EC
100
AcDbEntity
  8
DEFAULT
 62
     1
100
AcDbVertex
100
AcDb2dVertex
 10
214.0695419444444
 20
130.4428994444444
 30
0.0
  0
VERTEX
  5
2F1
330
2EC
100
AcDbEntity
  8
DEFAULT
 62
     1
100
AcDbVertex
100
AcDb2dVertex
 10
210.1149030555555
 20
130.4428994444444
 30
0.0
  0
VERTEX
  5
2F2
330
2EC
100
AcDbEntity
  8
DEFAULT
 62
     1
100
AcDbVertex
100
AcDb2dVertex
 10
210.1149030555555
 20
133.4450383333333
 30
0.0
  0
VERTEX
  5
2F3
330
2EC
100
AcDbEntity
  8
DEFAULT
 62
     1
100
AcDbVertex
100
AcDb2dVertex
 10
203.1616530555555
 20
133.4450383333333
 30
0.0
  0
VERTEX
  5
2F4
330
2EC
100
AcDbEntity
  8
DEFAULT
 62
     1
100
AcDbVertex
100
AcDb2dVertex
 10
203.1616530555555
 20
130.4428994444444
 30
0.0
  0
VERTEX
  5
2F5
330
2EC
100
AcDbEntity
  8
DEFAULT
 62
     1
100
AcDbVertex
100
AcDb2dVertex
 10
196.2084030555555
 20
130.4428994444444
 30
0.0
  0
VERTEX
  5
2F6
330
2EC
100
AcDbEntity
  8
DEFAULT
 62
     1
100
AcDbVertex
100
AcDb2dVertex
 10
196.2084030555555
 20
133.4450383333333
 30
0.0
  0
VERTEX
  5
2F7
330
2EC
100
AcDbEntity
  8
DEFAULT
 62
     1
100
AcDbVertex
100
AcDb2dVertex
 10
189.2551530555555
 20
133.4450383333333
 30
0.0
  0
VERTEX
  5
2F8
330
2EC
100
AcDbEntity
  8
DEFAULT
 62
     1
100
AcDbVertex
100
AcDb2dVertex
 10
189.2551530555555
 20
130.4428994444444
 30
0.0
  0
VERTEX
  5
2F9
330
2EC
100
AcDbEntity
  8
DEFAULT
 62
     1
100
AcDbVertex
100
AcDb2dVertex
 10
182.2983752777777
 20
130.4428994444444
 30
0.0
  0
VERTEX
  5
2FA
330
2EC
100
AcDbEntity
  8
DEFAULT
 62
     1
100
AcDbVertex
100
AcDb2dVertex
 10
182.2983752777777
 20
133.4450383333333
 30
0.0
  0
VERTEX
  5
2FB
330
2EC
100
AcDbEntity
  8
DEFAULT
 62
     1
100
AcDbVertex
100
AcDb2dVertex
 10
175.3451252777778
 20
133.4450383333333
 30
0.0
  0
VERTEX
  5
2FC
330
2EC
100
AcDbEntity
  8
DEFAULT
 62
     1
100
AcDbVertex
100
AcDb2dVertex
 10
175.3451252777778
 20
130.4428994444444
 30
0.0
  0
VERTEX
  5
2FD
330
2EC
100
AcDbEntity
  8
DEFAULT
 62
     1
100
AcDbVertex
100
AcDb2dVertex
 10
171.3904863888889
 20
130.4428994444444
 30
0.0
  0
VERTEX
  5
2FE
330
2EC
100
AcDbEntity
  8
DEFAULT
 62
     1
100
AcDbVertex
100
AcDb2dVertex
 10
171.3904863888889
 20
126.4882605555555
 30
0.0
  0
VERTEX
  5
2FF
330
2EC
100
AcDbEntity
  8
DEFAULT
 62
     1
100
AcDbVertex
100
AcDb2dVertex
 10
168.3883475
 20
126.4882605555555
 30
0.0
  0
VERTEX
  5
300
330
2EC
100
AcDbEntity
  8
DEFAULT
 62
     1
100
AcDbVertex
100
AcDb2dVertex
 10
168.3883475
 20
119.5350105555555
 30
0.0
  0
VERTEX
  5
301
330
2EC
100
AcDbEntity
  8
DEFAULT
 62
     1
100
AcDbVertex
100
AcDb2dVertex
 10
171.3904863888889
 20
119.5350105555555
 30
0.0
  0
VERTEX
  5
302
330
2EC
100
AcDbEntity
  8
DEFAULT
 62
     1
100
AcDbVertex
100
AcDb2dVertex
 10
171.3904863888889
 20
112.5817605555556
 30
0.0
  0
VERTEX
  5
303
330
2EC
100
AcDbEntity
  8
DEFAULT
 62
     1
100
AcDbVertex
100
AcDb2dVertex
 10
168.3883475
 20
112.5817605555556
 30
0.0
  0
VERTEX
  5
304
330
2EC
100
AcDbEntity
  8
DEFAULT
 62
     1
100
AcDbVertex
100
AcDb2dVertex
 10
168.3883475
 20
105.6249827777778
 30
0.0
  0
VERTEX
  5
305
330
2EC
100
AcDbEntity
  8
DEFAULT
 62
     1
100
AcDbVertex
100
AcDb2dVertex
 10
171.3904863888889
 20
105.6249827777778
 30
0.0
  0
VERTEX
  5
306
330
2EC
100
AcDbEntity
  8
DEFAULT
 62
     1
100
AcDbVertex
100
AcDb2dVertex
 10
171.3904863888889
 20
98.67173277777778
 30
0.0
  0
VERTEX
  5
307
330
2EC
100
AcDbEntity
  8
DEFAULT
 62
     1
100
AcDbVertex
100
AcDb2dVertex
 10
168.3883475
 20
98.67173277777778
 30
0.0
  0
VERTEX
  5
308
330
2EC
100
AcDbEntity
  8
DEFAULT
 62
     1
100
AcDbVertex
100
AcDb2dVertex
 10
168.3883475
 20
91.71848277777778
 30
0.0
  0
VERTEX
  5
309
330
2EC
100
AcDbEntity
  8
DEFAULT
 62
     1
100
AcDbVertex
100
AcDb2dVertex
 10
171.3904863888889
 20
91.71848277777778
 30
0.0
  0
VERTEX
  5
30A
330
2EC
100
AcDbEntity
  8
DEFAULT
 62
     1
100
AcDbVertex
100
AcDb2dVertex
 10
171.3904863888889
 20
87.76384388888889
 30
0.0
  0
VERTEX
  5
30B
330
2EC
100
AcDbEntity
  8
DEFAULT
 62
     1
100
AcDbVertex
100
AcDb2dVertex
 10
175.3451252777778
 20
87.76384388888889
 30
0.0
  0
VERTEX
  5
30C
330
2EC
100
AcDbEntity
  8
DEFAULT
 62
     1
100
AcDbVertex
100
AcDb2dVertex
 10
175.3451252777778
 20
84.76170499999999
 30
0.0
  0
VERTEX
  5
30D
330
2EC
100
AcDbEntity
  8
DEFAULT
 62
     1
100
AcDbVertex
100
AcDb2dVertex
 10
182.2983752777777
 20
84.76170499999999
 30
0.0
  0
VERTEX
  5
30E
330
2EC
100
AcDbEntity
  8
DEFAULT
 62
     1
100
AcDbVertex
100
AcDb2dVertex
 10
182.2983752777777
 20
87.76384388888889
 30
0.0
  0
VERTEX
  5
30F
330
2EC
100
AcDbEntity
  8
DEFAULT
 62
     1
100
AcDbVertex
100
AcDb2dVertex
 10
189.2516252777777
 20
87.76384388888889
 30
0.0
  0
VERTEX
  5
310
330
2EC
100
AcDbEntity
  8
DEFAULT
 62
     1
100
AcDbVertex
100
AcDb2dVertex
 10
189.2516252777777
 20
84.76170499999999
 30
0.0
  0
VERTEX
  5
311
330
2EC
100
AcDbEntity
  8
DEFAULT
 62
     1
100
AcDbVertex
100
AcDb2dVertex
 10
196.2048752777777
 20
84.76170499999999
 30
0.0
  0
VERTEX
  5
312
330
2EC
100
AcDbEntity
  8
DEFAULT
 62
     1
100
AcDbVertex
100
AcDb2dVertex
 10
196.2048752777777
 20
87.76384388888889
 30
0.0
  0
VERTEX
  5
313
330
2EC
100
AcDbEntity
  8
DEFAULT
 62
     1
100
AcDbVertex
100
AcDb2dVertex
 10
203.1616530555555
 20
87.76384388888889
 30
0.0
  0
VERTEX
  5
314
330
2EC
100
AcDbEntity
  8
DEFAULT
 62
     1
100
AcDbVertex
100
AcDb2dVertex
 10
203.1616530555555
 20
84.76170499999999
 30
0.0
  0
VERTEX
  5
315
330
2EC
100
AcDbEntity
  8
DEFAULT
 62
     1
100
AcDbVertex
100
AcDb2dVertex
 10
210.1149030555555
 20
84.76170499999999
 30
0.0
  0
VERTEX
  5
316
330
2EC
100
AcDbEntity
  8
DEFAULT
 62
     1
100
AcDbVertex
100
AcDb2dVertex
 10
210.1149030555555
 20
87.76384388888889
 30
0.0
  0
VERTEX
  5
317
330
2EC
100
AcDbEntity
  8
DEFAULT
 62
     1
100
AcDbVertex
100
AcDb2dVertex
 10
214.0695419444444
 20
87.76384388888889
 30
0.0
  0
VERTEX
  5
318
330
2EC
100
AcDbEntity
  8
DEFAULT
 62
     1
100
AcDbVertex
100
AcDb2dVertex
 10
214.0695419444444
 20
91.71848277777778
 30
0.0
  0
VERTEX
  5
319
330
2EC
100
AcDbEntity
  8
DEFAULT
 62
     1
100
AcDbVertex
100
AcDb2dVertex
 10
217.0716808333333
 20
91.71848277777778
 30
0.0
  0
VERTEX
  5
31A
330
2EC
100
AcDbEntity
  8
DEFAULT
 62
     1
100
AcDbVertex
100
AcDb2dVertex
 10
217.0716808333333
 20
98.67173277777778
 30
0.0
  0
VERTEX
  5
31B
330
2EC
100
AcDbEntity
  8
DEFAULT
 62
     1
100
AcDbVertex
100
AcDb2dVertex
 10
214.0695419444444
 20
98.67173277777778
 30
0.0
  0
VERTEX
  5
31C
330
2EC
100
AcDbEntity
  8
DEFAULT
 62
     1
100
AcDbVertex
100
AcDb2dVertex
 10
214.0695419444444
 20
105.6249827777778
 30
0.0
  0
VERTEX
  5
31D
330
2EC
100
AcDbEntity
  8
DEFAULT
 62
     1
100
AcDbVertex
100
AcDb2dVertex
 10
217.0716808333333
 20
105.6249827777778
 30
0.0
  0
VERTEX
  5
31E
330
2EC
100
AcDbEntity
  8
DEFAULT
 62
     1
100
AcDbVertex
100
AcDb2dVertex
 10
217.0716808333333
 20
112.5817605555556
 30
0.0
  0
VERTEX
  5
31F
330
2EC
100
AcDbEntity
  8
DEFAULT
 62
     1
100
AcDbVertex
100
AcDb2dVertex
 10
214.0695419444444
 20
112.5817605555556
 30
0.0
  0
VERTEX
  5
320
330
2EC
100
AcDbEntity
  8
DEFAULT
 62
     1
100
AcDbVertex
100
AcDb2dVertex
 10
214.0695419444444
 20
119.5350105555555
 30
0.0
  0
SEQEND
  5
321
330
2EC
100
AcDbEntity
  8
DEFAULT
 62
     1
  0
POLYLINE
  5
322
330
1F
100
AcDbEntity
  8
DEFAULT
 62
     1
100
AcDb2dPolyline
 66
     1
 10
0.0
 20
0.0
 30
0.0
 70
     1
  0
VERTEX
  5
323
330
322
100
AcDbEntity
  8
DEFAULT
 62
     1
100
AcDbVertex
100
AcDb2dVertex
 10
177.4604866666666
 20
25.00467722222222
 30
0.0
  0
VERTEX
  5
324
330
322
100
AcDbEntity
  8
DEFAULT
 62
     1
100
AcDbVertex
100
AcDb2dVertex
 10
168.9624227777778
 20
25.00467722222222
 30
0.0
  0
VERTEX
  5
325
330
322
100
AcDbEntity
  8
DEFAULT
 62
     1
100
AcDbVertex
100
AcDb2dVertex
 10
168.9624227777778
 20
22.00253833333333
 30
0.0
  0
VERTEX
  5
326
330
322
100
AcDbEntity
  8
DEFAULT
 62
     1
100
AcDbVertex
100
AcDb2dVertex
 10
160.4601255555555
 20
22.00253833333333
 30
0.0
  0
VERTEX
  5
327
330
322
100
AcDbEntity
  8
DEFAULT
 62
     1
100
AcDbVertex
100
AcDb2dVertex
 10
160.4601255555555
 20
25.00467722222222
 30
0.0
  0
VERTEX
  5
328
330
322
100
AcDbEntity
  8
DEFAULT
 62
     1
100
AcDbVertex
100
AcDb2dVertex
 10
151.9617088888889
 20
25.00467722222222
 30
0.0
  0
VERTEX
  5
329
330
322
100
AcDbEntity
  8
DEFAULT
 62
     1
100
AcDbVertex
100
AcDb2dVertex
 10
151.9617088888889
 20
22.00253833333333
 30
0.0
  0
VERTEX
  5
32A
330
322
100
AcDbEntity
  8
DEFAULT
 62
     1
100
AcDbVertex
100
AcDb2dVertex
 10
143.4597644444444
 20
22.00253833333333
 30
0.0
  0
VERTEX
  5
32B
330
322
100
AcDbEntity
  8
DEFAULT
 62
     1
100
AcDbVertex
100
AcDb2dVertex
 10
143.4597644444444
 20
70.68587166666667
 30
0.0
  0
VERTEX
  5
32C
330
322
100
AcDbEntity
  8
DEFAULT
 62
     1
100
AcDbVertex
100
AcDb2dVertex
 10
151.9617088888889
 20
70.68587166666667
 30
0.0
  0
VERTEX
  5
32D
330
322
100
AcDbEntity
  8
DEFAULT
 62
     1
100
AcDbVertex
100
AcDb2dVertex
 10
151.9617088888889
 20
67.68338
 30
0.0
  0
VERTEX
  5
32E
330
322
100
AcDbEntity
  8
DEFAULT
 62
     1
100
AcDbVertex
100
AcDb2dVertex
 10
160.4601255555555
 20
67.68338
 30
0.0
  0
VERTEX
  5
32F
330
322
100
AcDbEntity
  8
DEFAULT
 62
     1
100
AcDbVertex
100
AcDb2dVertex
 10
160.4601255555555
 20
70.68587166666667
 30
0.0
  0
VERTEX
  5
330
330
322
100
AcDbEntity
  8
DEFAULT
 62
     1
100
AcDbVertex
100
AcDb2dVertex
 10
168.9624227777778
 20
70.68587166666667
 30
0.0
  0
VERTEX
  5
331
330
322
100
AcDbEntity
  8
DEFAULT
 62
     1
100
AcDbVertex
100
AcDb2dVertex
 10
168.9624227777778
 20
67.68338
 30
0.0
  0
VERTEX
  5
332
330
322
100
AcDbEntity
  8
DEFAULT
 62
     1
100
AcDbVertex
100
AcDb2dVertex
 10
177.4604866666666
 20
67.68338
 30
0.0
  0
VERTEX
  5
333
330
322
100
AcDbEntity
  8
DEFAULT
 62
     1
100
AcDbVertex
100
AcDb2dVertex
 10
177.4604866666666
 20
70.68587166666667
 30
0.0
  0
VERTEX
  5
334
330
322
100
AcDbEntity
  8
DEFAULT
 62
     1
100
AcDbVertex
100
AcDb2dVertex
 10
185.9624311111111
 20
70.68587166666667
 30
0.0
  0
VERTEX
  5
335
330
322
100
AcDbEntity
  8
DEFAULT
 62
     1
100
AcDbVertex
100
AcDb2dVertex
 10
185.9624311111111
 20
63.72909388888889
 30
0.0
  0
VERTEX
  5
336
330
322
100
AcDbEntity
  8
DEFAULT
 62
     1
100
AcDbVertex
100
AcDb2dVertex
 10
182.9602922222222
 20
63.72909388888889
 30
0.0
  0
VERTEX
  5
337
330
322
100
AcDbEntity
  8
DEFAULT
 62
     1
100
AcDbVertex
100
AcDb2dVertex
 10
182.9602922222222
 20
56.77549111111111
 30
0.0
  0
VERTEX
  5
338
330
322
100
AcDbEntity
  8
DEFAULT
 62
     1
100
AcDbVertex
100
AcDb2dVertex
 10
185.9624311111111
 20
56.77549111111111
 30
0.0
  0
VERTEX
  5
339
330
322
100
AcDbEntity
  8
DEFAULT
 62
     1
100
AcDbVertex
100
AcDb2dVertex
 10
185.9624311111111
 20
49.82259388888888
 30
0.0
  0
VERTEX
  5
33A
330
322
100
AcDbEntity
  8
DEFAULT
 62
     1
100
AcDbVertex
100
AcDb2dVertex
 10
182.9602922222222
 20
49.82259388888888
 30
0.0
  0
VERTEX
  5
33B
330
322
100
AcDbEntity
  8
DEFAULT
 62
     1
100
AcDbVertex
100
AcDb2dVertex
 10
182.9602922222222
 20
42.86581611111111
 30
0.0
  0
VERTEX
  5
33C
330
322
100
AcDbEntity
  8
DEFAULT
 62
     1
100
AcDbVertex
100
AcDb2dVertex
 10
185.9624311111111
 20
42.86581611111111
 30
0.0
  0
VERTEX
  5
33D
330
322
100
AcDbEntity
  8
DEFAULT
 62
     1
100
AcDbVertex
100
AcDb2dVertex
 10
185.9624311111111
 20
35.91256611111111
 30
0.0
  0
VERTEX
  5
33E
330
322
100
AcDbEntity
  8
DEFAULT
 62
     1
100
AcDbVertex
100
AcDb2dVertex
 10
182.9602922222222
 20
35.91256611111111
 30
0.0
  0
VERTEX
  5
33F
330
322
100
AcDbEntity
  8
DEFAULT
 62
     1
100
AcDbVertex
100
AcDb2dVertex
 10
182.9602922222222
 20
28.95896333333333
 30
0.0
  0
VERTEX
  5
340
330
322
100
AcDbEntity
  8
DEFAULT
 62
     1
100
AcDbVertex
100
AcDb2dVertex
 10
185.9624311111111
 20
28.95896333333333
 30
0.0
  0
VERTEX
  5
341
330
322
100
AcDbEntity
  8
DEFAULT
 62
     1
100
AcDbVertex
100
AcDb2dVertex
 10
185.9624311111111
 20
22.00253833333333
 30
0.0
  0
VERTEX
  5
342
330
322
100
AcDbEntity
  8
DEFAULT
 62
     1
100
AcDbVertex
100
AcDb2dVertex
 10
177.4604866666666
 20
22.00253833333333
 30
0.0
  0
SEQEND
  5
343
330
322
100
AcDbEntity
  8
DEFAULT
 62
     1
  0
SPLINE
  5
344
330
1F
100
AcDbEntity
  8
DEFAULT
 62
     1
100
AcDbSpline
210
0.0
220
0.0
230
1.0
 70
    11
 71
     3
 72
    17
 73
    13
 74
     0
 42
0.000000001
 43
0.0000000001
 40
0.0
 40
0.0
 40
0.0
 40
0.0
 40
1.0
 40
1.0
 40
1.0
 40
2.0
 40
2.0
 40
2.0
 40
3.0
 40
3.0
 40
3.0
 40
4.0
 40
4.0
 40
4.0
 40
4.0
 10
26.66675444444444
 20
84.1900286111111
 30
0.0
 10
26.66675444444444
 20
87.08986194444444
 30
0.0
 10
29.01625444444444
 20
89.43936194444443
 30
0.0
 10
31.91608777777777
 20
89.43936194444443
 30
0.0
 10
34.81592111111111
 20
89.43936194444443
 30
0.0
 10
37.16542111111111
 20
87.08986194444444
 30
0.0
 10
37.16542111111111
 20
84.1900286111111
 30
0.0
 10
37.16542111111111
 20
81.29019527777777
 30
0.0
 10
34.81592111111111
 20
78.94069527777778
 30
0.0
 10
31.91608777777777
 20
78.94069527777778
 30
0.0
 10
29.01625444444444
 20
78.94069527777778
 30
0.0
 10
26.66675444444444
 20
81.29019527777777
 30
0.0
 10
26.66675444444444
 20
84.1900286111111
 30
0.0
  0
SPLINE
  5
345
330
1F
100
AcDbEntity
  8
DEFAULT
 62
     1
100
AcDbSpline
210
0.0
220
0.0
230
1.0
 70
    11
 71
     3
 72
   119
 73
   115
 74
     0
 42
0.000000001
 43
0.0000000001
 40
8.5
 40
8.5
 40
8.5
 40
8.5
 40
32.601
 40
32.601
 40
32.601
 40
41.101
 40
41.101
 40
41.101
 40
65.19
 40
65.19
 40
65.19
 40
73.69
 40
73.69
 40
73.69
 40
97.791
 40
97.791
 40
97.791
 40
106.291
 40
106.291
 40
106.291
 40
107.291
 40
107.291
 40
107.291
 40
192.541
 40
192.541
 40
192.541
 40
216.64
 40
216.64
 40
216.64
 40
225.15
 40
225.15
 40
225.15
 40
249.24
 40
249.24
 40
249.24
 40
257.7500000000001
 40
257.7500000000001
 40
257.7500000000001
 40
281.8510000000001
 40
281.8510000000001
 40
281.8510000000001
 40
290.3610000000001
 40
290.3610000000001
 40
290.3610000000001
 40
314.4500000000001
 40
314.4500000000001
 40
314.4500000000001
 40
322.9600000000002
 40
322.9600000000002
 40
322.9600000000002
 40
347.0610000000001
 40
347.0610000000001
 40
347.0610000000001
 40
355.5710000000001
 40
355.5710000000001
 40
355.5710000000001
 40
379.6610000000001
 40
379.6610000000001
 40
379.6610000000001
 40
388.1710000000002
 40
388.1710000000002
 40
388.1710000000002
 40
412.2700000000002
 40
412.2700000000002
 40
412.2700000000002
 40
423.4800000000002
 40
423.4800000000002
 40
423.4800000000002
 40
431.9890000000003
 40
431.9890000000003
 40
431.9890000000003
 40
451.6990000000002
 40
451.6990000000002
 40
451.6990000000002
 40
460.2080000000003
 40
460.2080000000003
 40
460.2080000000003
 40
479.9180000000002
 40
479.9180000000002
 40
479.9180000000002
 40
488.4270000000002
 40
488.4270000000002
 40
488.4270000000002
 40
508.1370000000003
 40
508.1370000000003
 40
508.1370000000003
 40
516.6460000000003
 40
516.6460000000003
 40
516.6460000000003
 40
536.3660000000003
 40
536.3660000000003
 40
536.3660000000003
 40
544.8750000000003
 40
544.8750000000003
 40
544.8750000000003
 40
564.5860000000004
 40
564.5860000000004
 40
564.5860000000004
 40
573.0950000000004
 40
573.0950000000004
 40
573.0950000000004
 40
584.3040000000003
 40
584.3040000000003
 40
584.3040000000003
 40
608.4030000000004
 40
608.4030000000004
 40
608.4030000000004
 40
616.9030000000004
 40
616.9030000000004
 40
616.9030000000004
 40
640.9930000000004
 40
640.9930000000004
 40
640.9930000000004
 40
649.4930000000004
 40
649.4930000000004
 40
649.4930000000004
 40
649.4930000000004
 10
19.3113025
 20
116.4447477777778
 30
0.0
 10
19.3113025
 20
113.6106487037037
 30
0.0
 10
19.3113025
 20
110.7765496296296
 30
0.0
 10
19.3113025
 20
107.9424505555556
 30
0.0
 10
18.31176546296296
 20
107.9424505555556
 30
0.0
 10
17.31222842592592
 20
107.9424505555556
 30
0.0
 10
16.31269138888889
 20
107.9424505555556
 30
0.0
 10
16.31269138888889
 20
105.1097625925926
 30
0.0
 10
16.31269138888889
 20
102.2770746296296
 30
0.0
 10
16.31269138888889
 20
99.44438666666667
 30
0.0
 10
17.31222842592592
 20
99.44438666666667
 30
0.0
 10
18.31176546296296
 20
99.44438666666667
 30
0.0
 10
19.3113025
 20
99.44438666666667
 30
0.0
 10
19.3113025
 20
96.6102875925926
 30
0.0
 10
19.3113025
 20
93.77618851851851
 30
0.0
 10
19.3113025
 20
90.94208944444445
 30
0.0
 10
18.31176546296296
 20
90.94208944444445
 30
0.0
 10
17.31222842592592
 20
90.94208944444445
 30
0.0
 10
16.31269138888889
 20
90.94208944444445
 30
0.0
 10
16.31269138888889
 20
80.05572
 30
0.0
 10
23.29063583333333
 20
73.94208111111111
 30
0.0
 10
31.9160525
 20
73.94208111111111
 30
0.0
 10
41.94082101851851
 20
73.94208111111111
 30
0.0
 10
51.96558953703703
 20
73.94208111111111
 30
0.0
 10
61.99035805555555
 20
73.94208111111111
 30
0.0
 10
61.99035805555555
 20
76.775945
 30
0.0
 10
61.99035805555555
 20
79.60980888888888
 30
0.0
 10
61.99035805555555
 20
82.44367277777778
 30
0.0
 10
62.99107101851851
 20
82.44367277777778
 30
0.0
 10
63.99178398148147
 20
82.44367277777778
 30
0.0
 10
64.99249694444444
 20
82.44367277777778
 30
0.0
 10
64.99249694444444
 20
85.27647833333334
 30
0.0
 10
64.99249694444444
 20
88.1092838888889
 30
0.0
 10
64.99249694444444
 20
90.94208944444445
 30
0.0
 10
63.99178398148147
 20
90.94208944444445
 30
0.0
 10
62.99107101851851
 20
90.94208944444445
 30
0.0
 10
61.99035805555555
 20
90.94208944444445
 30
0.0
 10
61.99035805555555
 20
93.77618851851851
 30
0.0
 10
61.99035805555555
 20
96.6102875925926
 30
0.0
 10
61.99035805555555
 20
99.44438666666667
 30
0.0
 10
62.99107101851851
 20
99.44438666666667
 30
0.0
 10
63.99178398148147
 20
99.44438666666667
 30
0.0
 10
64.99249694444444
 20
99.44438666666667
 30
0.0
 10
64.99249694444444
 20
102.2770746296296
 30
0.0
 10
64.99249694444444
 20
105.1097625925926
 30
0.0
 10
64.99249694444444
 20
107.9424505555556
 30
0.0
 10
63.99178398148147
 20
107.9424505555556
 30
0.0
 10
62.99107101851851
 20
107.9424505555556
 30
0.0
 10
61.99035805555555
 20
107.9424505555556
 30
0.0
 10
61.99035805555555
 20
110.7765496296296
 30
0.0
 10
61.99035805555555
 20
113.6106487037037
 30
0.0
 10
61.99035805555555
 20
116.4447477777778
 30
0.0
 10
62.99107101851851
 20
116.4447477777778
 30
0.0
 10
63.99178398148147
 20
116.4447477777778
 30
0.0
 10
64.99249694444444
 20
116.4447477777778
 30
0.0
 10
64.99249694444444
 20
119.2775533333333
 30
0.0
 10
64.99249694444444
 20
122.1103588888889
 30
0.0
 10
64.99249694444444
 20
124.9431644444444
 30
0.0
 10
63.99178398148147
 20
124.9431644444444
 30
0.0
 10
62.99107101851851
 20
124.9431644444444
 30
0.0
 10
61.99035805555555
 20
124.9431644444444
 30
0.0
 10
61.99035805555555
 20
127.7770283333333
 30
0.0
 10
61.99035805555555
 20
130.6108922222222
 30
0.0
 10
61.99035805555555
 20
133.4447561111111
 30
0.0
 10
60.67214509259259
 20
133.4447561111111
 30
0.0
 10
59.35393212962962
 20
133.4447561111111
 30
0.0
 10
58.03571916666666
 20
133.4447561111111
 30
0.0
 10
58.03571916666666
 20
132.4441607407407
 30
0.0
 10
58.03571916666666
 20
131.4435653703704
 30
0.0
 10
58.03571916666666
 20
130.44297
 30
0.0
 10
55.71796916666666
 20
130.44297
 30
0.0
 10
53.40021916666666
 20
130.44297
 30
0.0
 10
51.08246916666666
 20
130.44297
 30
0.0
 10
51.08246916666666
 20
131.4435653703704
 30
0.0
 10
51.08246916666666
 20
132.4441607407407
 30
0.0
 10
51.08246916666666
 20
133.4447561111111
 30
0.0
 10
48.76471916666666
 20
133.4447561111111
 30
0.0
 10
46.44696916666666
 20
133.4447561111111
 30
0.0
 10
44.12921916666667
 20
133.4447561111111
 30
0.0
 10
44.12921916666667
 20
132.4441607407407
 30
0.0
 10
44.12921916666667
 20
131.4435653703704
 30
0.0
 10
44.12921916666667
 20
130.44297
 30
0.0
 10
41.81146916666666
 20
130.44297
 30
0.0
 10
39.49371916666666
 20
130.44297
 30
0.0
 10
37.17596916666666
 20
130.44297
 30
0.0
 10
37.17596916666666
 20
131.4435653703704
 30
0.0
 10
37.17596916666666
 20
132.4441607407407
 30
0.0
 10
37.17596916666666
 20
133.4447561111111
 30
0.0
 10
34.85704324074074
 20
133.4447561111111
 30
0.0
 10
32.53811731481481
 20
133.4447561111111
 30
0.0
 10
30.21919138888888
 20
133.4447561111111
 30
0.0
 10
30.21919138888888
 20
132.4441607407407
 30
0.0
 10
30.21919138888888
 20
131.4435653703704
 30
0.0
 10
30.21919138888888
 20
130.44297
 30
0.0
 10
27.90132379629629
 20
130.44297
 30
0.0
 10
25.5834562037037
 20
130.44297
 30
0.0
 10
23.26558861111111
 20
130.44297
 30
0.0
 10
23.26558861111111
 20
131.4435653703704
 30
0.0
 10
23.26558861111111
 20
132.4441607407407
 30
0.0
 10
23.26558861111111
 20
133.4447561111111
 30
0.0
 10
21.94749324074074
 20
133.4447561111111
 30
0.0
 10
20.62939787037037
 20
133.4447561111111
 30
0.0
 10
19.3113025
 20
133.4447561111111
 30
0.0
 10
19.3113025
 20
130.6108922222222
 30
0.0
 10
19.3113025
 20
127.7770283333333
 30
0.0
 10
19.3113025
 20
124.9431644444444
 30
0.0
 10
18.31176546296296
 20
124.9431644444444
 30
0.0
 10
17.31222842592592
 20
124.9431644444444
 30
0.0
 10
16.31269138888889
 20
124.9431644444444
 30
0.0
 10
16.31269138888889
 20
122.1103588888889
 30
0.0
 10
16.31269138888889
 20
119.2775533333333
 30
0.0
 10
16.31269138888889
 20
116.4447477777778
 30
0.0
 10
17.31222842592592
 20
116.4447477777778
 30
0.0
 10
18.31176546296296
 20
116.4447477777778
 30
0.0
 10
19.3113025
 20
116.4447477777778
 30
0.0
  0
SPLINE
  5
346
330
1F
100
AcDbEntity
  8
DEFAULT
 62
     1
100
AcDbSpline
210
0.0
220
0.0
230
1.0
 70
    11
 71
     3
 72
    17
 73
    13
 74
     0
 42
0.000000001
 43
0.0000000001
 40
0.0
 40
0.0
 40
0.0
 40
0.0
 40
1.0
 40
1.0
 40
1.0
 40
2.0
 40
2.0
 40
2.0
 40
3.0
 40
3.0
 40
3.0
 40
4.0
 40
4.0
 40
4.0
 40
4.0
 10
149.107525
 20
78.94073055555555
 30
0.0
 10
146.2076916666666
 20
78.94073055555555
 30
0.0
 10
143.8581916666666
 20
81.29023055555555
 30
0.0
 10
143.8581916666666
 20
84.19006388888889
 30
0.0
 10
143.8581916666666
 20
87.08989722222222
 30
0.0
 10
146.2076916666666
 20
89.43939722222221
 30
0.0
 10
149.107525
 20
89.43939722222221
 30
0.0
 10
152.0073583333333
 20
89.43939722222221
 30
0.0
 10
154.3568583333333
 20
87.08989722222222
 30
0.0
 10
154.3568583333333
 20
84.19006388888889
 30
0.0
 10
154.3568583333333
 20
81.29023055555555
 30
0.0
 10
152.0073583333333
 20
78.94073055555555
 30
0.0
 10
149.107525
 20
78.94073055555555
 30
0.0
  0
SPLINE
  5
347
330
1F
100
AcDbEntity
  8
DEFAULT
 62
     1
100
AcDbSpline
210
0.0
220
0.0
230
1.0
 70
    11
 71
     3
 72
   119
 73
   115
 74
     0
 42
0.000000001
 43
0.0000000001
 40
8.5
 40
8.5
 40
8.5
 40
8.5
 40
32.58999999999997
 40
32.58999999999997
 40
32.58999999999997
 40
41.08999999999997
 40
41.08999999999997
 40
41.08999999999997
 40
65.18900000000002
 40
65.18900000000002
 40
65.18900000000002
 40
76.39800000000002
 40
76.39800000000002
 40
76.39800000000002
 40
84.90700000000004
 40
84.90700000000004
 40
84.90700000000004
 40
104.6180000000001
 40
104.6180000000001
 40
104.6180000000001
 40
113.1270000000001
 40
113.1270000000001
 40
113.1270000000001
 40
132.8460000000001
 40
132.8460000000001
 40
132.8460000000001
 40
141.3550000000001
 40
141.3550000000001
 40
141.3550000000001
 40
161.066
 40
161.066
 40
161.066
 40
169.575
 40
169.575
 40
169.575
 40
189.2850000000001
 40
189.2850000000001
 40
189.2850000000001
 40
197.7940000000001
 40
197.7940000000001
 40
197.7940000000001
 40
217.5040000000001
 40
217.5040000000001
 40
217.5040000000001
 40
226.0130000000001
 40
226.0130000000001
 40
226.0130000000001
 40
237.2230000000001
 40
237.2230000000001
 40
237.2230000000001
 40
261.3220000000001
 40
261.3220000000001
 40
261.3220000000001
 40
269.8310000000001
 40
269.8310000000001
 40
269.8310000000001
 40
293.9210000000001
 40
293.9210000000001
 40
293.9210000000001
 40
302.4300000000001
 40
302.4300000000001
 40
302.4300000000001
 40
326.5310000000001
 40
326.5310000000001
 40
326.5310000000001
 40
335.0400000000001
 40
335.0400000000001
 40
335.0400000000001
 40
359.1290000000001
 40
359.1290000000001
 40
359.1290000000001
 40
367.6380000000001
 40
367.6380000000001
 40
367.6380000000001
 40
391.7390000000001
 40
391.7390000000001
 40
391.7390000000001
 40
400.2480000000002
 40
400.2480000000002
 40
400.2480000000002
 40
424.3380000000002
 40
424.3380000000002
 40
424.3380000000002
 40
432.8470000000002
 40
432.8470000000002
 40
432.8470000000002
 40
456.9460000000003
 40
456.9460000000003
 40
456.9460000000003
 40
542.1960000000001
 40
542.1960000000001
 40
542.1960000000001
 40
543.1960000000001
 40
543.1960000000001
 40
543.1960000000001
 40
551.6960000000001
 40
551.6960000000001
 40
551.6960000000001
 40
575.7970000000001
 40
575.7970000000001
 40
575.7970000000001
 40
584.2970000000001
 40
584.2970000000001
 40
584.2970000000001
 40
608.3860000000002
 40
608.3860000000002
 40
608.3860000000002
 40
616.8860000000002
 40
616.8860000000002
 40
616.8860000000002
 40
640.9870000000002
 40
640.9870000000002
 40
640.9870000000002
 40
649.4870000000002
 40
649.4870000000002
 40
649.4870000000002
 40
649.4870000000002
 10
164.7108861111111
 20
116.4447477777778
 30
0.0
 10
164.7108861111111
 20
119.2775533333333
 30
0.0
 10
164.7108861111111
 20
122.1103588888889
 30
0.0
 10
164.7108861111111
 20
124.9431644444444
 30
0.0
 10
163.7113490740741
 20
124.9431644444444
 30
0.0
 10
162.711812037037
 20
124.9431644444444
 30
0.0
 10
161.712275
 20
124.9431644444444
 30
0.0
 10
161.712275
 20
127.7770283333333
 30
0.0
 10
161.712275
 20
130.6108922222222
 30
0.0
 10
161.712275
 20
133.4447561111111
 30
0.0
 10
160.3941796296296
 20
133.4447561111111
 30
0.0
 10
159.0760842592592
 20
133.4447561111111
 30
0.0
 10
157.7579888888889
 20
133.4447561111111
 30
0.0
 10
157.7579888888889
 20
132.4441607407407
 30
0.0
 10
157.7579888888889
 20
131.4435653703704
 30
0.0
 10
157.7579888888889
 20
130.44297
 30
0.0
 10
155.4401212962963
 20
130.44297
 30
0.0
 10
153.1222537037037
 20
130.44297
 30
0.0
 10
150.8043861111111
 20
130.44297
 30
0.0
 10
150.8043861111111
 20
131.4435653703704
 30
0.0
 10
150.8043861111111
 20
132.4441607407407
 30
0.0
 10
150.8043861111111
 20
133.4447561111111
 30
0.0
 10
148.4855777777777
 20
133.4447561111111
 30
0.0
 10
146.1667694444444
 20
133.4447561111111
 30
0.0
 10
143.8479611111111
 20
133.4447561111111
 30
0.0
 10
143.8479611111111
 20
132.4441607407407
 30
0.0
 10
143.8479611111111
 20
131.4435653703704
 30
0.0
 10
143.8479611111111
 20
130.44297
 30
0.0
 10
141.5300935185185
 20
130.44297
 30
0.0
 10
139.2122259259259
 20
130.44297
 30
0.0
 10
136.8943583333333
 20
130.44297
 30
0.0
 10
136.8943583333333
 20
131.4435653703704
 30
0.0
 10
136.8943583333333
 20
132.4441607407407
 30
0.0
 10
136.8943583333333
 20
133.4447561111111
 30
0.0
 10
134.5766083333333
 20
133.4447561111111
 30
0.0
 10
132.2588583333333
 20
133.4447561111111
 30
0.0
 10
129.9411083333333
 20
133.4447561111111
 30
0.0
 10
129.9411083333333
 20
132.4441607407407
 30
0.0
 10
129.9411083333333
 20
131.4435653703704
 30
0.0
 10
129.9411083333333
 20
130.44297
 30
0.0
 10
127.6233583333333
 20
130.44297
 30
0.0
 10
125.3056083333333
 20
130.44297
 30
0.0
 10
122.9878583333333
 20
130.44297
 30
0.0
 10
122.9878583333333
 20
131.4435653703704
 30
0.0
 10
122.9878583333333
 20
132.4441607407407
 30
0.0
 10
122.9878583333333
 20
133.4447561111111
 30
0.0
 10
121.6696453703704
 20
133.4447561111111
 30
0.0
 10
120.3514324074074
 20
133.4447561111111
 30
0.0
 10
119.0332194444444
 20
133.4447561111111
 30
0.0
 10
119.0332194444444
 20
130.6108922222222
 30
0.0
 10
119.0332194444444
 20
127.7770283333333
 30
0.0
 10
119.0332194444444
 20
124.9431644444444
 30
0.0
 10
118.0326240740741
 20
124.9431644444444
 30
0.0
 10
117.0320287037037
 20
124.9431644444444
 30
0.0
 10
116.0314333333333
 20
124.9431644444444
 30
0.0
 10
116.0314333333333
 20
122.1103588888889
 30
0.0
 10
116.0314333333333
 20
119.2775533333333
 30
0.0
 10
116.0314333333333
 20
116.4447477777778
 30
0.0
 10
117.0320287037037
 20
116.4447477777778
 30
0.0
 10
118.0326240740741
 20
116.4447477777778
 30
0.0
 10
119.0332194444444
 20
116.4447477777778
 30
0.0
 10
119.0332194444444
 20
113.6106487037037
 30
0.0
 10
119.0332194444444
 20
110.7765496296296
 30
0.0
 10
119.0332194444444
 20
107.9424505555556
 30
0.0
 10
118.0326240740741
 20
107.9424505555556
 30
0.0
 10
117.0320287037037
 20
107.9424505555556
 30
0.0
 10
116.0314333333333
 20
107.9424505555556
 30
0.0
 10
116.0314333333333
 20
105.1097625925926
 30
0.0
 10
116.0314333333333
 20
102.2770746296296
 30
0.0
 10
116.0314333333333
 20
99.44438666666667
 30
0.0
 10
117.0320287037037
 20
99.44438666666667
 30
0.0
 10
118.0326240740741
 20
99.44438666666667
 30
0.0
 10
119.0332194444444
 20
99.44438666666667
 30
0.0
 10
119.0332194444444
 20
96.6102875925926
 30
0.0
 10
119.0332194444444
 20
93.77618851851851
 30
0.0
 10
119.0332194444444
 20
90.94208944444445
 30
0.0
 10
118.0326240740741
 20
90.94208944444445
 30
0.0
 10
117.0320287037037
 20
90.94208944444445
 30
0.0
 10
116.0314333333333
 20
90.94208944444445
 30
0.0
 10
116.0314333333333
 20
88.1092838888889
 30
0.0
 10
116.0314333333333
 20
85.27647833333334
 30
0.0
 10
116.0314333333333
 20
82.44367277777778
 30
0.0
 10
117.0320287037037
 20
82.44367277777778
 30
0.0
 10
118.0326240740741
 20
82.44367277777778
 30
0.0
 10
119.0332194444444
 20
82.44367277777778
 30
0.0
 10
119.0332194444444
 20
79.60980888888888
 30
0.0
 10
119.0332194444444
 20
76.775945
 30
0.0
 10
119.0332194444444
 20
73.94208111111111
 30
0.0
 10
129.057987962963
 20
73.94208111111111
 30
0.0
 10
139.0827564814815
 20
73.94208111111111
 30
0.0
 10
149.107525
 20
73.94208111111111
 30
0.0
 10
157.7329416666666
 20
73.94208111111111
 30
0.0
 10
164.7108861111111
 20
80.05572
 30
0.0
 10
164.7108861111111
 20
90.94208944444445
 30
0.0
 10
163.7113490740741
 20
90.94208944444445
 30
0.0
 10
162.711812037037
 20
90.94208944444445
 30
0.0
 10
161.712275
 20
90.94208944444445
 30
0.0
 10
161.712275
 20
93.77618851851851
 30
0.0
 10
161.712275
 20
96.6102875925926
 30
0.0
 10
161.712275
 20
99.44438666666667
 30
0.0
 10
162.711812037037
 20
99.44438666666667
 30
0.0
 10
163.7113490740741
 20
99.44438666666667
 30
0.0
 10
164.7108861111111
 20
99.44438666666667
 30
0.0
 10
164.7108861111111
 20
102.2770746296296
 30
0.0
 10
164.7108861111111
 20
105.1097625925926
 30
0.0
 10
164.7108861111111
 20
107.9424505555556
 30
0.0
 10
163.7113490740741
 20
107.9424505555556
 30
0.0
 10
162.711812037037
 20
107.9424505555556
 30
0.0
 10
161.712275
 20
107.9424505555556
 30
0.0
 10
161.712275
 20
110.7765496296296
 30
0.0
 10
161.712275
 20
113.6106487037037
 30
0.0
 10
161.712275
 20
116.4447477777778
 30
0.0
 10
162.711812037037
 20
116.4447477777778
 30
0.0
 10
163.7113490740741
 20
116.4447477777778
 30
0.0
 10
164.7108861111111
 20
116.4447477777778
 30
0.0
  0
SPLINE
  5
348
330
1F
100
AcDbEntity
  8
DEFAULT
 62
     1
100
AcDbSpline
210
0.0
220
0.0
230
1.0
 70
    11
 71
     3
 72
    17
 73
    13
 74
     0
 42
0.000000001
 43
0.0000000001
 40
0.0
 40
0.0
 40
0.0
 40
0.0
 40
1.0
 40
1.0
 40
1.0
 40
2.0
 40
2.0
 40
2.0
 40
3.0
 40
3.0
 40
3.0
 40
4.0
 40
4.0
 40
4.0
 40
4.0
 10
97.86207249999998
 20
103.7023791666667
 30
0.0
 10
92.91612805555555
 20
103.7023791666667
 30
0.0
 10
88.90151694444442
 20
107.7236930555555
 30
0.0
 10
88.90151694444442
 20
112.6766930555555
 30
0.0
 10
88.90151694444442
 20
117.6155819444444
 30
0.0
 10
92.91612805555555
 20
121.6337208333333
 30
0.0
 10
97.86207249999998
 20
121.6337208333333
 30
0.0
 10
102.8186002777778
 20
121.6337208333333
 30
0.0
 10
106.8367391666666
 20
117.6155819444444
 30
0.0
 10
106.8367391666666
 20
112.6766930555555
 30
0.0
 10
106.8367391666666
 20
107.7236930555555
 30
0.0
 10
102.8186002777778
 20
103.7023791666667
 30
0.0
 10
97.86207249999998
 20
103.7023791666667
 30
0.0
  0
SPLINE
  5
349
330
1F
100
AcDbEntity
  8
DEFAULT
 62
     1
100
AcDbSpline
210
0.0
220
0.0
230
1.0
 70
    11
 71
     3
 72
    17
 73
    13
 74
     0
 42
0.000000001
 43
0.0000000001
 40
0.0
 40
0.0
 40
0.0
 40
0.0
 40
1.0
 40
1.0
 40
1.0
 40
2.0
 40
2.0
 40
2.0
 40
3.0
 40
3.0
 40
3.0
 40
4.0
 40
4.0
 40
4.0
 40
4.0
 10
80.36771666666665
 20
106.8384325
 30
0.0
 10
77.41179166666666
 20
106.8384325
 30
0.0
 10
75.01254999999999
 20
109.2373213888889
 30
0.0
 10
75.01254999999999
 20
112.1967741666667
 30
0.0
 10
75.01254999999999
 20
115.1463491666667
 30
0.0
 10
77.41179166666666
 20
117.5487658333333
 30
0.0
 10
80.36771666666665
 20
117.5487658333333
 30
0.0
 10
83.32399444444444
 20
117.5487658333333
 30
0.0
 10
85.7264111111111
 20
115.1463491666667
 30
0.0
 10
85.7264111111111
 20
112.1967741666667
 30
0.0
 10
85.7264111111111
 20
109.2373213888889
 30
0.0
 10
83.32399444444444
 20
106.8384325
 30
0.0
 10
80.36771666666665
 20
106.8384325
 30
0.0
  0
POLYLINE
  5
34A
330
1F
100
AcDbEntity
  8
DEFAULT
 62
     1
100
AcDb2dPolyline
 66
     1
 10
0.0
 20
0.0
 30
0.0
 70
     1
  0
VERTEX
  5
34B
330
34A
100
AcDbEntity
  8
DEFAULT
 62
     1
100
AcDbVertex
100
AcDb2dVertex
 10
114.502565
 20
124.9430938888889
 30
0.0
  0
VERTEX
  5
34C
330
34A
100
AcDbEntity
  8
DEFAULT
 62
     1
100
AcDbVertex
100
AcDb2dVertex
 10
114.502565
 20
133.4450383333333
 30
0.0
  0
VERTEX
  5
34D
330
34A
100
AcDbEntity
  8
DEFAULT
 62
     1
100
AcDbVertex
100
AcDb2dVertex
 10
107.549315
 20
133.4450383333333
 30
0.0
  0
VERTEX
  5
34E
330
34A
100
AcDbEntity
  8
DEFAULT
 62
     1
100
AcDbVertex
100
AcDb2dVertex
 10
107.549315
 20
130.4428994444444
 30
0.0
  0
VERTEX
  5
34F
330
34A
100
AcDbEntity
  8
DEFAULT
 62
     1
100
AcDbVertex
100
AcDb2dVertex
 10
100.596065
 20
130.4428994444444
 30
0.0
  0
VERTEX
  5
350
330
34A
100
AcDbEntity
  8
DEFAULT
 62
     1
100
AcDbVertex
100
AcDb2dVertex
 10
100.596065
 20
133.4450383333333
 30
0.0
  0
VERTEX
  5
351
330
34A
100
AcDbEntity
  8
DEFAULT
 62
     1
100
AcDbVertex
100
AcDb2dVertex
 10
93.63928722222222
 20
133.4450383333333
 30
0.0
  0
VERTEX
  5
352
330
34A
100
AcDbEntity
  8
DEFAULT
 62
     1
100
AcDbVertex
100
AcDb2dVertex
 10
93.63928722222222
 20
130.4428994444444
 30
0.0
  0
VERTEX
  5
353
330
34A
100
AcDbEntity
  8
DEFAULT
 62
     1
100
AcDbVertex
100
AcDb2dVertex
 10
86.68603722222223
 20
130.4428994444444
 30
0.0
  0
VERTEX
  5
354
330
34A
100
AcDbEntity
  8
DEFAULT
 62
     1
100
AcDbVertex
100
AcDb2dVertex
 10
86.68603722222223
 20
133.4450383333333
 30
0.0
  0
VERTEX
  5
355
330
34A
100
AcDbEntity
  8
DEFAULT
 62
     1
100
AcDbVertex
100
AcDb2dVertex
 10
79.73278722222221
 20
133.4450383333333
 30
0.0
  0
VERTEX
  5
356
330
34A
100
AcDbEntity
  8
DEFAULT
 62
     1
100
AcDbVertex
100
AcDb2dVertex
 10
79.73278722222221
 20
130.4428994444444
 30
0.0
  0
VERTEX
  5
357
330
34A
100
AcDbEntity
  8
DEFAULT
 62
     1
100
AcDbVertex
100
AcDb2dVertex
 10
72.77600944444444
 20
130.4428994444444
 30
0.0
  0
VERTEX
  5
358
330
34A
100
AcDbEntity
  8
DEFAULT
 62
     1
100
AcDbVertex
100
AcDb2dVertex
 10
72.77600944444444
 20
133.4450383333333
 30
0.0
  0
VERTEX
  5
359
330
34A
100
AcDbEntity
  8
DEFAULT
 62
     1
100
AcDbVertex
100
AcDb2dVertex
 10
65.82275944444444
 20
133.4450383333333
 30
0.0
  0
VERTEX
  5
35A
330
34A
100
AcDbEntity
  8
DEFAULT
 62
     1
100
AcDbVertex
100
AcDb2dVertex
 10
65.82275944444444
 20
124.9430938888889
 30
0.0
  0
VERTEX
  5
35B
330
34A
100
AcDbEntity
  8
DEFAULT
 62
     1
100
AcDbVertex
100
AcDb2dVertex
 10
68.82137055555555
 20
124.9430938888889
 30
0.0
  0
VERTEX
  5
35C
330
34A
100
AcDbEntity
  8
DEFAULT
 62
     1
100
AcDbVertex
100
AcDb2dVertex
 10
68.82137055555555
 20
116.4446772222222
 30
0.0
  0
VERTEX
  5
35D
330
34A
100
AcDbEntity
  8
DEFAULT
 62
     1
100
AcDbVertex
100
AcDb2dVertex
 10
65.82275944444444
 20
116.4446772222222
 30
0.0
  0
VERTEX
  5
35E
330
34A
100
AcDbEntity
  8
DEFAULT
 62
     1
100
AcDbVertex
100
AcDb2dVertex
 10
65.82275944444444
 20
107.9427327777778
 30
0.0
  0
VERTEX
  5
35F
330
34A
100
AcDbEntity
  8
DEFAULT
 62
     1
100
AcDbVertex
100
AcDb2dVertex
 10
68.82137055555555
 20
107.9427327777778
 30
0.0
  0
VERTEX
  5
360
330
34A
100
AcDbEntity
  8
DEFAULT
 62
     1
100
AcDbVertex
100
AcDb2dVertex
 10
68.82137055555555
 20
99.4443161111111
 30
0.0
  0
VERTEX
  5
361
330
34A
100
AcDbEntity
  8
DEFAULT
 62
     1
100
AcDbVertex
100
AcDb2dVertex
 10
65.82275944444444
 20
99.4443161111111
 30
0.0
  0
VERTEX
  5
362
330
34A
100
AcDbEntity
  8
DEFAULT
 62
     1
100
AcDbVertex
100
AcDb2dVertex
 10
65.82275944444444
 20
90.9420188888889
 30
0.0
  0
VERTEX
  5
363
330
34A
100
AcDbEntity
  8
DEFAULT
 62
     1
100
AcDbVertex
100
AcDb2dVertex
 10
68.82137055555555
 20
90.9420188888889
 30
0.0
  0
VERTEX
  5
364
330
34A
100
AcDbEntity
  8
DEFAULT
 62
     1
100
AcDbVertex
100
AcDb2dVertex
 10
68.82137055555555
 20
82.44360222222221
 30
0.0
  0
VERTEX
  5
365
330
34A
100
AcDbEntity
  8
DEFAULT
 62
     1
100
AcDbVertex
100
AcDb2dVertex
 10
65.82275944444444
 20
82.44360222222221
 30
0.0
  0
VERTEX
  5
366
330
34A
100
AcDbEntity
  8
DEFAULT
 62
     1
100
AcDbVertex
100
AcDb2dVertex
 10
65.82275944444444
 20
73.94201055555556
 30
0.0
  0
VERTEX
  5
367
330
34A
100
AcDbEntity
  8
DEFAULT
 62
     1
100
AcDbVertex
100
AcDb2dVertex
 10
75.61234277777777
 20
73.94201055555556
 30
0.0
  0
VERTEX
  5
368
330
34A
100
AcDbEntity
  8
DEFAULT
 62
     1
100
AcDbVertex
100
AcDb2dVertex
 10
75.61234277777777
 20
90.9420188888889
 30
0.0
  0
VERTEX
  5
369
330
34A
100
AcDbEntity
  8
DEFAULT
 62
     1
100
AcDbVertex
100
AcDb2dVertex
 10
83.197065
 20
90.9420188888889
 30
0.0
  0
VERTEX
  5
36A
330
34A
100
AcDbEntity
  8
DEFAULT
 62
     1
100
AcDbVertex
100
AcDb2dVertex
 10
83.197065
 20
86.46562166666666
 30
0.0
  0
VERTEX
  5
36B
330
34A
100
AcDbEntity
  8
DEFAULT
 62
     1
100
AcDbVertex
100
AcDb2dVertex
 10
97.12825944444444
 20
86.46562166666666
 30
0.0
  0
VERTEX
  5
36C
330
34A
100
AcDbEntity
  8
DEFAULT
 62
     1
100
AcDbVertex
100
AcDb2dVertex
 10
97.12825944444444
 20
90.9420188888889
 30
0.0
  0
VERTEX
  5
36D
330
34A
100
AcDbEntity
  8
DEFAULT
 62
     1
100
AcDbVertex
100
AcDb2dVertex
 10
104.7129816666667
 20
90.9420188888889
 30
0.0
  0
VERTEX
  5
36E
330
34A
100
AcDbEntity
  8
DEFAULT
 62
     1
100
AcDbVertex
100
AcDb2dVertex
 10
104.7129816666667
 20
73.94201055555556
 30
0.0
  0
VERTEX
  5
36F
330
34A
100
AcDbEntity
  8
DEFAULT
 62
     1
100
AcDbVertex
100
AcDb2dVertex
 10
114.502565
 20
73.94201055555556
 30
0.0
  0
VERTEX
  5
370
330
34A
100
AcDbEntity
  8
DEFAULT
 62
     1
100
AcDbVertex
100
AcDb2dVertex
 10
114.502565
 20
82.44360222222221
 30
0.0
  0
VERTEX
  5
371
330
34A
100
AcDbEntity
  8
DEFAULT
 62
     1
100
AcDbVertex
100
AcDb2dVertex
 10
111.5039538888889
 20
82.44360222222221
 30
0.0
  0
VERTEX
  5
372
330
34A
100
AcDbEntity
  8
DEFAULT
 62
     1
100
AcDbVertex
100
AcDb2dVertex
 10
111.5039538888889
 20
90.9420188888889
 30
0.0
  0
VERTEX
  5
373
330
34A
100
AcDbEntity
  8
DEFAULT
 62
     1
100
AcDbVertex
100
AcDb2dVertex
 10
114.502565
 20
90.9420188888889
 30
0.0
  0
VERTEX
  5
374
330
34A
100
AcDbEntity
  8
DEFAULT
 62
     1
100
AcDbVertex
100
AcDb2dVertex
 10
114.502565
 20
99.4443161111111
 30
0.0
  0
VERTEX
  5
375
330
34A
100
AcDbEntity
  8
DEFAULT
 62
     1
100
AcDbVertex
100
AcDb2dVertex
 10
111.5039538888889
 20
99.4443161111111
 30
0.0
  0
VERTEX
  5
376
330
34A
100
AcDbEntity
  8
DEFAULT
 62
     1
100
AcDbVertex
100
AcDb2dVertex
 10
111.5039538888889
 20
107.9427327777778
 30
0.0
  0
VERTEX
  5
377
330
34A
100
AcDbEntity
  8
DEFAULT
 62
     1
100
AcDbVertex
100
AcDb2dVertex
 10
114.502565
 20
107.9427327777778
 30
0.0
  0
VERTEX
  5
378
330
34A
100
AcDbEntity
  8
DEFAULT
 62
     1
100
AcDbVertex
100
AcDb2dVertex
 10
114.502565
 20
116.4446772222222
 30
0.0
  0
VERTEX
  5
379
330
34A
100
AcDbEntity
  8
DEFAULT
 62
     1
100
AcDbVertex
100
AcDb2dVertex
 10
111.5039538888889
 20
116.4446772222222
 30
0.0
  0
VERTEX
  5
37A
330
34A
100
AcDbEntity
  8
DEFAULT
 62
     1
100
AcDbVertex
100
AcDb2dVertex
 10
111.5039538888889
 20
124.9430938888889
 30
0.0
  0
SEQEND
  5
37B
330
34A
100
AcDbEntity
  8
DEFAULT
 62
     1
  0
SPLINE
  5
37C
330
1F
100
AcDbEntity
  8
DEFAULT
 62
     1
100
AcDbSpline
210
0.0
220
0.0
230
1.0
 70
     8
 71
     3
 72
    77
 73
    73
 74
     0
 42
0.000000001
 43
0.0000000001
 40
0.0
 40
0.0
 40
0.0
 40
0.0
 40
8.500000529411748
 40
8.500000529411748
 40
8.500000529411748
 40
28.34000052941177
 40
28.34000052941177
 40
28.34000052941177
 40
30.61100052941173
 40
30.61100052941173
 40
30.61100052941173
 40
31.61100052941173
 40
31.61100052941173
 40
31.61100052941173
 40
122.8880948302274
 40
122.8880948302274
 40
122.8880948302274
 40
131.9590948302275
 40
131.9590948302275
 40
131.9590948302275
 40
223.2361021266984
 40
223.2361021266984
 40
223.2361021266984
 40
224.2361021266984
 40
224.2361021266984
 40
224.2361021266984
 40
226.5151021266984
 40
226.5151021266984
 40
226.5151021266984
 40
246.3551041680289
 40
246.3551041680289
 40
246.3551041680289
 40
254.8631046969428
 40
254.8631046969428
 40
254.8631046969428
 40
374.7151046969428
 40
374.7151046969428
 40
374.7151046969428
 40
383.2131056383406
 40
383.2131056383406
 40
383.2131056383406
 40
403.0531056383406
 40
403.0531056383406
 40
403.0531056383406
 40
405.3131056383406
 40
405.3131056383406
 40
405.3131056383406
 40
406.3131056383406
 40
406.3131056383406
 40
406.3131056383406
 40
464.7022354828587
 40
464.7022354828587
 40
464.7022354828587
 40
465.7022354828587
 40
465.7022354828587
 40
465.7022354828587
 40
466.7022354828587
 40
466.7022354828587
 40
466.7022354828587
 40
525.0909590945288
 40
525.0909590945288
 40
525.0909590945288
 40
526.0909590945288
 40
526.0909590945288
 40
526.0909590945288
 40
528.3819590945287
 40
528.3819590945287
 40
528.3819590945287
 40
548.2219616146898
 40
548.2219616146898
 40
548.2219616146898
 40
556.7319625547602
 40
556.7319625547602
 40
556.7319625547602
 40
556.7319625547602
 10
203.910565
 20
30.36679361111111
 30
0.0
 10
202.9110279629629
 20
30.36714638888889
 30
0.0
 10
201.9114909259259
 20
30.36749916666666
 30
0.0
 10
200.9119538888889
 20
30.36785194444444
 30
0.0
 10
200.9119538888889
 20
28.03481490740741
 30
0.0
 10
200.9119538888889
 20
25.70177787037036
 30
0.0
 10
200.9119538888889
 20
23.36874083333333
 30
0.0
 10
201.1790066666666
 20
23.36874083333333
 30
0.0
 10
201.4460594444444
 20
23.36874083333333
 30
0.0
 10
201.7131122222222
 20
23.36874083333333
 30
0.0
 10
201.7131122222222
 20
21.71068527777777
 30
0.0
 10
200.5136677777777
 20
17.85482416666666
 30
0.0
 10
197.909815
 20
19.31179638888889
 30
0.0
 10
197.7759946296296
 20
30.04447231481481
 30
0.0
 10
197.6421742592592
 20
40.77714824074074
 30
0.0
 10
197.5083538888888
 20
51.50982416666666
 30
0.0
 10
196.4416714814814
 20
51.50982416666667
 30
0.0
 10
195.374989074074
 20
51.50982416666667
 30
0.0
 10
194.3083066666666
 20
51.50982416666666
 30
0.0
 10
194.1753094444444
 20
40.77714824074074
 30
0.0
 10
194.0423122222222
 20
30.04447231481481
 30
0.0
 10
193.909315
 20
19.31179638888889
 30
0.0
 10
191.305815
 20
17.85482416666666
 30
0.0
 10
190.1067233333333
 20
21.71068527777777
 30
0.0
 10
190.1067233333333
 20
23.36874083333333
 30
0.0
 10
190.3747168518518
 20
23.36874083333333
 30
0.0
 10
190.6427103703703
 20
23.36874083333333
 30
0.0
 10
190.9107038888889
 20
23.36874083333333
 30
0.0
 10
190.9096455555555
 20
25.70177787037037
 30
0.0
 10
190.9085872222222
 20
28.03481490740741
 30
0.0
 10
190.9075288888888
 20
30.36785194444444
 30
0.0
 10
189.9070511111111
 20
30.36749916666666
 30
0.0
 10
188.9065733333333
 20
30.36714638888888
 30
0.0
 10
187.9060955555555
 20
30.36679361111111
 30
0.0
 10
187.9060955555555
 20
44.46050101851851
 30
0.0
 10
187.9060955555555
 20
58.55420842592591
 30
0.0
 10
187.9060955555555
 20
72.64791583333333
 30
0.0
 10
188.9053974074074
 20
72.64744546296295
 30
0.0
 10
189.9046992592592
 20
72.64697509259258
 30
0.0
 10
190.9040011111111
 20
72.64650472222222
 30
0.0
 10
190.9040011111111
 20
74.97954175925925
 30
0.0
 10
190.9040011111111
 20
77.31257879629628
 30
0.0
 10
190.9040011111111
 20
79.64561583333331
 30
0.0
 10
190.6382418518518
 20
79.64561583333331
 30
0.0
 10
190.3724825925925
 20
79.64561583333331
 30
0.0
 10
190.1067233333333
 20
79.64561583333331
 30
0.0
 10
190.1067233333333
 20
81.30402416666665
 30
0.0
 10
191.305815
 20
85.15988527777778
 30
0.0
 10
193.90614
 20
83.70256027777776
 30
0.0
 10
194.0401955555555
 20
76.8377399074074
 30
0.0
 10
194.1742511111111
 20
69.97291953703701
 30
0.0
 10
194.3083066666666
 20
63.10809916666665
 30
0.0
 10
194.3083066666666
 20
62.22615472222221
 30
0.0
 10
195.0276205555555
 20
61.51389638888887
 30
0.0
 10
195.9130927777778
 20
61.51001583333333
 30
0.0
 10
196.7950372222222
 20
61.51001583333333
 30
0.0
 10
197.5115288888888
 20
62.22615472222221
 30
0.0
 10
197.5115288888888
 20
63.10809916666665
 30
0.0
 10
197.643115
 20
69.97291953703701
 30
0.0
 10
197.7747011111111
 20
76.8377399074074
 30
0.0
 10
197.9062872222222
 20
83.70256027777776
 30
0.0
 10
200.5136677777777
 20
85.15988527777778
 30
0.0
 10
201.7131122222222
 20
81.30402416666665
 30
0.0
 10
201.7131122222222
 20
79.64561583333331
 30
0.0
 10
201.4437075925925
 20
79.64561583333331
 30
0.0
 10
201.1743029629629
 20
79.64561583333331
 30
0.0
 10
200.9048983333333
 20
79.64561583333331
 30
0.0
 10
200.9060742592592
 20
77.31257879629628
 30
0.0
 10
200.9072501851851
 20
74.97954175925925
 30
0.0
 10
200.9084261111111
 20
72.64650472222222
 30
0.0
 10
201.909139074074
 20
72.64697509259258
 30
0.0
 10
202.909852037037
 20
72.64744546296295
 30
0.0
 10
203.910565
 20
72.64791583333333
 30
0.0
  0
SPLINE
  5
37D
330
1F
100
AcDbEntity
  8
DEFAULT
 62
     1
100
AcDbSpline
210
0.0
220
0.0
230
1.0
 70
    11
 71
     3
 72
    80
 73
    76
 74
     0
 42
0.000000001
 43
0.0000000001
 40
8.49800094139797
 40
8.49800094139797
 40
8.49800094139797
 40
8.49800094139797
 40
28.33800094139797
 40
28.33800094139797
 40
28.33800094139797
 40
30.59900094139794
 40
30.59900094139794
 40
30.59900094139794
 40
31.59900094139794
 40
31.59900094139794
 40
31.59900094139794
 40
89.98811127029404
 40
89.98811127029404
 40
89.98811127029404
 40
90.98811127029404
 40
90.98811127029404
 40
90.98811127029404
 40
91.98811127029404
 40
91.98811127029404
 40
91.98811127029404
 40
150.3768732455235
 40
150.3768732455235
 40
150.3768732455235
 40
151.3768732455235
 40
151.3768732455235
 40
151.3768732455235
 40
153.6668732455234
 40
153.6668732455234
 40
153.6668732455234
 40
173.506875286854
 40
173.506875286854
 40
173.506875286854
 40
182.0168762269244
 40
182.0168762269244
 40
182.0168762269244
 40
301.8688762269244
 40
301.8688762269244
 40
301.8688762269244
 40
310.3688764622186
 40
310.3688764622186
 40
310.3688764622186
 40
330.2088764622185
 40
330.2088764622185
 40
330.2088764622185
 40
332.4798764622185
 40
332.4798764622185
 40
332.4798764622185
 40
333.4798764622185
 40
333.4798764622185
 40
333.4798764622185
 40
424.7579956420088
 40
424.7579956420088
 40
424.7579956420088
 40
433.8279956420089
 40
433.8279956420089
 40
433.8279956420089
 40
525.1059904764705
 40
525.1059904764705
 40
525.1059904764705
 40
526.1059904764705
 40
526.1059904764705
 40
526.1059904764705
 40
528.3859904764705
 40
528.3859904764705
 40
528.3859904764705
 40
548.225992517801
 40
548.225992517801
 40
548.225992517801
 40
556.733992752874
 40
556.733992752874
 40
556.733992752874
 40
676.585992752874
 40
676.585992752874
 40
676.585992752874
 40
685.083993694272
 40
685.083993694272
 40
685.083993694272
 40
685.083993694272
 10
206.9084705555555
 20
72.64653999999999
 30
0.0
 10
206.9084705555555
 20
74.97957703703703
 30
0.0
 10
206.9084705555555
 20
77.31261407407406
 30
0.0
 10
206.9084705555555
 20
79.6456511111111
 30
0.0
 10
206.6425937037037
 20
79.6456511111111
 30
0.0
 10
206.3767168518518
 20
79.6456511111111
 30
0.0
 10
206.11084
 20
79.6456511111111
 30
0.0
 10
206.11084
 20
81.30405944444443
 30
0.0
 10
207.3102844444444
 20
85.15992055555554
 30
0.0
 10
209.9106094444444
 20
83.70259555555555
 30
0.0
 10
210.0445474074074
 20
76.83777518518518
 30
0.0
 10
210.1784853703704
 20
69.9729548148148
 30
0.0
 10
210.3124233333333
 20
63.10813444444443
 30
0.0
 10
210.3124233333333
 20
62.22618999999999
 30
0.0
 10
211.03209
 20
61.51357888888889
 30
0.0
 10
211.9175622222222
 20
61.5100511111111
 30
0.0
 10
212.7995066666666
 20
61.5100511111111
 30
0.0
 10
213.5156455555556
 20
62.22618999999999
 30
0.0
 10
213.5156455555556
 20
63.10813444444443
 30
0.0
 10
213.6474668518518
 20
69.9729548148148
 30
0.0
 10
213.7792881481481
 20
76.83777518518518
 30
0.0
 10
213.9111094444444
 20
83.70259555555555
 30
0.0
 10
216.5177844444444
 20
85.15992055555554
 30
0.0
 10
217.7175816666666
 20
81.30405944444443
 30
0.0
 10
217.7175816666666
 20
79.6456511111111
 30
0.0
 10
217.4482946296296
 20
79.6456511111111
 30
0.0
 10
217.1790075925926
 20
79.6456511111111
 30
0.0
 10
216.9097205555555
 20
79.6456511111111
 30
0.0
 10
216.9107788888889
 20
77.31261407407406
 30
0.0
 10
216.9118372222222
 20
74.97957703703703
 30
0.0
 10
216.9128955555556
 20
72.64653999999999
 30
0.0
 10
217.9136085185185
 20
72.64701037037035
 30
0.0
 10
218.9143214814815
 20
72.64748074074073
 30
0.0
 10
219.9150344444444
 20
72.6479511111111
 30
0.0
 10
219.9150344444444
 20
58.5542437037037
 30
0.0
 10
219.9150344444444
 20
44.46053629629629
 30
0.0
 10
219.9150344444444
 20
30.36682888888889
 30
0.0
 10
218.9154974074074
 20
30.36706407407407
 30
0.0
 10
217.9159603703704
 20
30.36729925925925
 30
0.0
 10
216.9164233333333
 20
30.36753444444444
 30
0.0
 10
216.9164233333333
 20
28.0344974074074
 30
0.0
 10
216.9164233333333
 20
25.70146037037037
 30
0.0
 10
216.9164233333333
 20
23.36842333333333
 30
0.0
 10
217.1834761111111
 20
23.36842333333333
 30
0.0
 10
217.4505288888888
 20
23.36842333333333
 30
0.0
 10
217.7175816666666
 20
23.36842333333333
 30
0.0
 10
217.7175816666666
 20
21.71072055555556
 30
0.0
 10
216.5177844444444
 20
17.85521222222222
 30
0.0
 10
213.9142844444444
 20
19.31147888888889
 30
0.0
 10
213.7802288888889
 20
30.04427240740741
 30
0.0
 10
213.6461733333333
 20
40.77706592592592
 30
0.0
 10
213.5121177777778
 20
51.50985944444444
 30
0.0
 10
212.445552962963
 20
51.50985944444445
 30
0.0
 10
211.3789881481481
 20
51.50985944444445
 30
0.0
 10
210.3124233333333
 20
51.50985944444444
 30
0.0
 10
210.1795437037037
 20
40.77706592592592
 30
0.0
 10
210.0466640740741
 20
30.04427240740741
 30
0.0
 10
209.9137844444444
 20
19.31147888888889
 30
0.0
 10
207.3102844444444
 20
17.85521222222222
 30
0.0
 10
206.11084
 20
21.71072055555556
 30
0.0
 10
206.11084
 20
23.36842333333333
 30
0.0
 10
206.3789511111111
 20
23.36842333333333
 30
0.0
 10
206.6470622222222
 20
23.36842333333333
 30
0.0
 10
206.9151733333333
 20
23.36842333333333
 30
0.0
 10
206.914115
 20
25.70146037037037
 30
0.0
 10
206.9130566666666
 20
28.0344974074074
 30
0.0
 10
206.9119983333333
 20
30.36753444444444
 30
0.0
 10
205.9115205555555
 20
30.36729925925925
 30
0.0
 10
204.9110427777778
 20
30.36706407407407
 30
0.0
 10
203.910565
 20
30.36682888888889
 30
0.0
 10
203.910565
 20
44.46053629629629
 30
0.0
 10
203.910565
 20
58.55424370370369
 30
0.0
 10
203.910565
 20
72.6479511111111
 30
0.0
 10
204.9098668518518
 20
72.64748074074073
 30
0.0
 10
205.9091687037037
 20
72.64701037037035
 30
0.0
 10
206.9084705555555
 20
72.64653999999999
 30
0.0
  0
ENDSEC
  0
SECTION
  2
OBJECTS
  0
DICTIONARY
  5
C
330
0
100
AcDbDictionary
  3
ACAD_GROUP
350
D
  3
ACAD_LAYOUT
350
1A
  3
ACAD_MATERIAL
350
43
  3
ACAD_MLEADERSTYLE
350
3A0
  3
ACAD_MLINESTYLE
350
17
  3
ACAD_PLOTSETTINGS
350
19
  3
ACAD_SCALELIST
350
47
  3
ACAD_VISUALSTYLE
350
2A
  3
ACDBHEADERROUNDTRIPXREC
350
37E
  3
ACDBVARIABLEDICTIONARY
350
39E
  0
DICTIONARY
  5
D
102
{ACAD_REACTORS
330
C
102
}
330
C
100
AcDbDictionary
  0
DICTIONARY
  5
1A
102
{ACAD_REACTORS
330
C
102
}
330
C
100
AcDbDictionary
  0
DICTIONARY
  5
43
102
{ACAD_REACTORS
330
C
102
}
330
C
100
AcDbDictionary
  3
BYBLOCK
350
45
  3
BYLAYER
350
44
  3
GLOBAL
350
46
  0
DICTIONARY
  5
3A0
102
{ACAD_REACTORS
330
C
102
}
330
C
100
AcDbDictionary
  0
DICTIONARY
  5
17
102
{ACAD_REACTORS
330
C
102
}
330
C
100
AcDbDictionary
  3
STANDARD
350
18
  0
DICTIONARY
  5
19
102
{ACAD_REACTORS
330
C
102
}
330
C
100
AcDbDictionary
  0
DICTIONARY
  5
47
102
{ACAD_REACTORS
330
C
102
}
330
C
100
AcDbDictionary
  3
A0
350
48
  3
A1
350
49
  3
A2
350
4A
  3
A3
350
4B
  3
A4
350
4C
  3
A5
350
4D
  3
A6
350
4E
  3
A7
350
4F
  3
A8
350
50
  3
A9
350
51
  3
B0
350
52
  3
B1
350
53
  3
B2
350
54
  3
B3
350
55
  3
B4
350
56
  3
B5
350
57
  3
B6
350
58
  3
B7
350
59
  3
B8
350
5A
  3
B9
350
5B
  3
C0
350
5C
  3
C1
350
5D
  3
C2
350
5E
  3
C3
350
5F
  3
C4
350
60
  3
C5
350
61
  3
C6
350
62
  3
C7
350
63
  3
C8
350
64
  3
C9
350
65
  3
D0
350
66
  3
D1
350
67
  3
D2
350
68
  0
DICTIONARY
  5
2A
102
{ACAD_REACTORS
330
C
102
}
330
C
100
AcDbDictionary
  3
2DWIREFRAME
350
2F
  3
BASIC
350
32
  3
BRIGHTEN
350
36
  3
COLORCHANGE
350
3A
  3
CONCEPTUAL
350
34
  3
DIM
350
35
  3
EDGECOLOROFF
350
3D
  3
FACEPATTERN
350
39
  3
FLAT
350
2B
  3
FLATWITHEDGES
350
2C
  3
GOURAUD
350
2D
  3
GOURAUDWITHEDGES
350
2E
  3
HIDDEN
350
31
  3
JITTEROFF
350
3B
  3
LINEPATTERN
350
38
  3
OVERHANGOFF
350
3C
  3
REALISTIC
350
33
  3
SHADED
350
42
  3
SHADED_WITH_EDGES
350
41
  3
SHADES_OF_GRAY
350
3E
  3
SKETCHY
350
3F
  3
THICKEN
350
37
  3
WIREFRAME
350
30
  3
X-RAY
350
40
  0
DICTIONARY
  5
37E
102
{ACAD_REACTORS
330
C
102
}
330
C
100
AcDbDictionary
  3
CEPSNTYPE
350
387
  3
DIMSTYLEDATA
350
39D
  3
FINGERPRINTGUID
350
388
  3
HYPERLINKBASE
350
381
  3
INSUNITS
350
386
  3
LAYOUTDICT
350
383
  3
LWETCUNION
350
385
  3
PLOTSETDICT
350
384
  3
PSVPSCALE
350
38A
  3
PUCSBASE
350
38D
  3
PUCSORGBACK
350
393
  3
PUCSORGBOTTOM
350
38F
  3
PUCSORGFRONT
350
392
  3
PUCSORGLEFT
350
390
  3
PUCSORGRIGHT
350
391
  3
PUCSORGTOP
350
38E
  3
PUCSORTHOREF
350
38B
  3
PUCSORTHOVIEW
350
38C
  3
STYLESHEET
350
382
  3
TSTACKALIGN
350
37F
  3
TSTACKSIZE
350
380
  3
UCSBASE
350
396
  3
UCSORGBACK
350
39C
  3
UCSORGBOTTOM
350
398
  3
UCSORGFRONT
350
39B
  3
UCSORGLEFT
350
399
  3
UCSORGRIGHT
350
39A
  3
UCSORGTOP
350
397
  3
UCSORTHOREF
350
394
  3
UCSORTHOVIEW
350
395
  3
VERSIONGUID
350
389
  0
DICTIONARY
  5
39E
102
{ACAD_REACTORS
330
C
102
}
330
C
100
AcDbDictionary
  3
CANNOSCALE
350
3A5
  3
DIMASSOC
350
3A3
  3
HIDETEXT
350
3A4
  3
MSLTSCALE
350
3A6
  0
MATERIAL
  5
45
102
{ACAD_REACTORS
330
43
102
}
102
{ACAD_XDICTIONARY
360
3A9
102
}
330
43
100
AcDbMaterial
  1
BYBLOCK
  0
MATERIAL
  5
44
102
{ACAD_REACTORS
330
43
102
}
102
{ACAD_XDICTIONARY
360
3A7
102
}
330
43
100
AcDbMaterial
  1
BYLAYER
  0
MATERIAL
  5
46
102
{ACAD_REACTORS
330
43
102
}
102
{ACAD_XDICTIONARY
360
3AB
102
}
330
43
100
AcDbMaterial
  1
GLOBAL
  0
MLINESTYLE
  5
18
102
{ACAD_REACTORS
330
17
102
}
330
17
100
AcDbMlineStyle
  2
Standard
 70
     0
  3

 62
   256
 51
90.0
 52
90.0
 71
     2
 49
0.5
 62
   256
  6
BYLAYER
 49
-0.5
 62
   256
  6
BYLAYER
  0
ACAD_PROXY_OBJECT
  5
48
102
{ACAD_REACTORS
330
47
102
}
330
47
100
AcDbProxyObject
 90
      499
 91
      503
 93
       41
310
903313A31580
  0
ACAD_PROXY_OBJECT
  5
49
102
{ACAD_REACTORS
330
47
102
}
330
47
100
AcDbProxyObject
 90
      499
 91
      503
 93
      105
310
903313A324000000000000004000
  0
ACAD_PROXY_OBJECT
  5
4A
102
{ACAD_REACTORS
330
47
102
}
330
47
100
AcDbProxyObject
 90
      499
 91
      503
 93
      105
310
903313A344000000000000104000
  0
ACAD_PROXY_OBJECT
  5
4B
102
{ACAD_REACTORS
330
47
102
}
330
47
100
AcDbProxyObject
 90
      499
 91
      503
 93
      105
310
903313A354000000000000144000
  0
ACAD_PROXY_OBJECT
  5
4C
102
{ACAD_REACTORS
330
47
102
}
330
47
100
AcDbProxyObject
 90
      499
 91
      503
 93
      105
310
903313A384000000000000204000
  0
ACAD_PROXY_OBJECT
  5
4D
102
{ACAD_REACTORS
330
47
102
}
330
47
100
AcDbProxyObject
 90
      499
 91
      503
 93
      113
310
904313A31304000000000000244000
  0
ACAD_PROXY_OBJECT
  5
4E
102
{ACAD_REACTORS
330
47
102
}
330
47
100
AcDbProxyObject
 90
      499
 91
      503
 93
      113
310
904313A31364000000000000304000
  0
ACAD_PROXY_OBJECT
  5
4F
102
{ACAD_REACTORS
330
47
102
}
330
47
100
AcDbProxyObject
 90
      499
 91
      503
 93
      113
310
904313A32304000000000000344000
  0
ACAD_PROXY_OBJECT
  5
50
102
{ACAD_REACTORS
330
47
102
}
330
47
100
AcDbProxyObject
 90
      499
 91
      503
 93
      113
310
904313A333040000000000003E4000
  0
ACAD_PROXY_OBJECT
  5
51
102
{ACAD_REACTORS
330
47
102
}
330
47
100
AcDbProxyObject
 90
      499
 91
      503
 93
      113
310
904313A34304000000000000444000
  0
ACAD_PROXY_OBJECT
  5
52
102
{ACAD_REACTORS
330
47
102
}
330
47
100
AcDbProxyObject
 90
      499
 91
      503
 93
      113
310
904313A35304000000000000494000
  0
ACAD_PROXY_OBJECT
  5
53
102
{ACAD_REACTORS
330
47
102
}
330
47
100
AcDbProxyObject
 90
      499
 91
      503
 93
      121
310
905313A3130304000000000000594000
  0
ACAD_PROXY_OBJECT
  5
54
102
{ACAD_REACTORS
330
47
102
}
330
47
100
AcDbProxyObject
 90
      499
 91
      503
 93
      105
310
903323A310000000000000010100
  0
ACAD_PROXY_OBJECT
  5
55
102
{ACAD_REACTORS
330
47
102
}
330
47
100
AcDbProxyObject
 90
      499
 91
      503
 93
      105
310
903343A310000000000000410100
  0
ACAD_PROXY_OBJECT
  5
56
102
{ACAD_REACTORS
330
47
102
}
330
47
100
AcDbProxyObject
 90
      499
 91
      503
 93
      105
310
903383A310000000000000810100
  0
ACAD_PROXY_OBJECT
  5
57
102
{ACAD_REACTORS
330
47
102
}
330
47
100
AcDbProxyObject
 90
      499
 91
      503
 93
      113
310
90431303A310000000000000910100
  0
ACAD_PROXY_OBJECT
  5
58
102
{ACAD_REACTORS
330
47
102
}
330
47
100
AcDbProxyObject
 90
      499
 91
      503
 93
      121
310
9053130303A310000000000001650100
  0
ACAD_PROXY_OBJECT
  5
59
102
{ACAD_REACTORS
330
47
102
}
330
47
100
AcDbProxyObject
 90
      499
 91
      503
 93
      257
310
90E312F31323822203D2031272D3022000000000000200FC000000000000284000
  0
ACAD_PROXY_OBJECT
  5
5A
102
{ACAD_REACTORS
330
47
102
}
330
47
100
AcDbProxyObject
 90
      499
 91
      503
 93
      249
310
90D312F363422203D2031272D3022000000000000240FC000000000000284000
  0
ACAD_PROXY_OBJECT
  5
5B
102
{ACAD_REACTORS
330
47
102
}
330
47
100
AcDbProxyObject
 90
      499
 91
      503
 93
      249
310
90D312F333222203D2031272D3022000000000000280FC000000000000284000
  0
ACAD_PROXY_OBJECT
  5
5C
102
{ACAD_REACTORS
330
47
102
}
330
47
100
AcDbProxyObject
 90
      499
 91
      503
 93
      249
310
90D312F313622203D2031272D30220000000000002C0FC000000000000284000
  0
ACAD_PROXY_OBJECT
  5
5D
102
{ACAD_REACTORS
330
47
102
}
330
47
100
AcDbProxyObject
 90
      499
 91
      503
 93
      249
310
90D332F333222203D2031272D30220000000000002E0FC000000000000284000
  0
ACAD_PROXY_OBJECT
  5
5E
102
{ACAD_REACTORS
330
47
102
}
330
47
100
AcDbProxyObject
 90
      499
 91
      503
 93
      241
310
90C312F3822203D2031272D3022000000000000300FC000000000000284000
  0
ACAD_PROXY_OBJECT
  5
5F
102
{ACAD_REACTORS
330
47
102
}
330
47
100
AcDbProxyObject
 90
      499
 91
      503
 93
      249
310
90D332F313622203D2031272D3022000000000000320FC000000000000284000
  0
ACAD_PROXY_OBJECT
  5
60
102
{ACAD_REACTORS
330
47
102
}
330
47
100
AcDbProxyObject
 90
      499
 91
      503
 93
      241
310
90C312F3422203D2031272D3022000000000000340FC000000000000284000
  0
ACAD_PROXY_OBJECT
  5
61
102
{ACAD_REACTORS
330
47
102
}
330
47
100
AcDbProxyObject
 90
      499
 91
      503
 93
      241
310
90C332F3822203D2031272D3022000000000000360FC000000000000284000
  0
ACAD_PROXY_OBJECT
  5
62
102
{ACAD_REACTORS
330
47
102
}
330
47
100
AcDbProxyObject
 90
      499
 91
      503
 93
      241
310
90C312F3222203D2031272D3022000000000000380FC000000000000284000
  0
ACAD_PROXY_OBJECT
  5
63
102
{ACAD_REACTORS
330
47
102
}
330
47
100
AcDbProxyObject
 90
      499
 91
      503
 93
      241
310
90C332F3422203D2031272D30220000000000003A0FC000000000000284000
  0
ACAD_PROXY_OBJECT
  5
64
102
{ACAD_REACTORS
330
47
102
}
330
47
100
AcDbProxyObject
 90
      499
 91
      503
 93
      161
310
90A3122203D2031272D30224000000000000284000
  0
ACAD_PROXY_OBJECT
  5
65
102
{ACAD_REACTORS
330
47
102
}
330
47
100
AcDbProxyObject
 90
      499
 91
      503
 93
      257
310
90E312D312F3222203D2031272D30220000000000003E0FC000000000000284000
  0
ACAD_PROXY_OBJECT
  5
66
102
{ACAD_REACTORS
330
47
102
}
330
47
100
AcDbProxyObject
 90
      499
 91
      503
 93
      225
310
90A3322203D2031272D302200000000000002100000000000000284000
  0
ACAD_PROXY_OBJECT
  5
67
102
{ACAD_REACTORS
330
47
102
}
330
47
100
AcDbProxyObject
 90
      499
 91
      503
 93
      225
310
90A3622203D2031272D302200000000000006100000000000000284000
  0
ACAD_PROXY_OBJECT
  5
68
102
{ACAD_REACTORS
330
47
102
}
330
47
100
AcDbProxyObject
 90
      499
 91
      503
 93
      249
310
90D31272D3022203D2031272D30220000000000000A100000000000000284000
  0
ACAD_PROXY_OBJECT
  5
2F
102
{ACAD_REACTORS
330
2A
102
}
330
2A
100
AcDbProxyObject
 90
      499
 91
      501
 93
      436
310
42CC9915DA5C99599C985B595049028333333333333E33F0000000000000F90107901411070040501600405405064090741402480A0340
1001
ACAD
1000
AcDbSavedByObjectVersion
1070
     0
  0
ACAD_PROXY_OBJECT
  5
32
102
{ACAD_REACTORS
330
2A
102
}
330
2A
100
AcDbProxyObject
 90
      499
 91
      501
 93
      388
310
4150985CDA58D07406404333333333333E33F0000000000000F90107A41107004050150841D405064090741402480A0350
1001
ACAD
1000
AcDbSavedByObjectVersion
1070
     0
  0
ACAD_PROXY_OBJECT
  5
36
102
{ACAD_REACTORS
330
2A
102
}
330
2A
100
AcDbProxyObject
 90
      499
 91
      501
 93
      428
310
42109C9A59DA1D195B90C409028333333333333E33F0000000000000F9010790141107004050150841D405064090741402480A029950
1001
ACAD
1000
AcDbSavedByObjectVersion
1070
     0
  0
ACAD_PROXY_OBJECT
  5
3A
102
{ACAD_REACTORS
330
2A
102
}
330
2A
100
AcDbProxyObject
 90
      499
 91
      501
 93
      452
310
42D0DBDB1BDC90DA185B99D95104090240C333333333333E33F0000000000000F90108901411070040501508421405064090741402480A0350
1001
ACAD
1000
AcDbSavedByObjectVersion
1070
     0
  0
ACAD_PROXY_OBJECT
  5
34
102
{ACAD_REACTORS
330
2A
102
}
330
2A
100
AcDbProxyObject
 90
      499
 91
      501
 93
      500
310
4290DBDB98D95C1D1D585B10940D028333333333333E33F0000000000000F90107902409070040501000000000018199010841D405064090740C02480A0340
1001
ACAD
1000
AcDbSavedByObjectVersion
1070
     0
  0
ACAD_PROXY_OBJECT
  5
35
102
{ACAD_REACTORS
330
2A
102
}
330
2A
100
AcDbProxyObject
 90
      499
 91
      501
 93
      412
310
40D11A5B50B409028333333333333E33F0000000000000F9010790141107004050150841D405064090741402480A02677FFFFFD0
1001
ACAD
1000
AcDbSavedByObjectVersion
1070
     0
  0
ACAD_PROXY_OBJECT
  5
3D
102
{ACAD_REACTORS
330
2A
102
}
330
2A
100
AcDbProxyObject
 90
      499
 91
      501
 93
      452
310
43115919D950DBDB1BDC93D999916409028333333333333E33F0000000000000F9010790141107004050150841D405064090741402480A0350
1001
ACAD
1000
AcDbSavedByObjectVersion
1070
     0
  0
ACAD_PROXY_OBJECT
  5
39
102
{ACAD_REACTORS
330
2A
102
}
330
2A
100
AcDbProxyObject
 90
      499
 91
      501
 93
      444
310
42D19858D95C185D1D195C9B90F409028333333333333E33F0000000000000F9010790141107004050150841D405064090741402480A0350
1001
ACAD
1000
AcDbSavedByObjectVersion
1070
     0
  0
ACAD_PROXY_OBJECT
  5
2B
102
{ACAD_REACTORS
330
2A
102
}
330
2A
100
AcDbProxyObject
 90
      499
 91
      501
 93
      380
310
41119B185D240901404333333333333E33F0000000000000F9010740A907004050150841D405064090741402480A1B50
1001
ACAD
1000
AcDbSavedByObjectVersion
1070
     0
  0
ACAD_PROXY_OBJECT
  5
2C
102
{ACAD_REACTORS
330
2A
102
}
330
2A
100
AcDbProxyObject
 90
      499
 91
      501
 93
      468
310
43519B185D15DA5D1A115919D95CD0140901404333333333333E33F0000000000000F90107409019070040501600405405064090741402480A1B50
1001
ACAD
1000
AcDbSavedByObjectVersion
1070
     0
  0
ACAD_PROXY_OBJECT
  5
2D
102
{ACAD_REACTORS
330
2A
102
}
330
2A
100
AcDbProxyObject
 90
      499
 91
      501
 93
      404
310
41D1DBDD5C985D5910240902404333333333333E33F0000000000000F9010740A9070040501641D405064090741402480A1B50
1001
ACAD
1000
AcDbSavedByObjectVersion
1070
     0
  0
ACAD_PROXY_OBJECT
  5
2E
102
{ACAD_REACTORS
330
2A
102
}
330
2A
100
AcDbProxyObject
 90
      499
 91
      501
 93
      492
310
4411DBDD5C985D5915DA5D1A115919D95CD0340902404333333333333E33F0000000000000F90107409019070040501600405405064090741402480A1B50
1001
ACAD
1000
AcDbSavedByObjectVersion
1070
     0
  0
ACAD_PROXY_OBJECT
  5
31
102
{ACAD_REACTORS
330
2A
102
}
330
2A
100
AcDbProxyObject
 90
      499
 91
      501
 93
      476
310
41921A5919195B90640502408333333333333E33F0000000000000F901079024090700405020000000000001110200405405064090740C02480A0340
1001
ACAD
1000
AcDbSavedByObjectVersion
1070
     0
  0
ACAD_PROXY_OBJECT
  5
3B
102
{ACAD_REACTORS
330
2A
102
}
330
2A
100
AcDbProxyObject
 90
      499
 91
      501
 93
      428
310
42529A5D1D195C93D999914409028333333333333E33F0000000000000F9010790141107004050150A41D405064090741402480A0350
1001
ACAD
1000
AcDbSavedByObjectVersion
1070
     0
  0
ACAD_PROXY_OBJECT
  5
38
102
{ACAD_REACTORS
330
2A
102
}
330
2A
100
AcDbProxyObject
 90
      499
 91
      501
 93
      444
310
42D31A5B995C185D1D195C9B90E409028333333333333E33F0000000000000F9010790141107004050750841D405064090741402483A0350
1001
ACAD
1000
AcDbSavedByObjectVersion
1070
     0
  0
ACAD_PROXY_OBJECT
  5
3C
102
{ACAD_REACTORS
330
2A
102
}
330
2A
100
AcDbProxyObject
 90
      499
 91
      501
 93
      444
310
42D3DD995C9A185B99D3D999915409028333333333333E33F0000000000000F9010790141107004050150941D405064090741402480A0350
1001
ACAD
1000
AcDbSavedByObjectVersion
1070
     0
  0
ACAD_PROXY_OBJECT
  5
33
102
{ACAD_REACTORS
330
2A
102
}
330
2A
100
AcDbProxyObject
 90
      499
 91
      501
 93
      428
310
425499585B1A5CDD1A58D08409038333333333333E33F0000000000000F9010740A907004050150800405405064090740C02480A1B40
1001
ACAD
1000
AcDbSavedByObjectVersion
1070
     0
  0
ACAD_PROXY_OBJECT
  5
42
102
{ACAD_REACTORS
330
2A
102
}
330
2A
100
AcDbProxyObject
 90
      499
 91
      501
 93
      420
310
4194DA1859195911B40902404333333333333E33F0000000000000F9010740A41107004050150800405405064090840C02480A0B40
1001
ACAD
1000
AcDbSavedByObjectVersion
1070
     0
  0
ACAD_PROXY_OBJECT
  5
41
102
{ACAD_REACTORS
330
2A
102
}
330
2A
100
AcDbProxyObject
 90
      499
 91
      501
 93
      516
310
4454DA18591959081DDA5D1A08195919D95CD1A40902404333333333333E33F0000000000000F901074090142907004050250800405405064090740C02480A0B40
1001
ACAD
1000
AcDbSavedByObjectVersion
1070
     0
  0
ACAD_PROXY_OBJECT
  5
3E
102
{ACAD_REACTORS
330
2A
102
}
330
2A
100
AcDbProxyObject
 90
      499
 91
      501
 93
      532
310
4394DA1859195CC81BD98811DC985E5174090240C333333333333E33F0000000000000F901079024090741D01000000000000111010841D405064090740C02480A0340
1001
ACAD
1000
AcDbSavedByObjectVersion
1070
     0
  0
ACAD_PROXY_OBJECT
  5
3F
102
{ACAD_REACTORS
330
2A
102
}
330
2A
100
AcDbProxyObject
 90
      499
 91
      501
 93
      476
310
41D4DAD95D18DA1E51840502408333333333333E33F0000000000000F901079024090741D01000000000000111010B41D405064090741802480A0340
1001
ACAD
1000
AcDbSavedByObjectVersion
1070
     0
  0
ACAD_PROXY_OBJECT
  5
37
102
{ACAD_REACTORS
330
2A
102
}
330
2A
100
AcDbProxyObject
 90
      499
 91
      501
 93
      412
310
41D51A1A58DAD95B90D409028333333333333E33F0000000000000F9010790141107004050150C41D405064090741402480A0350
1001
ACAD
1000
AcDbSavedByObjectVersion
1070
     0
  0
ACAD_PROXY_OBJECT
  5
30
102
{ACAD_REACTORS
330
2A
102
}
330
2A
100
AcDbProxyObject
 90
      499
 91
      501
 93
      420
310
4255DA5C99599C985B595059028333333333333E33F0000000000000F90107901411070040501600405405064090740C02480A0340
1001
ACAD
1000
AcDbSavedByObjectVersion
1070
     0
  0
ACAD_PROXY_OBJECT
  5
40
102
{ACAD_REACTORS
330
2A
102
}
330
2A
100
AcDbProxyObject
 90
      499
 91
      501
 93
      404
310
41560B54985E51940902404000000000000E03F0000000000000F9010740501907004050150841D405064090740C02480A1B40
1001
ACAD
1000
AcDbSavedByObjectVersion
1070
     0
  0
XRECORD
  5
387
102
{ACAD_REACTORS
330
37E
102
}
330
37E
100
AcDbXrecord
 90
        0
  0
XRECORD
  5
39D
102
{ACAD_REACTORS
330
37E
102
}
330
37E
100
AcDbXrecord
1000
DSTYLE
1002
{
1070
   279
 70
     2
1070
   340
340
11
1002
}
  0
XRECORD
  5
388
102
{ACAD_REACTORS
330
37E
102
}
330
37E
100
AcDbXrecord
  1
{D94A5655-BBA0-489D-829D-1C68BF6FC077}
  0
XRECORD
  5
381
102
{ACAD_REACTORS
330
37E
102
}
330
37E
100
AcDbXrecord
  1

  0
XRECORD
  5
386
102
{ACAD_REACTORS
330
37E
102
}
330
37E
100
AcDbXrecord
 90
        4
  0
XRECORD
  5
383
102
{ACAD_REACTORS
330
37E
102
}
330
37E
100
AcDbXrecord
340
1A
  0
XRECORD
  5
385
102
{ACAD_REACTORS
330
37E
102
}
330
37E
100
AcDbXrecord
 90
    10781
  0
XRECORD
  5
384
102
{ACAD_REACTORS
330
37E
102
}
330
37E
100
AcDbXrecord
340
19
  0
XRECORD
  5
38A
102
{ACAD_REACTORS
330
37E
102
}
330
37E
100
AcDbXrecord
 40
0.0
  0
XRECORD
  5
38D
102
{ACAD_REACTORS
330
37E
102
}
330
37E
100
AcDbXrecord
340
0
  0
XRECORD
  5
393
102
{ACAD_REACTORS
330
37E
102
}
330
37E
100
AcDbXrecord
 10
0.0
 20
0.0
 30
0.0
  0
XRECORD
  5
38F
102
{ACAD_REACTORS
330
37E
102
}
330
37E
100
AcDbXrecord
 10
0.0
 20
0.0
 30
0.0
  0
XRECORD
  5
392
102
{ACAD_REACTORS
330
37E
102
}
330
37E
100
AcDbXrecord
 10
0.0
 20
0.0
 30
0.0
  0
XRECORD
  5
390
102
{ACAD_REACTORS
330
37E
102
}
330
37E
100
AcDbXrecord
 10
0.0
 20
0.0
 30
0.0
  0
XRECORD
  5
391
102
{ACAD_REACTORS
330
37E
102
}
330
37E
100
AcDbXrecord
 10
0.0
 20
0.0
 30
0.0
  0
XRECORD
  5
38E
102
{ACAD_REACTORS
330
37E
102
}
330
37E
100
AcDbXrecord
 10
0.0
 20
0.0
 30
0.0
  0
XRECORD
  5
38B
102
{ACAD_REACTORS
330
37E
102
}
330
37E
100
AcDbXrecord
340
0
  0
XRECORD
  5
38C
102
{ACAD_REACTORS
330
37E
102
}
330
37E
100
AcDbXrecord
 70
     0
  0
XRECORD
  5
382
102
{ACAD_REACTORS
330
37E
102
}
330
37E
100
AcDbXrecord
  1

  0
XRECORD
  5
37F
102
{ACAD_REACTORS
330
37E
102
}
330
37E
100
AcDbXrecord
 90
        1
  0
XRECORD
  5
380
102
{ACAD_REACTORS
330
37E
102
}
330
37E
100
AcDbXrecord
 90
       70
  0
XRECORD
  5
396
102
{ACAD_REACTORS
330
37E
102
}
330
37E
100
AcDbXrecord
340
0
  0
XRECORD
  5
39C
102
{ACAD_REACTORS
330
37E
102
}
330
37E
100
AcDbXrecord
 10
0.0
 20
0.0
 30
0.0
  0
XRECORD
  5
398
102
{ACAD_REACTORS
330
37E
102
}
330
37E
100
AcDbXrecord
 10
0.0
 20
0.0
 30
0.0
  0
XRECORD
  5
39B
102
{ACAD_REACTORS
330
37E
102
}
330
37E
100
AcDbXrecord
 10
0.0
 20
0.0
 30
0.0
  0
XRECORD
  5
399
102
{ACAD_REACTORS
330
37E
102
}
330
37E
100
AcDbXrecord
 10
0.0
 20
0.0
 30
0.0
  0
XRECORD
  5
39A
102
{ACAD_REACTORS
330
37E
102
}
330
37E
100
AcDbXrecord
 10
0.0
 20
0.0
 30
0.0
  0
XRECORD
  5
397
102
{ACAD_REACTORS
330
37E
102
}
330
37E
100
AcDbXrecord
 10
0.0
 20
0.0
 30
0.0
  0
XRECORD
  5
394
102
{ACAD_REACTORS
330
37E
102
}
330
37E
100
AcDbXrecord
340
0
  0
XRECORD
  5
395
102
{ACAD_REACTORS
330
37E
102
}
330
37E
100
AcDbXrecord
 70
     0
  0
XRECORD
  5
389
102
{ACAD_REACTORS
330
37E
102
}
330
37E
100
AcDbXrecord
  1
{FAEB1C32-E019-11D5-929B-00C0DF256EC4}
  0
DICTIONARYVAR
  5
3A5
102
{ACAD_REACTORS
330
39E
102
}
330
39E
100
DictionaryVariables
280
     0
  1
1:1
  0
DICTIONARYVAR
  5
3A3
102
{ACAD_REACTORS
330
39E
102
}
330
39E
100
DictionaryVariables
280
     0
  1
2
  0
DICTIONARYVAR
  5
3A4
102
{ACAD_REACTORS
330
39E
102
}
330
39E
100
DictionaryVariables
280
     0
  1
1
  0
DICTIONARYVAR
  5
3A6
102
{ACAD_REACTORS
330
39E
102
}
330
39E
100
DictionaryVariables
280
     0
  1
1
  0
DICTIONARY
  5
3A9
330
45
100
AcDbDictionary
280
     1
  3
ACAD_XREC_ROUNDTRIP
360
3AA
  0
DICTIONARY
  5
3A7
330
44
100
AcDbDictionary
280
     1
  3
ACAD_XREC_ROUNDTRIP
360
3A8
  0
DICTIONARY
  5
3AB
330
46
100
AcDbDictionary
280
     1
  3
ACAD_XREC_ROUNDTRIP
360
3AC
  0
XRECORD
  5
3AA
102
{ACAD_REACTORS
330
3A9
102
}
330
3A9
100
AcDbXrecord
102
MATERIAL
148
0.0
149
0.0
149
0.0
 93
        0
 94
      127
282
     0
 72
     1
 77
     1
171
     1
175
     1
179
     1
273
     0
  0
XRECORD
  5
3A8
102
{ACAD_REACTORS
330
3A7
102
}
330
3A7
100
AcDbXrecord
102
MATERIAL
148
0.0
149
0.0
149
0.0
 93
        0
 94
      127
282
     0
 72
     1
 77
     1
171
     1
175
     1
179
     1
273
     0
  0
XRECORD
  5
3AC
102
{ACAD_REACTORS
330
3AB
102
}
330
3AB
100
AcDbXrecord
102
MATERIAL
148
0.0
149
0.0
149
0.0
 93
        0
 94
      127
282
     0
 72
     1
 77
     1
171
     1
175
     1
179
     1
273
     0
  0
ENDSEC
  0
EOF
