  0
SECTION
  2
HEADER
  9
$ACADVER
  1
AC1014
  9
$ACADMAINTVER
 70
     9
  9
$DWGCODEPAGE
  3
ANSI_1252
  9
$INSBASE
 10
0.0
 20
0.0
 30
0.0
  9
$EXTMIN
 10
6.702777777777778
 20
5.827888888888888
 30
0.0
  9
$EXTMAX
 10
395.8131388888888
 20
137.9521272222222
 30
0.0
  9
$LIMMIN
 10
0.0
 20
0.0
  9
$LIMMAX
 10
12.0
 20
9.0
  9
$ORTHOMODE
 70
     0
  9
$REGENMODE
 70
     1
  9
$FILLMODE
 70
     1
  9
$QTEXTMODE
 70
     0
  9
$MIRRTEXT
 70
     1
  9
$DRAGMODE
 70
     2
  9
$LTSCALE
 40
1.0
  9
$OSMODE
 70
    37
  9
$ATTMODE
 70
     1
  9
$TEXTSIZE
 40
0.2
  9
$TRACEWID
 40
0.05
  9
$TEXTSTYLE
  7
STANDARD
  9
$CLAYER
  8
DEFAULT
  9
$CELTYPE
  6
BYLAYER
  9
$CECOLOR
 62
   256
  9
$CELTSCALE
 40
1.0
  9
$DELOBJ
 70
     1
  9
$DISPSILH
 70
     0
  9
$DIMSCALE
 40
1.0
  9
$DIMASZ
 40
0.18
  9
$DIMEXO
 40
0.0625
  9
$DIMDLI
 40
0.38
  9
$DIMRND
 40
0.0
  9
$DIMDLE
 40
0.0
  9
$DIMEXE
 40
0.18
  9
$DIMTP
 40
0.0
  9
$DIMTM
 40
0.0
  9
$DIMTXT
 40
0.18
  9
$DIMCEN
 40
0.09
  9
$DIMTSZ
 40
0.0
  9
$DIMTOL
 70
     0
  9
$DIMLIM
 70
     0
  9
$DIMTIH
 70
     1
  9
$DIMTOH
 70
     1
  9
$DIMSE1
 70
     0
  9
$DIMSE2
 70
     0
  9
$DIMTAD
 70
     0
  9
$DIMZIN
 70
     0
  9
$DIMBLK
  1

  9
$DIMASO
 70
     1
  9
$DIMSHO
 70
     1
  9
$DIMPOST
  1

  9
$DIMAPOST
  1

  9
$DIMALT
 70
     0
  9
$DIMALTD
 70
     2
  9
$DIMALTF
 40
25.4
  9
$DIMLFAC
 40
1.0
  9
$DIMTOFL
 70
     0
  9
$DIMTVP
 40
0.0
  9
$DIMTIX
 70
     0
  9
$DIMSOXD
 70
     0
  9
$DIMSAH
 70
     0
  9
$DIMBLK1
  1

  9
$DIMBLK2
  1

  9
$DIMSTYLE
  2
STANDARD
  9
$DIMCLRD
 70
     0
  9
$DIMCLRE
 70
     0
  9
$DIMCLRT
 70
     0
  9
$DIMTFAC
 40
1.0
  9
$DIMGAP
 40
0.09
  9
$DIMJUST
 70
     0
  9
$DIMSD1
 70
     0
  9
$DIMSD2
 70
     0
  9
$DIMTOLJ
 70
     1
  9
$DIMTZIN
 70
     0
  9
$DIMALTZ
 70
     0
  9
$DIMALTTZ
 70
     0
  9
$DIMFIT
 70
     5
  9
$DIMUPT
 70
     0
  9
$DIMUNIT
 70
     2
  9
$DIMDEC
 70
     4
  9
$DIMTDEC
 70
     4
  9
$DIMALTU
 70
     2
  9
$DIMALTTD
 70
     2
  9
$DIMTXSTY
  7
STANDARD
  9
$DIMAUNIT
 70
     0
  9
$LUNITS
 70
     2
  9
$LUPREC
 70
     3
  9
$SKETCHINC
 40
0.1
  9
$FILLETRAD
 40
0.5
  9
$AUNITS
 70
     0
  9
$AUPREC
 70
     0
  9
$MENU
  1
.
  9
$ELEVATION
 40
0.0
  9
$PELEVATION
 40
0.0
  9
$THICKNESS
 40
0.0
  9
$LIMCHECK
 70
     0
  9
$CHAMFERA
 40
0.0
  9
$CHAMFERB
 40
0.0
  9
$CHAMFERC
 40
0.0
  9
$CHAMFERD
 40
0.0
  9
$SKPOLY
 70
     0
  9
$TDCREATE
 40
2459020.532231875
  9
$TDUPDATE
 40
2459020.532243634
  9
$TDINDWG
 40
0.0000000116
  9
$TDUSRTIMER
 40
0.0000000116
  9
$USRTIMER
 70
     1
  9
$ANGBASE
 50
0.0
  9
$ANGDIR
 70
     0
  9
$PDMODE
 70
     0
  9
$PDSIZE
 40
0.0
  9
$PLINEWID
 40
0.0
  9
$COORDS
 70
     1
  9
$SPLFRAME
 70
     0
  9
$SPLINETYPE
 70
     6
  9
$SPLINESEGS
 70
     8
  9
$ATTDIA
 70
     0
  9
$ATTREQ
 70
     1
  9
$HANDLING
 70
     1
  9
$HANDSEED
  5
30B
  9
$SURFTAB1
 70
     6
  9
$SURFTAB2
 70
     6
  9
$SURFTYPE
 70
     6
  9
$SURFU
 70
     6
  9
$SURFV
 70
     6
  9
$UCSNAME
  2

  9
$UCSORG
 10
0.0
 20
0.0
 30
0.0
  9
$UCSXDIR
 10
1.0
 20
0.0
 30
0.0
  9
$UCSYDIR
 10
0.0
 20
1.0
 30
0.0
  9
$PUCSNAME
  2

  9
$PUCSORG
 10
0.0
 20
0.0
 30
0.0
  9
$PUCSXDIR
 10
1.0
 20
0.0
 30
0.0
  9
$PUCSYDIR
 10
0.0
 20
1.0
 30
0.0
  9
$USERI1
 70
     0
  9
$USERI2
 70
     0
  9
$USERI3
 70
     0
  9
$USERI4
 70
     0
  9
$USERI5
 70
     0
  9
$USERR1
 40
0.0
  9
$USERR2
 40
0.0
  9
$USERR3
 40
0.0
  9
$USERR4
 40
0.0
  9
$USERR5
 40
0.0
  9
$WORLDVIEW
 70
     1
  9
$SHADEDGE
 70
     3
  9
$SHADEDIF
 70
    70
  9
$TILEMODE
 70
     1
  9
$MAXACTVP
 70
    64
  9
$PINSBASE
 10
0.0
 20
0.0
 30
0.0
  9
$PLIMCHECK
 70
     0
  9
$PEXTMIN
 10
1.000000000000000E+20
 20
1.000000000000000E+20
 30
1.000000000000000E+20
  9
$PEXTMAX
 10
-1.000000000000000E+20
 20
-1.000000000000000E+20
 30
-1.000000000000000E+20
  9
$PLIMMIN
 10
0.0
 20
0.0
  9
$PLIMMAX
 10
12.0
 20
9.0
  9
$UNITMODE
 70
     0
  9
$VISRETAIN
 70
     1
  9
$PLINEGEN
 70
     0
  9
$PSLTSCALE
 70
     1
  9
$TREEDEPTH
 70
  3020
  9
$PICKSTYLE
 70
     1
  9
$CMLSTYLE
  2
STANDARD
  9
$CMLJUST
 70
     0
  9
$CMLSCALE
 40
1.0
  9
$PROXYGRAPHICS
 70
     1
  9
$MEASUREMENT
 70
     0
  0
ENDSEC
  0
SECTION
  2
CLASSES
  0
CLASS
  1
ACDBDICTIONARYWDFLT
  2
AcDbDictionaryWithDefault
  3
ObjectDBX Classes
 90
        0
280
     0
281
     0
  0
CLASS
  1
VISUALSTYLE
  2
AcDbVisualStyle
  3
ObjectDBX Classes
 90
     4095
280
     0
281
     0
  0
CLASS
  1
MATERIAL
  2
AcDbMaterial
  3
ObjectDBX Classes
 90
     1153
280
     0
281
     0
  0
CLASS
  1
SCALE
  2
AcDbScale
  3
ObjectDBX Classes
 90
     1153
280
     0
281
     0
  0
CLASS
  1
SUN
  2
AcDbSun
  3
SCENEOE
 90
     1153
280
     0
281
     0
  0
CLASS
  1
DICTIONARYVAR
  2
AcDbDictionaryVar
  3
ObjectDBX Classes
 90
        0
280
     0
281
     0
  0
CLASS
  1
XRECORD
  2
AcDbXrecord
  3
ObjectDBX Classes
 90
        0
280
     0
281
     0
  0
CLASS
  1
LWPOLYLINE
  2
AcDbPolyline
  3
ObjectDBX Classes
 90
        0
280
     0
281
     1
  0
CLASS
  1
HATCH
  2
AcDbHatch
  3
ObjectDBX Classes
 90
        0
280
     0
281
     1
  0
CLASS
  1
ACDBPLACEHOLDER
  2
AcDbPlaceHolder
  3
ObjectDBX Classes
 90
        0
280
     0
281
     0
  0
CLASS
  1
LAYOUT
  2
AcDbLayout
  3
ObjectDBX Classes
 90
        0
280
     0
281
     0
  0
ENDSEC
  0
SECTION
  2
TABLES
  0
TABLE
  2
VPORT
  5
8
330
0
100
AcDbSymbolTable
 70
     1
  0
VPORT
  5
29
330
8
100
AcDbSymbolTableRecord
100
AcDbViewportTableRecord
  2
*ACTIVE
 70
     0
 10
0.0
 20
0.0
 11
1.0
 21
1.0
 12
201.2579583333333
 22
71.89000805555558
 13
0.0
 23
0.0
 14
0.5
 24
0.5
 15
0.5
 25
0.5
 16
0.0
 26
0.0
 36
1.0
 17
0.0
 27
0.0
 37
0.0
 40
134.7667231000001
 41
2.945033901572495
 42
50.0
 43
0.0
 44
0.0
 50
0.0
 51
0.0
 71
     0
 72
   100
 73
     1
 74
     3
 75
     0
 76
     0
 77
     0
 78
     0
  0
ENDTAB
  0
TABLE
  2
LTYPE
  5
5
330
0
100
AcDbSymbolTable
 70
     1
  0
LTYPE
  5
14
330
5
100
AcDbSymbolTableRecord
100
AcDbLinetypeTableRecord
  2
BYBLOCK
 70
     0
  3

 72
    65
 73
     0
 40
0.0
  0
LTYPE
  5
15
330
5
100
AcDbSymbolTableRecord
100
AcDbLinetypeTableRecord
  2
BYLAYER
 70
     0
  3

 72
    65
 73
     0
 40
0.0
  0
LTYPE
  5
16
330
5
100
AcDbSymbolTableRecord
100
AcDbLinetypeTableRecord
  2
CONTINUOUS
 70
     0
  3
Solid line
 72
    65
 73
     0
 40
0.0
  0
ENDTAB
  0
TABLE
  2
LAYER
  5
2
330
0
100
AcDbSymbolTable
 70
     2
  0
LAYER
  5
10
330
2
100
AcDbSymbolTableRecord
100
AcDbLayerTableRecord
  2
0
 70
     0
 62
     7
  6
CONTINUOUS
  0
LAYER
  5
6A
330
2
100
AcDbSymbolTableRecord
100
AcDbLayerTableRecord
  2
DEFAULT
 70
     0
 62
     7
  6
CONTINUOUS
  0
ENDTAB
  0
TABLE
  2
STYLE
  5
3
330
0
100
AcDbSymbolTable
 70
     1
  0
STYLE
  5
11
330
3
100
AcDbSymbolTableRecord
100
AcDbTextStyleTableRecord
  2
STANDARD
 70
     0
 40
0.0
 41
1.0
 50
0.0
 71
     0
 42
0.2
  3
txt
  4

  0
ENDTAB
  0
TABLE
  2
VIEW
  5
6
330
0
100
AcDbSymbolTable
 70
     0
  0
ENDTAB
  0
TABLE
  2
UCS
  5
7
330
0
100
AcDbSymbolTable
 70
     0
  0
ENDTAB
  0
TABLE
  2
APPID
  5
9
330
0
100
AcDbSymbolTable
 70
     1
  0
APPID
  5
12
330
9
100
AcDbSymbolTableRecord
100
AcDbRegAppTableRecord
  2
ACAD
 70
     0
  0
ENDTAB
  0
TABLE
  2
DIMSTYLE
  5
A
330
0
100
AcDbSymbolTable
 70
     1
  0
DIMSTYLE
105
27
330
A
100
AcDbSymbolTableRecord
100
AcDbDimStyleTableRecord
  2
STANDARD
 70
     0
  3

  4

  5

  6

  7

 40
1.0
 41
0.18
 42
0.0625
 43
0.38
 44
0.18
 45
0.0
 46
0.0
 47
0.0
 48
0.0
140
0.18
141
0.09
142
0.0
143
25.4
144
1.0
145
0.0
146
1.0
147
0.09
 71
     0
 72
     0
 73
     1
 74
     1
 75
     0
 76
     0
 77
     0
 78
     0
170
     0
171
     2
172
     0
173
     0
174
     0
175
     0
176
     0
177
     0
178
     0
270
     2
271
     4
272
     4
273
     2
274
     2
340
11
275
     0
280
     0
281
     0
282
     0
283
     1
284
     0
285
     0
286
     0
287
     3
288
     0
  0
ENDTAB
  0
TABLE
  2
BLOCK_RECORD
  5
1
330
0
100
AcDbSymbolTable
 70
     1
  0
BLOCK_RECORD
  5
1F
330
1
100
AcDbSymbolTableRecord
100
AcDbBlockTableRecord
  2
*MODEL_SPACE
  0
BLOCK_RECORD
  5
1B
330
1
100
AcDbSymbolTableRecord
100
AcDbBlockTableRecord
  2
*PAPER_SPACE
  0
ENDTAB
  0
ENDSEC
  0
SECTION
  2
BLOCKS
  0
BLOCK
  5
20
330
1F
100
AcDbEntity
  8
0
100
AcDbBlockBegin
  2
*MODEL_SPACE
 70
     0
 10
0.0
 20
0.0
 30
0.0
  3
*MODEL_SPACE
  1

  0
ENDBLK
  5
21
330
1F
100
AcDbEntity
  8
0
100
AcDbBlockEnd
  0
BLOCK
  5
1C
330
1B
100
AcDbEntity
 67
     1
  8
0
100
AcDbBlockBegin
  2
*PAPER_SPACE
 70
     0
 10
0.0
 20
0.0
 30
0.0
  3
*PAPER_SPACE
  1

  0
ENDBLK
  5
1D
330
1B
100
AcDbEntity
 67
     1
  8
0
100
AcDbBlockEnd
  0
ENDSEC
  0
SECTION
  2
ENTITIES
  0
SPLINE
  5
6B
330
1F
100
AcDbEntity
  8
DEFAULT
 62
     7
100
AcDbSpline
210
0.0
220
0.0
230
1.0
 70
    11
 71
     3
 72
    71
 73
    67
 74
     0
 42
0.000000001
 43
0.0000000001
 40
17.55399999999997
 40
17.55399999999997
 40
17.55399999999997
 40
17.55399999999997
 40
21.77799999999996
 40
21.77799999999996
 40
21.77799999999996
 40
45.435
 40
45.435
 40
45.435
 40
46.435
 40
46.435
 40
46.435
 40
47.435
 40
47.435
 40
47.435
 40
48.435
 40
48.435
 40
48.435
 40
49.435
 40
49.435
 40
49.435
 40
50.435
 40
50.435
 40
50.435
 40
51.435
 40
51.435
 40
51.435
 40
52.435
 40
52.435
 40
52.435
 40
53.435
 40
53.435
 40
53.435
 40
54.435
 40
54.435
 40
54.435
 40
58.97477444373613
 40
58.97477444373613
 40
58.97477444373613
 40
59.97477444373613
 40
59.97477444373613
 40
59.97477444373613
 40
60.97477444373613
 40
60.97477444373613
 40
60.97477444373613
 40
61.97477444373613
 40
61.97477444373613
 40
61.97477444373613
 40
62.97477444373613
 40
62.97477444373613
 40
62.97477444373613
 40
63.97477444373613
 40
63.97477444373613
 40
63.97477444373613
 40
64.97477444373612
 40
64.97477444373612
 40
64.97477444373612
 40
65.97477444373612
 40
65.97477444373612
 40
65.97477444373612
 40
66.97477444373612
 40
66.97477444373612
 40
66.97477444373612
 40
67.97477444373612
 40
67.97477444373612
 40
67.97477444373612
 40
85.5287744437361
 40
85.5287744437361
 40
85.5287744437361
 40
85.5287744437361
 10
359.7840855555555
 20
126.7640269444444
 30
0.0
 10
359.7840855555555
 20
126.2673158333333
 30
0.0
 10
359.7840855555555
 20
125.7706047222222
 30
0.0
 10
359.7840855555555
 20
125.2738936111111
 30
0.0
 10
357.0021975925926
 20
125.2738936111111
 30
0.0
 10
354.2203096296296
 20
125.2738936111111
 30
0.0
 10
351.4384216666666
 20
125.2738936111111
 30
0.0
 10
351.42678
 20
125.6471325
 30
0.0
 10
351.4867522222222
 20
126.0062602777778
 30
0.0
 10
351.6190438888889
 20
126.3505713888889
 30
0.0
 10
351.8314161111111
 20
126.9188963888889
 30
0.0
 10
352.1718466666667
 20
127.4787547222222
 30
0.0
 10
352.63963
 20
128.0301463888889
 30
0.0
 10
353.1074133333333
 20
128.5811852777778
 30
0.0
 10
353.7836883333333
 20
129.2186547222222
 30
0.0
 10
354.6681022222222
 20
129.9422019444444
 30
0.0
 10
356.0404077777778
 20
131.0675630555556
 30
0.0
 10
356.9678605555555
 20
131.9590325
 30
0.0
 10
357.4501077777778
 20
132.6162575
 30
0.0
 10
357.932355
 20
133.2738352777777
 30
0.0
 10
358.1736549999999
 20
133.8954297222222
 30
0.0
 10
358.1736549999999
 20
134.4810408333333
 30
0.0
 10
358.1736549999999
 20
135.0952269444444
 30
0.0
 10
357.9538744444444
 20
135.6134575
 30
0.0
 10
357.5143133333333
 20
136.0357325
 30
0.0
 10
357.075105
 20
136.4576547222222
 30
0.0
 10
356.5025466666667
 20
136.6686158333333
 30
0.0
 10
355.7962855555555
 20
136.6686158333333
 30
0.0
 10
355.0498077777777
 20
136.6686158333333
 30
0.0
 10
354.4529077777777
 20
136.4446019444444
 30
0.0
 10
354.00488
 20
135.9969269444444
 30
0.0
 10
353.557205
 20
135.5488991666666
 30
0.0
 10
353.3300161111111
 20
134.9290686111111
 30
0.0
 10
353.3243716666667
 20
134.1363769444444
 30
0.0
 10
352.7933235185185
 20
134.1909399074074
 30
0.0
 10
352.2622753703704
 20
134.2455028703704
 30
0.0
 10
351.7312272222222
 20
134.3000658333333
 30
0.0
 10
351.8398827777777
 20
135.4885741666666
 30
0.0
 10
352.2508688888889
 20
136.3945075
 30
0.0
 10
352.9627744444444
 20
137.0175130555555
 30
0.0
 10
353.67468
 20
137.6405186111111
 30
0.0
 10
354.6307077777778
 20
137.9520213888889
 30
0.0
 10
355.8308577777777
 20
137.9520213888889
 30
0.0
 10
357.0422966666666
 20
137.9520213888889
 30
0.0
 10
358.0011466666667
 20
137.6161769444444
 30
0.0
 10
358.7074077777777
 20
136.9441352777777
 30
0.0
 10
359.4136688888889
 20
136.2724463888889
 30
0.0
 10
359.7667994444444
 20
135.4398908333333
 30
0.0
 10
359.7667994444444
 20
134.4464686111111
 30
0.0
 10
359.7667994444444
 20
133.9412908333333
 30
0.0
 10
359.6634355555556
 20
133.4445797222222
 30
0.0
 10
359.4567077777778
 20
132.9566880555555
 30
0.0
 10
359.24998
 20
132.4684436111111
 30
0.0
 10
358.90708
 20
131.9544463888889
 30
0.0
 10
358.4273022222222
 20
131.4150491666666
 30
0.0
 10
357.9478772222222
 20
130.8749463888889
 30
0.0
 10
357.151305
 20
130.1344658333333
 30
0.0
 10
356.0375855555556
 20
129.1929019444444
 30
0.0
 10
355.1073105555556
 20
128.4118519444444
 30
0.0
 10
354.5100577777777
 20
127.8819797222222
 30
0.0
 10
354.24618
 20
127.6036380555555
 30
0.0
 10
353.9819494444444
 20
127.3252963888889
 30
0.0
 10
353.7639327777777
 20
127.0451908333333
 30
0.0
 10
353.5914244444444
 20
126.7640269444444
 30
0.0
 10
355.6556448148148
 20
126.7640269444444
 30
0.0
 10
357.7198651851851
 20
126.7640269444444
 30
0.0
 10
359.7840855555555
 20
126.7640269444444
 30
0.0
  0
POLYLINE
  5
6C
330
1F
100
AcDbEntity
  8
DEFAULT
 62
     7
100
AcDb2dPolyline
 66
     1
 10
0.0
 20
0.0
 30
0.0
 70
     1
  0
VERTEX
  5
6D
330
6C
100
AcDbEntity
  8
DEFAULT
 62
     7
100
AcDbVertex
100
AcDb2dVertex
 10
347.6057027777778
 20
127.0395111111111
 30
0.0
  0
VERTEX
  5
6E
330
6C
100
AcDbEntity
  8
DEFAULT
 62
     7
100
AcDbVertex
100
AcDb2dVertex
 10
349.3713555555556
 20
127.0395111111111
 30
0.0
  0
VERTEX
  5
6F
330
6C
100
AcDbEntity
  8
DEFAULT
 62
     7
100
AcDbVertex
100
AcDb2dVertex
 10
349.3713555555556
 20
125.2738583333333
 30
0.0
  0
VERTEX
  5
70
330
6C
100
AcDbEntity
  8
DEFAULT
 62
     7
100
AcDbVertex
100
AcDb2dVertex
 10
347.6057027777778
 20
125.2738583333333
 30
0.0
  0
SEQEND
  5
71
330
6C
100
AcDbEntity
  8
DEFAULT
 62
     7
  0
SPLINE
  5
72
330
1F
100
AcDbEntity
  8
DEFAULT
 62
     7
100
AcDbSpline
210
0.0
220
0.0
230
1.0
 70
    11
 71
     3
 72
    41
 73
    37
 74
     0
 42
0.000000001
 43
0.0000000001
 40
1.0
 40
1.0
 40
1.0
 40
1.0
 40
2.0
 40
2.0
 40
2.0
 40
3.0
 40
3.0
 40
3.0
 40
4.0
 40
4.0
 40
4.0
 40
5.0
 40
5.0
 40
5.0
 40
6.0
 40
6.0
 40
6.0
 40
7.0
 40
7.0
 40
7.0
 40
8.0
 40
8.0
 40
8.0
 40
9.0
 40
9.0
 40
9.0
 40
10.0
 40
10.0
 40
10.0
 40
11.0
 40
11.0
 40
11.0
 40
12.0
 40
12.0
 40
12.0
 40
13.0
 40
13.0
 40
13.0
 40
13.0
 10
336.9257083333333
 20
131.5010211111111
 30
0.0
 10
336.9257083333333
 20
132.9936238888889
 30
0.0
 10
337.0791666666667
 20
134.195185
 30
0.0
 10
337.3864361111111
 20
135.1053516666666
 30
0.0
 10
337.6937055555555
 20
136.0155183333333
 30
0.0
 10
338.1501999999999
 20
136.7175461111111
 30
0.0
 10
338.7559194444444
 20
137.211435
 30
0.0
 10
339.3616388888889
 20
137.7049711111111
 30
0.0
 10
340.1239916666666
 20
137.9519155555556
 30
0.0
 10
341.042625
 20
137.9519155555556
 30
0.0
 10
341.7199583333333
 20
137.9519155555556
 30
0.0
 10
342.3143888888889
 20
137.8153905555556
 30
0.0
 10
342.8255638888888
 20
137.5426933333333
 30
0.0
 10
343.3363861111111
 20
137.2699961111111
 30
0.0
 10
343.7586611111111
 20
136.8766488888889
 30
0.0
 10
344.0916833333333
 20
136.3630044444444
 30
0.0
 10
344.4243527777778
 20
135.8490072222222
 30
0.0
 10
344.6857611111111
 20
135.2231794444444
 30
0.0
 10
344.8755555555555
 20
134.4851683333333
 30
0.0
 10
345.0649972222222
 20
133.74751
 30
0.0
 10
345.1595416666666
 20
132.7526766666666
 30
0.0
 10
345.1595416666666
 20
131.5010211111111
 30
0.0
 10
345.1595416666666
 20
130.0197072222222
 30
0.0
 10
345.0074944444444
 20
128.8237905555555
 30
0.0
 10
344.7030472222222
 20
127.9139766666667
 30
0.0
 10
344.3986
 20
127.0034572222222
 30
0.0
 10
343.9435166666666
 20
126.3003711111111
 30
0.0
 10
343.3377972222222
 20
125.80366
 30
0.0
 10
342.7320777777778
 20
125.3069488888889
 30
0.0
 10
341.9669027777778
 20
125.0585933333333
 30
0.0
 10
341.042625
 20
125.0585933333333
 30
0.0
 10
339.8251888888889
 20
125.0585933333333
 30
0.0
 10
338.8691611111111
 20
125.4949794444444
 30
0.0
 10
338.1745416666666
 20
126.3677516666667
 30
0.0
 10
337.3419861111111
 20
127.4186766666667
 30
0.0
 10
336.9257083333333
 20
129.1296488888889
 30
0.0
 10
336.9257083333333
 20
131.5010211111111
 30
0.0
  0
SPLINE
  5
73
330
1F
100
AcDbEntity
  8
DEFAULT
 62
     7
100
AcDbSpline
210
0.0
220
0.0
230
1.0
 70
    11
 71
     3
 72
    29
 73
    25
 74
     0
 42
0.000000001
 43
0.0000000001
 40
1.0
 40
1.0
 40
1.0
 40
1.0
 40
2.0
 40
2.0
 40
2.0
 40
3.0
 40
3.0
 40
3.0
 40
4.0
 40
4.0
 40
4.0
 40
5.0
 40
5.0
 40
5.0
 40
6.0
 40
6.0
 40
6.0
 40
7.0
 40
7.0
 40
7.0
 40
8.0
 40
8.0
 40
8.0
 40
9.0
 40
9.0
 40
9.0
 40
9.0
 10
338.5192055555555
 20
131.5010211111111
 30
0.0
 10
338.5192055555555
 20
129.4280988888889
 30
0.0
 10
338.7615638888889
 20
128.0487377777778
 30
0.0
 10
339.2469861111111
 20
127.362585
 30
0.0
 10
339.7320555555555
 20
126.6764322222222
 30
0.0
 10
340.3307194444444
 20
126.3335322222222
 30
0.0
 10
341.042625
 20
126.3335322222222
 30
0.0
 10
341.7545305555556
 20
126.3335322222222
 30
0.0
 10
342.3531944444445
 20
126.6778433333333
 30
0.0
 10
342.8382638888889
 20
127.3668183333333
 30
0.0
 10
343.3233333333333
 20
128.0557933333333
 30
0.0
 10
343.5663972222222
 20
129.4340961111111
 30
0.0
 10
343.5663972222222
 20
131.5010211111111
 30
0.0
 10
343.5663972222222
 20
133.5795877777778
 30
0.0
 10
343.3233333333333
 20
134.96036
 30
0.0
 10
342.8382638888889
 20
135.6436905555555
 30
0.0
 10
342.3531944444445
 20
136.3270211111111
 30
0.0
 10
341.7488861111111
 20
136.66851
 30
0.0
 10
341.0253388888889
 20
136.66851
 30
0.0
 10
340.3134333333333
 20
136.66851
 30
0.0
 10
339.7451083333333
 20
136.3672377777778
 30
0.0
 10
339.3203638888888
 20
135.7643405555555
 30
0.0
 10
338.7862583333333
 20
134.9949322222222
 30
0.0
 10
338.5192055555555
 20
133.5735905555555
 30
0.0
 10
338.5192055555555
 20
131.5010211111111
 30
0.0
  0
POLYLINE
  5
74
330
1F
100
AcDbEntity
  8
DEFAULT
 62
     7
100
AcDb2dPolyline
 66
     1
 10
0.0
 20
0.0
 30
0.0
 70
     1
  0
VERTEX
  5
75
330
74
100
AcDbEntity
  8
DEFAULT
 62
     7
100
AcDbVertex
100
AcDb2dVertex
 10
330.3112661111111
 20
127.3152422222222
 30
0.0
  0
VERTEX
  5
76
330
74
100
AcDbEntity
  8
DEFAULT
 62
     7
100
AcDbVertex
100
AcDb2dVertex
 10
330.3112661111111
 20
130.7774033333333
 30
0.0
  0
VERTEX
  5
77
330
74
100
AcDbEntity
  8
DEFAULT
 62
     7
100
AcDbVertex
100
AcDb2dVertex
 10
326.8748577777777
 20
130.7774033333333
 30
0.0
  0
VERTEX
  5
78
330
74
100
AcDbEntity
  8
DEFAULT
 62
     7
100
AcDbVertex
100
AcDb2dVertex
 10
326.8748577777777
 20
132.2244977777778
 30
0.0
  0
VERTEX
  5
79
330
74
100
AcDbEntity
  8
DEFAULT
 62
     7
100
AcDbVertex
100
AcDb2dVertex
 10
330.3112661111111
 20
132.2244977777778
 30
0.0
  0
VERTEX
  5
7A
330
74
100
AcDbEntity
  8
DEFAULT
 62
     7
100
AcDbVertex
100
AcDb2dVertex
 10
330.3112661111111
 20
135.6609061111111
 30
0.0
  0
VERTEX
  5
7B
330
74
100
AcDbEntity
  8
DEFAULT
 62
     7
100
AcDbVertex
100
AcDb2dVertex
 10
331.7752938888888
 20
135.6609061111111
 30
0.0
  0
VERTEX
  5
7C
330
74
100
AcDbEntity
  8
DEFAULT
 62
     7
100
AcDbVertex
100
AcDb2dVertex
 10
331.7752938888888
 20
132.2244977777778
 30
0.0
  0
VERTEX
  5
7D
330
74
100
AcDbEntity
  8
DEFAULT
 62
     7
100
AcDbVertex
100
AcDb2dVertex
 10
335.212055
 20
132.2244977777778
 30
0.0
  0
VERTEX
  5
7E
330
74
100
AcDbEntity
  8
DEFAULT
 62
     7
100
AcDbVertex
100
AcDb2dVertex
 10
335.212055
 20
130.7774033333333
 30
0.0
  0
VERTEX
  5
7F
330
74
100
AcDbEntity
  8
DEFAULT
 62
     7
100
AcDbVertex
100
AcDb2dVertex
 10
331.7752938888888
 20
130.7774033333333
 30
0.0
  0
VERTEX
  5
80
330
74
100
AcDbEntity
  8
DEFAULT
 62
     7
100
AcDbVertex
100
AcDb2dVertex
 10
331.7752938888888
 20
127.3152422222222
 30
0.0
  0
SEQEND
  5
81
330
74
100
AcDbEntity
  8
DEFAULT
 62
     7
  0
SPLINE
  5
82
330
1F
100
AcDbEntity
  8
DEFAULT
 62
     7
100
AcDbSpline
210
0.0
220
0.0
230
1.0
 70
    11
 71
     3
 72
    71
 73
    67
 74
     0
 42
0.000000001
 43
0.0000000001
 40
0.0
 40
0.0
 40
0.0
 40
0.0
 40
4.63053744180957
 40
4.63053744180957
 40
4.63053744180957
 40
5.63053744180957
 40
5.63053744180957
 40
5.63053744180957
 40
6.63053744180957
 40
6.63053744180957
 40
6.63053744180957
 40
7.63053744180957
 40
7.63053744180957
 40
7.63053744180957
 40
8.630537441809569
 40
8.630537441809569
 40
8.630537441809569
 40
9.630537441809569
 40
9.630537441809569
 40
9.630537441809569
 40
10.63053744180957
 40
10.63053744180957
 40
10.63053744180957
 40
11.63053744180957
 40
11.63053744180957
 40
11.63053744180957
 40
12.63053744180957
 40
12.63053744180957
 40
12.63053744180957
 40
16.79133604303995
 40
16.79133604303995
 40
16.79133604303995
 40
35.49939700616495
 40
35.49939700616495
 40
35.49939700616495
 40
53.29739700616495
 40
53.29739700616495
 40
53.29739700616495
 40
57.49639700616496
 40
57.49639700616496
 40
57.49639700616496
 40
71.778397006165
 40
71.778397006165
 40
71.778397006165
 40
81.58989235600846
 40
81.58989235600846
 40
81.58989235600846
 40
82.58989235600846
 40
82.58989235600846
 40
82.58989235600846
 40
83.58989235600846
 40
83.58989235600846
 40
83.58989235600846
 40
84.58989235600846
 40
84.58989235600846
 40
84.58989235600846
 40
85.58989235600846
 40
85.58989235600846
 40
85.58989235600846
 40
86.58989235600846
 40
86.58989235600846
 40
86.58989235600846
 40
87.58989235600846
 40
87.58989235600846
 40
87.58989235600846
 40
88.58989235600846
 40
88.58989235600846
 40
88.58989235600846
 40
88.58989235600846
 10
201.2214811111112
 20
128.5812911111111
 30
0.0
 10
201.7640533333334
 20
128.6272698148148
 30
0.0
 10
202.3066255555556
 20
128.6732485185185
 30
0.0
 10
202.8491977777778
 20
128.7192272222222
 30
0.0
 10
202.9698477777778
 20
127.9268883333333
 30
0.0
 10
203.2499533333333
 20
127.3310466666667
 30
0.0
 10
203.6891616666667
 20
126.932055
 30
0.0
 10
204.12837
 20
126.5327105555555
 30
0.0
 10
204.6578894444444
 20
126.3333911111111
 30
0.0
 10
205.2780727777778
 20
126.3333911111111
 30
0.0
 10
206.0245505555555
 20
126.3333911111111
 30
0.0
 10
206.6560227777778
 20
126.614555
 30
0.0
 10
207.1728422222222
 20
127.1775883333333
 30
0.0
 10
207.6896616666667
 20
127.7399161111111
 30
0.0
 10
207.947895
 20
128.4863938888889
 30
0.0
 10
207.947895
 20
129.4166688888889
 30
0.0
 10
207.947895
 20
130.3010827777778
 30
0.0
 10
207.6995394444444
 20
130.9985244444444
 30
0.0
 10
207.2031811111111
 20
131.5096994444444
 30
0.0
 10
206.7061172222222
 20
132.0205216666667
 30
0.0
 10
206.0559477777778
 20
132.2762855555555
 30
0.0
 10
205.25232
 20
132.2762855555555
 30
0.0
 10
204.7527866666667
 20
132.2762855555555
 30
0.0
 10
204.3019366666666
 20
132.1626911111111
 30
0.0
 10
203.9001227777778
 20
131.935855
 30
0.0
 10
203.4979561111111
 20
131.7090188888889
 30
0.0
 10
203.18222
 20
131.4148022222222
 30
0.0
 10
202.9525616666667
 20
131.053205
 30
0.0
 10
202.4673746296296
 20
131.1163522222222
 30
0.0
 10
201.9821875925926
 20
131.1794994444444
 30
0.0
 10
201.4970005555555
 20
131.2426466666666
 30
0.0
 10
201.9046940740741
 20
133.4044688888889
 30
0.0
 10
202.3123875925926
 20
135.5662911111111
 30
0.0
 10
202.7200811111111
 20
137.7281133333333
 30
0.0
 10
204.8129940740741
 20
137.7281133333333
 30
0.0
 10
206.9059070370371
 20
137.7281133333333
 30
0.0
 10
208.99882
 20
137.7281133333333
 30
0.0
 10
208.99882
 20
137.234342037037
 30
0.0
 10
208.99882
 20
136.7405707407407
 30
0.0
 10
208.99882
 20
136.2467994444444
 30
0.0
 10
207.3193625925926
 20
136.2467994444444
 30
0.0
 10
205.6399051851852
 20
136.2467994444444
 30
0.0
 10
203.9604477777778
 20
136.2467994444444
 30
0.0
 10
203.7336116666667
 20
135.1155587037037
 30
0.0
 10
203.5067755555556
 20
133.9843179629629
 30
0.0
 10
203.2799394444445
 20
132.8530772222222
 30
0.0
 10
204.0377061111111
 20
133.3811855555555
 30
0.0
 10
204.8328672222222
 20
133.6454161111111
 30
0.0
 10
205.6657755555555
 20
133.6454161111111
 30
0.0
 10
206.7682061111111
 20
133.6454161111111
 30
0.0
 10
207.6981283333333
 20
133.2637105555555
 30
0.0
 10
208.4562477777778
 20
132.4999466666667
 30
0.0
 10
209.2140144444444
 20
131.7361827777777
 30
0.0
 10
209.5928977777778
 20
130.7544022222222
 30
0.0
 10
209.5928977777778
 20
129.554605
 30
0.0
 10
209.5928977777778
 20
128.4119577777778
 30
0.0
 10
209.2598755555555
 20
127.42418
 30
0.0
 10
208.5938311111111
 20
126.5916244444444
 30
0.0
 10
207.7845588888889
 20
125.5696272222222
 30
0.0
 10
206.6789533333333
 20
125.058805
 30
0.0
 10
205.2780727777778
 20
125.058805
 30
0.0
 10
204.1297811111111
 20
125.058805
 30
0.0
 10
203.1920977777778
 20
125.3801855555555
 30
0.0
 10
202.4660811111111
 20
126.0232994444444
 30
0.0
 10
201.7397116666667
 20
126.6664133333333
 30
0.0
 10
201.324845
 20
127.5190772222222
 30
0.0
 10
201.2214811111112
 20
128.5812911111111
 30
0.0
  0
SPLINE
  5
83
330
1F
100
AcDbEntity
  8
DEFAULT
 62
     7
100
AcDbSpline
210
0.0
220
0.0
230
1.0
 70
    11
 71
     3
 72
    32
 73
    28
 74
     0
 42
0.000000001
 43
0.0000000001
 40
35.93799999999999
 40
35.93799999999999
 40
35.93799999999999
 40
35.93799999999999
 40
40.33299999999997
 40
40.33299999999997
 40
40.33299999999997
 40
68.33599999999996
 40
68.33599999999996
 40
68.33599999999996
 40
69.33599999999996
 40
69.33599999999996
 40
69.33599999999996
 40
70.33599999999996
 40
70.33599999999996
 40
70.33599999999996
 40
74.58399999999995
 40
74.58399999999995
 40
74.58399999999995
 40
75.58399999999995
 40
75.58399999999995
 40
75.58399999999995
 40
76.58399999999995
 40
76.58399999999995
 40
76.58399999999995
 40
79.41599999999994
 40
79.41599999999994
 40
79.41599999999994
 40
115.3539999999999
 40
115.3539999999999
 40
115.3539999999999
 40
115.3539999999999
 10
197.2510025
 20
125.2739994444444
 30
0.0
 10
196.7341830555556
 20
125.2739994444444
 30
0.0
 10
196.2173636111111
 20
125.2739994444444
 30
0.0
 10
195.7005441666667
 20
125.2739994444444
 30
0.0
 10
195.7005441666667
 20
128.5669448148148
 30
0.0
 10
195.7005441666667
 20
131.8598901851852
 30
0.0
 10
195.7005441666667
 20
135.1528355555555
 30
0.0
 10
195.3273052777778
 20
134.7968827777778
 30
0.0
 10
194.8380025
 20
134.4405772222222
 30
0.0
 10
194.2322830555555
 20
134.0849772222222
 30
0.0
 10
193.6265636111111
 20
133.7286716666667
 30
0.0
 10
193.0825802777778
 20
133.4616188888889
 30
0.0
 10
192.5999802777778
 20
133.2838188888889
 30
0.0
 10
192.5999802777777
 20
133.7833522222222
 30
0.0
 10
192.5999802777777
 20
134.2828855555555
 30
0.0
 10
192.5999802777778
 20
134.7824188888889
 30
0.0
 10
193.4671080555555
 20
135.1898772222222
 30
0.0
 10
194.2248747222222
 20
135.6837661111111
 30
0.0
 10
194.8739858333333
 20
136.2637327777778
 30
0.0
 10
195.5227441666667
 20
136.8436994444444
 30
0.0
 10
195.9820608333333
 20
137.40638
 30
0.0
 10
196.2519358333333
 20
137.9521272222222
 30
0.0
 10
196.5849580555556
 20
137.9521272222222
 30
0.0
 10
196.9179802777778
 20
137.9521272222222
 30
0.0
 10
197.2510025
 20
137.9521272222222
 30
0.0
 10
197.2510025
 20
133.7260846296296
 30
0.0
 10
197.2510025
 20
129.500042037037
 30
0.0
 10
197.2510025
 20
125.2739994444444
 30
0.0
  0
POLYLINE
  5
84
330
1F
100
AcDbEntity
  8
DEFAULT
 62
     7
100
AcDb2dPolyline
 66
     1
 10
0.0
 20
0.0
 30
0.0
 70
     1
  0
VERTEX
  5
85
330
84
100
AcDbEntity
  8
DEFAULT
 62
     7
100
AcDbVertex
100
AcDb2dVertex
 10
187.3807388888889
 20
127.0395111111111
 30
0.0
  0
VERTEX
  5
86
330
84
100
AcDbEntity
  8
DEFAULT
 62
     7
100
AcDbVertex
100
AcDb2dVertex
 10
189.1463916666667
 20
127.0395111111111
 30
0.0
  0
VERTEX
  5
87
330
84
100
AcDbEntity
  8
DEFAULT
 62
     7
100
AcDbVertex
100
AcDb2dVertex
 10
189.1463916666667
 20
125.2738583333333
 30
0.0
  0
VERTEX
  5
88
330
84
100
AcDbEntity
  8
DEFAULT
 62
     7
100
AcDbVertex
100
AcDb2dVertex
 10
187.3807388888889
 20
125.2738583333333
 30
0.0
  0
SEQEND
  5
89
330
84
100
AcDbEntity
  8
DEFAULT
 62
     7
  0
SPLINE
  5
8A
330
1F
100
AcDbEntity
  8
DEFAULT
 62
     7
100
AcDbSpline
210
0.0
220
0.0
230
1.0
 70
    11
 71
     3
 72
    41
 73
    37
 74
     0
 42
0.000000001
 43
0.0000000001
 40
1.0
 40
1.0
 40
1.0
 40
1.0
 40
2.0
 40
2.0
 40
2.0
 40
3.0
 40
3.0
 40
3.0
 40
4.0
 40
4.0
 40
4.0
 40
5.0
 40
5.0
 40
5.0
 40
6.0
 40
6.0
 40
6.0
 40
7.0
 40
7.0
 40
7.0
 40
8.0
 40
8.0
 40
8.0
 40
9.0
 40
9.0
 40
9.0
 40
10.0
 40
10.0
 40
10.0
 40
11.0
 40
11.0
 40
11.0
 40
12.0
 40
12.0
 40
12.0
 40
13.0
 40
13.0
 40
13.0
 40
13.0
 10
176.7008855555555
 20
131.5010211111111
 30
0.0
 10
176.7008855555555
 20
132.9936238888889
 30
0.0
 10
176.8543438888889
 20
134.195185
 30
0.0
 10
177.1619661111111
 20
135.1053516666666
 30
0.0
 10
177.4688827777778
 20
136.0155183333333
 30
0.0
 10
177.9253772222222
 20
136.7175461111111
 30
0.0
 10
178.5310966666667
 20
137.211435
 30
0.0
 10
179.1368161111111
 20
137.7049711111111
 30
0.0
 10
179.8991688888889
 20
137.9519155555556
 30
0.0
 10
180.8178022222222
 20
137.9519155555556
 30
0.0
 10
181.4954883333333
 20
137.9519155555556
 30
0.0
 10
182.0895661111111
 20
137.8153905555556
 30
0.0
 10
182.6007411111111
 20
137.5426933333333
 30
0.0
 10
183.1115633333333
 20
137.2699961111111
 30
0.0
 10
183.5338383333333
 20
136.8766488888889
 30
0.0
 10
183.8668605555555
 20
136.3630044444444
 30
0.0
 10
184.1998827777778
 20
135.8490072222222
 30
0.0
 10
184.4609383333333
 20
135.2231794444444
 30
0.0
 10
184.6507327777778
 20
134.4851683333333
 30
0.0
 10
184.8401744444444
 20
133.74751
 30
0.0
 10
184.9347188888889
 20
132.7526766666666
 30
0.0
 10
184.9347188888889
 20
131.5010211111111
 30
0.0
 10
184.9347188888889
 20
130.0197072222222
 30
0.0
 10
184.7826716666667
 20
128.8237905555555
 30
0.0
 10
184.4782244444445
 20
127.9139766666667
 30
0.0
 10
184.17413
 20
127.0034572222222
 30
0.0
 10
183.7186938888889
 20
126.3003711111111
 30
0.0
 10
183.1133272222222
 20
125.80366
 30
0.0
 10
182.507255
 20
125.3069488888889
 30
0.0
 10
181.74208
 20
125.0585933333333
 30
0.0
 10
180.8178022222222
 20
125.0585933333333
 30
0.0
 10
179.6007188888889
 20
125.0585933333333
 30
0.0
 10
178.6446911111111
 20
125.4949794444444
 30
0.0
 10
177.9497188888889
 20
126.3677516666667
 30
0.0
 10
177.1171633333333
 20
127.4186766666667
 30
0.0
 10
176.7008855555555
 20
129.1296488888889
 30
0.0
 10
176.7008855555555
 20
131.5010211111111
 30
0.0
  0
SPLINE
  5
8B
330
1F
100
AcDbEntity
  8
DEFAULT
 62
     7
100
AcDbSpline
210
0.0
220
0.0
230
1.0
 70
    11
 71
     3
 72
    29
 73
    25
 74
     0
 42
0.000000001
 43
0.0000000001
 40
1.0
 40
1.0
 40
1.0
 40
1.0
 40
2.0
 40
2.0
 40
2.0
 40
3.0
 40
3.0
 40
3.0
 40
4.0
 40
4.0
 40
4.0
 40
5.0
 40
5.0
 40
5.0
 40
6.0
 40
6.0
 40
6.0
 40
7.0
 40
7.0
 40
7.0
 40
8.0
 40
8.0
 40
8.0
 40
9.0
 40
9.0
 40
9.0
 40
9.0
 10
178.2943827777778
 20
131.5010211111111
 30
0.0
 10
178.2943827777778
 20
129.4280988888889
 30
0.0
 10
178.5367411111111
 20
128.0487377777778
 30
0.0
 10
179.0221633333333
 20
127.362585
 30
0.0
 10
179.5072327777778
 20
126.6764322222222
 30
0.0
 10
180.1058966666667
 20
126.3335322222222
 30
0.0
 10
180.8178022222222
 20
126.3335322222222
 30
0.0
 10
181.5297077777778
 20
126.3335322222222
 30
0.0
 10
182.1283716666667
 20
126.6778433333333
 30
0.0
 10
182.6137938888889
 20
127.3668183333333
 30
0.0
 10
183.0988633333333
 20
128.0557933333333
 30
0.0
 10
183.3415744444444
 20
129.4340961111111
 30
0.0
 10
183.3415744444444
 20
131.5010211111111
 30
0.0
 10
183.3415744444444
 20
133.5795877777778
 30
0.0
 10
183.0988633333333
 20
134.96036
 30
0.0
 10
182.6137938888889
 20
135.6436905555555
 30
0.0
 10
182.1283716666667
 20
136.3270211111111
 30
0.0
 10
181.5240633333333
 20
136.66851
 30
0.0
 10
180.8005161111111
 20
136.66851
 30
0.0
 10
180.0886105555556
 20
136.66851
 30
0.0
 10
179.5202855555555
 20
136.3672377777778
 30
0.0
 10
179.0955411111111
 20
135.7643405555555
 30
0.0
 10
178.5614355555556
 20
134.9949322222222
 30
0.0
 10
178.2943827777778
 20
133.5735905555555
 30
0.0
 10
178.2943827777778
 20
131.5010211111111
 30
0.0
  0
POLYLINE
  5
8C
330
1F
100
AcDbEntity
  8
DEFAULT
 62
     7
100
AcDb2dPolyline
 66
     1
 10
0.0
 20
0.0
 30
0.0
 70
     1
  0
VERTEX
  5
8D
330
8C
100
AcDbEntity
  8
DEFAULT
 62
     7
100
AcDbVertex
100
AcDb2dVertex
 10
170.0864433333333
 20
127.3152422222222
 30
0.0
  0
VERTEX
  5
8E
330
8C
100
AcDbEntity
  8
DEFAULT
 62
     7
100
AcDbVertex
100
AcDb2dVertex
 10
170.0864433333333
 20
130.7774033333333
 30
0.0
  0
VERTEX
  5
8F
330
8C
100
AcDbEntity
  8
DEFAULT
 62
     7
100
AcDbVertex
100
AcDb2dVertex
 10
166.650035
 20
130.7774033333333
 30
0.0
  0
VERTEX
  5
90
330
8C
100
AcDbEntity
  8
DEFAULT
 62
     7
100
AcDbVertex
100
AcDb2dVertex
 10
166.650035
 20
132.2244977777778
 30
0.0
  0
VERTEX
  5
91
330
8C
100
AcDbEntity
  8
DEFAULT
 62
     7
100
AcDbVertex
100
AcDb2dVertex
 10
170.0864433333333
 20
132.2244977777778
 30
0.0
  0
VERTEX
  5
92
330
8C
100
AcDbEntity
  8
DEFAULT
 62
     7
100
AcDbVertex
100
AcDb2dVertex
 10
170.0864433333333
 20
135.6609061111111
 30
0.0
  0
VERTEX
  5
93
330
8C
100
AcDbEntity
  8
DEFAULT
 62
     7
100
AcDbVertex
100
AcDb2dVertex
 10
171.5504711111111
 20
135.6609061111111
 30
0.0
  0
VERTEX
  5
94
330
8C
100
AcDbEntity
  8
DEFAULT
 62
     7
100
AcDbVertex
100
AcDb2dVertex
 10
171.5504711111111
 20
132.2244977777778
 30
0.0
  0
VERTEX
  5
95
330
8C
100
AcDbEntity
  8
DEFAULT
 62
     7
100
AcDbVertex
100
AcDb2dVertex
 10
174.9872322222222
 20
132.2244977777778
 30
0.0
  0
VERTEX
  5
96
330
8C
100
AcDbEntity
  8
DEFAULT
 62
     7
100
AcDbVertex
100
AcDb2dVertex
 10
174.9872322222222
 20
130.7774033333333
 30
0.0
  0
VERTEX
  5
97
330
8C
100
AcDbEntity
  8
DEFAULT
 62
     7
100
AcDbVertex
100
AcDb2dVertex
 10
171.5504711111111
 20
130.7774033333333
 30
0.0
  0
VERTEX
  5
98
330
8C
100
AcDbEntity
  8
DEFAULT
 62
     7
100
AcDbVertex
100
AcDb2dVertex
 10
171.5504711111111
 20
127.3152422222222
 30
0.0
  0
SEQEND
  5
99
330
8C
100
AcDbEntity
  8
DEFAULT
 62
     7
  0
SPLINE
  5
9A
330
1F
100
AcDbEntity
  8
DEFAULT
 62
     7
100
AcDbSpline
210
0.0
220
0.0
230
1.0
 70
    11
 71
     3
 72
    41
 73
    37
 74
     0
 42
0.000000001
 43
0.0000000001
 40
1.0
 40
1.0
 40
1.0
 40
1.0
 40
2.0
 40
2.0
 40
2.0
 40
3.0
 40
3.0
 40
3.0
 40
4.0
 40
4.0
 40
4.0
 40
5.0
 40
5.0
 40
5.0
 40
6.0
 40
6.0
 40
6.0
 40
7.0
 40
7.0
 40
7.0
 40
8.0
 40
8.0
 40
8.0
 40
9.0
 40
9.0
 40
9.0
 40
10.0
 40
10.0
 40
10.0
 40
11.0
 40
11.0
 40
11.0
 40
12.0
 40
12.0
 40
12.0
 40
13.0
 40
13.0
 40
13.0
 40
13.0
 10
53.49098888888889
 20
131.5010211111111
 30
0.0
 10
53.49098888888889
 20
132.9936238888889
 30
0.0
 10
53.64444722222223
 20
134.195185
 30
0.0
 10
53.95206944444444
 20
135.1053516666666
 30
0.0
 10
54.25898611111111
 20
136.0155183333333
 30
0.0
 10
54.71548055555556
 20
136.7175461111111
 30
0.0
 10
55.3212
 20
137.211435
 30
0.0
 10
55.92691944444444
 20
137.7049711111111
 30
0.0
 10
56.68927222222222
 20
137.9519155555556
 30
0.0
 10
57.60790555555555
 20
137.9519155555556
 30
0.0
 10
58.28559166666667
 20
137.9519155555556
 30
0.0
 10
58.87966944444445
 20
137.8153905555556
 30
0.0
 10
59.39084444444444
 20
137.5426933333333
 30
0.0
 10
59.90166666666666
 20
137.2699961111111
 30
0.0
 10
60.32394166666666
 20
136.8766488888889
 30
0.0
 10
60.65696388888888
 20
136.3630044444444
 30
0.0
 10
60.98998611111112
 20
135.8490072222222
 30
0.0
 10
61.25104166666666
 20
135.2231794444444
 30
0.0
 10
61.44083611111111
 20
134.4851683333333
 30
0.0
 10
61.63027777777778
 20
133.74751
 30
0.0
 10
61.72482222222222
 20
132.7526766666666
 30
0.0
 10
61.72482222222222
 20
131.5010211111111
 30
0.0
 10
61.72482222222222
 20
130.0197072222222
 30
0.0
 10
61.572775
 20
128.8237905555555
 30
0.0
 10
61.26832777777778
 20
127.9139766666667
 30
0.0
 10
60.96423333333333
 20
127.0034572222222
 30
0.0
 10
60.50879722222222
 20
126.3003711111111
 30
0.0
 10
59.90343055555555
 20
125.80366
 30
0.0
 10
59.29735833333334
 20
125.3069488888889
 30
0.0
 10
58.53218333333333
 20
125.0585933333333
 30
0.0
 10
57.60790555555555
 20
125.0585933333333
 30
0.0
 10
56.39082222222222
 20
125.0585933333333
 30
0.0
 10
55.43479444444444
 20
125.4949794444444
 30
0.0
 10
54.73982222222222
 20
126.3677516666667
 30
0.0
 10
53.90726666666667
 20
127.4186766666667
 30
0.0
 10
53.49098888888889
 20
129.1296488888889
 30
0.0
 10
53.49098888888889
 20
131.5010211111111
 30
0.0
  0
SPLINE
  5
9B
330
1F
100
AcDbEntity
  8
DEFAULT
 62
     7
100
AcDbSpline
210
0.0
220
0.0
230
1.0
 70
    11
 71
     3
 72
    29
 73
    25
 74
     0
 42
0.000000001
 43
0.0000000001
 40
1.0
 40
1.0
 40
1.0
 40
1.0
 40
2.0
 40
2.0
 40
2.0
 40
3.0
 40
3.0
 40
3.0
 40
4.0
 40
4.0
 40
4.0
 40
5.0
 40
5.0
 40
5.0
 40
6.0
 40
6.0
 40
6.0
 40
7.0
 40
7.0
 40
7.0
 40
8.0
 40
8.0
 40
8.0
 40
9.0
 40
9.0
 40
9.0
 40
9.0
 10
55.08448611111111
 20
131.5010211111111
 30
0.0
 10
55.08448611111111
 20
129.4280988888889
 30
0.0
 10
55.32684444444445
 20
128.0487377777778
 30
0.0
 10
55.81226666666666
 20
127.362585
 30
0.0
 10
56.29733611111111
 20
126.6764322222222
 30
0.0
 10
56.89599999999999
 20
126.3335322222222
 30
0.0
 10
57.60790555555555
 20
126.3335322222222
 30
0.0
 10
58.31981111111111
 20
126.3335322222222
 30
0.0
 10
58.91847499999999
 20
126.6778433333333
 30
0.0
 10
59.40389722222222
 20
127.3668183333333
 30
0.0
 10
59.88896666666666
 20
128.0557933333333
 30
0.0
 10
60.13167777777777
 20
129.4340961111111
 30
0.0
 10
60.13167777777777
 20
131.5010211111111
 30
0.0
 10
60.13167777777777
 20
133.5795877777778
 30
0.0
 10
59.88896666666666
 20
134.96036
 30
0.0
 10
59.40389722222222
 20
135.6436905555555
 30
0.0
 10
58.91847499999999
 20
136.3270211111111
 30
0.0
 10
58.31416666666667
 20
136.66851
 30
0.0
 10
57.59061944444445
 20
136.66851
 30
0.0
 10
56.87871388888889
 20
136.66851
 30
0.0
 10
56.31038888888889
 20
136.3672377777778
 30
0.0
 10
55.88564444444444
 20
135.7643405555555
 30
0.0
 10
55.35153888888889
 20
134.9949322222222
 30
0.0
 10
55.08448611111111
 20
133.5735905555555
 30
0.0
 10
55.08448611111111
 20
131.5010211111111
 30
0.0
  0
SPLINE
  5
9C
330
1F
100
AcDbEntity
  8
DEFAULT
 62
     1
100
AcDbSpline
210
0.0
220
0.0
230
1.0
 70
    11
 71
     3
 72
    17
 73
    13
 74
     0
 42
0.000000001
 43
0.0000000001
 40
0.0
 40
0.0
 40
0.0
 40
0.0
 40
1.0
 40
1.0
 40
1.0
 40
2.0
 40
2.0
 40
2.0
 40
3.0
 40
3.0
 40
3.0
 40
4.0
 40
4.0
 40
4.0
 40
4.0
 10
314.1346411111111
 20
32.77129166666666
 30
0.0
 10
313.00928
 20
32.77129166666666
 30
0.0
 10
312.0991133333333
 20
33.68145833333333
 30
0.0
 10
312.0991133333333
 20
34.80681944444444
 30
0.0
 10
312.0991133333333
 20
35.92865277777777
 30
0.0
 10
313.00928
 20
36.83881944444444
 30
0.0
 10
314.1346411111111
 20
36.83881944444444
 30
0.0
 10
315.2564744444444
 20
36.83881944444444
 30
0.0
 10
316.1666411111111
 20
35.92865277777777
 30
0.0
 10
316.1666411111111
 20
34.80681944444444
 30
0.0
 10
316.1666411111111
 20
33.68145833333333
 30
0.0
 10
315.2564744444444
 20
32.77129166666666
 30
0.0
 10
314.1346411111111
 20
32.77129166666666
 30
0.0
  0
POLYLINE
  5
9D
330
1F
100
AcDbEntity
  8
DEFAULT
 62
     1
100
AcDb2dPolyline
 66
     1
 10
0.0
 20
0.0
 30
0.0
 70
     1
  0
VERTEX
  5
9E
330
9D
100
AcDbEntity
  8
DEFAULT
 62
     1
100
AcDbVertex
100
AcDb2dVertex
 10
325.8927597222222
 20
32.39269055555555
 30
0.0
  0
VERTEX
  5
9F
330
9D
100
AcDbEntity
  8
DEFAULT
 62
     1
100
AcDbVertex
100
AcDb2dVertex
 10
322.9541208333333
 20
32.39269055555555
 30
0.0
  0
VERTEX
  5
A0
330
9D
100
AcDbEntity
  8
DEFAULT
 62
     1
100
AcDbVertex
100
AcDb2dVertex
 10
322.9541208333333
 20
38.74727666666666
 30
0.0
  0
VERTEX
  5
A1
330
9D
100
AcDbEntity
  8
DEFAULT
 62
     1
100
AcDbVertex
100
AcDb2dVertex
 10
305.3117041666666
 20
38.74727666666666
 30
0.0
  0
VERTEX
  5
A2
330
9D
100
AcDbEntity
  8
DEFAULT
 62
     1
100
AcDbVertex
100
AcDb2dVertex
 10
305.3117041666666
 20
32.39269055555555
 30
0.0
  0
VERTEX
  5
A3
330
9D
100
AcDbEntity
  8
DEFAULT
 62
     1
100
AcDbVertex
100
AcDb2dVertex
 10
302.3730652777778
 20
32.39269055555555
 30
0.0
  0
VERTEX
  5
A4
330
9D
100
AcDbEntity
  8
DEFAULT
 62
     1
100
AcDbVertex
100
AcDb2dVertex
 10
302.3730652777778
 20
24.46083499999999
 30
0.0
  0
VERTEX
  5
A5
330
9D
100
AcDbEntity
  8
DEFAULT
 62
     1
100
AcDbVertex
100
AcDb2dVertex
 10
305.3117041666666
 20
24.46083499999999
 30
0.0
  0
VERTEX
  5
A6
330
9D
100
AcDbEntity
  8
DEFAULT
 62
     1
100
AcDbVertex
100
AcDb2dVertex
 10
305.3081763888889
 20
17.13258222222222
 30
0.0
  0
VERTEX
  5
A7
330
9D
100
AcDbEntity
  8
DEFAULT
 62
     1
100
AcDbVertex
100
AcDb2dVertex
 10
310.0117624999999
 20
17.13258222222222
 30
0.0
  0
VERTEX
  5
A8
330
9D
100
AcDbEntity
  8
DEFAULT
 62
     1
100
AcDbVertex
100
AcDb2dVertex
 10
310.0117624999999
 20
14.19041555555555
 30
0.0
  0
VERTEX
  5
A9
330
9D
100
AcDbEntity
  8
DEFAULT
 62
     1
100
AcDbVertex
100
AcDb2dVertex
 10
318.2505347222222
 20
14.19041555555555
 30
0.0
  0
VERTEX
  5
AA
330
9D
100
AcDbEntity
  8
DEFAULT
 62
     1
100
AcDbVertex
100
AcDb2dVertex
 10
318.2505347222222
 20
17.13258222222222
 30
0.0
  0
VERTEX
  5
AB
330
9D
100
AcDbEntity
  8
DEFAULT
 62
     1
100
AcDbVertex
100
AcDb2dVertex
 10
322.957648611111
 20
17.13258222222222
 30
0.0
  0
VERTEX
  5
AC
330
9D
100
AcDbEntity
  8
DEFAULT
 62
     1
100
AcDbVertex
100
AcDb2dVertex
 10
322.9541208333333
 20
24.46083499999999
 30
0.0
  0
VERTEX
  5
AD
330
9D
100
AcDbEntity
  8
DEFAULT
 62
     1
100
AcDbVertex
100
AcDb2dVertex
 10
325.8927597222222
 20
24.46083499999999
 30
0.0
  0
SEQEND
  5
AE
330
9D
100
AcDbEntity
  8
DEFAULT
 62
     1
  0
POLYLINE
  5
AF
330
1F
100
AcDbEntity
  8
DEFAULT
 62
     1
100
AcDb2dPolyline
 66
     1
 10
0.0
 20
0.0
 30
0.0
 70
     1
  0
VERTEX
  5
B0
330
AF
100
AcDbEntity
  8
DEFAULT
 62
     1
100
AcDbVertex
100
AcDb2dVertex
 10
376.3887358333333
 20
70.56363416666666
 30
0.0
  0
VERTEX
  5
B1
330
AF
100
AcDbEntity
  8
DEFAULT
 62
     1
100
AcDbVertex
100
AcDb2dVertex
 10
384.5922302777777
 20
70.56363416666666
 30
0.0
  0
VERTEX
  5
B2
330
AF
100
AcDbEntity
  8
DEFAULT
 62
     1
100
AcDbVertex
100
AcDb2dVertex
 10
384.5922302777777
 20
67.6214675
 30
0.0
  0
VERTEX
  5
B3
330
AF
100
AcDbEntity
  8
DEFAULT
 62
     1
100
AcDbVertex
100
AcDb2dVertex
 10
389.2534830555555
 20
67.6214675
 30
0.0
  0
VERTEX
  5
B4
330
AF
100
AcDbEntity
  8
DEFAULT
 62
     1
100
AcDbVertex
100
AcDb2dVertex
 10
389.2534830555555
 20
43.1245786111111
 30
0.0
  0
VERTEX
  5
B5
330
AF
100
AcDbEntity
  8
DEFAULT
 62
     1
100
AcDbVertex
100
AcDb2dVertex
 10
384.5922302777777
 20
43.1245786111111
 30
0.0
  0
VERTEX
  5
B6
330
AF
100
AcDbEntity
  8
DEFAULT
 62
     1
100
AcDbVertex
100
AcDb2dVertex
 10
384.5922302777777
 20
40.18593972222222
 30
0.0
  0
VERTEX
  5
B7
330
AF
100
AcDbEntity
  8
DEFAULT
 62
     1
100
AcDbVertex
100
AcDb2dVertex
 10
376.3887358333333
 20
40.18593972222222
 30
0.0
  0
VERTEX
  5
B8
330
AF
100
AcDbEntity
  8
DEFAULT
 62
     1
100
AcDbVertex
100
AcDb2dVertex
 10
376.3887358333333
 20
43.1245786111111
 30
0.0
  0
VERTEX
  5
B9
330
AF
100
AcDbEntity
  8
DEFAULT
 62
     1
100
AcDbVertex
100
AcDb2dVertex
 10
368.781788611111
 20
43.1245786111111
 30
0.0
  0
VERTEX
  5
BA
330
AF
100
AcDbEntity
  8
DEFAULT
 62
     1
100
AcDbVertex
100
AcDb2dVertex
 10
368.781788611111
 20
49.78608138888888
 30
0.0
  0
VERTEX
  5
BB
330
AF
100
AcDbEntity
  8
DEFAULT
 62
     1
100
AcDbVertex
100
AcDb2dVertex
 10
365.8396219444444
 20
49.78608138888888
 30
0.0
  0
VERTEX
  5
BC
330
AF
100
AcDbEntity
  8
DEFAULT
 62
     1
100
AcDbVertex
100
AcDb2dVertex
 10
365.8396219444444
 20
60.96702027777777
 30
0.0
  0
VERTEX
  5
BD
330
AF
100
AcDbEntity
  8
DEFAULT
 62
     1
100
AcDbVertex
100
AcDb2dVertex
 10
368.781788611111
 20
60.96702027777777
 30
0.0
  0
VERTEX
  5
BE
330
AF
100
AcDbEntity
  8
DEFAULT
 62
     1
100
AcDbVertex
100
AcDb2dVertex
 10
368.781788611111
 20
67.6214675
 30
0.0
  0
VERTEX
  5
BF
330
AF
100
AcDbEntity
  8
DEFAULT
 62
     1
100
AcDbVertex
100
AcDb2dVertex
 10
376.3887358333333
 20
67.6214675
 30
0.0
  0
SEQEND
  5
C0
330
AF
100
AcDbEntity
  8
DEFAULT
 62
     1
  0
SPLINE
  5
C1
330
1F
100
AcDbEntity
  8
DEFAULT
 62
     1
100
AcDbSpline
210
0.0
220
0.0
230
1.0
 70
    11
 71
     3
 72
    17
 73
    13
 74
     0
 42
0.000000001
 43
0.0000000001
 40
0.0
 40
0.0
 40
0.0
 40
0.0
 40
1.0
 40
1.0
 40
1.0
 40
2.0
 40
2.0
 40
2.0
 40
3.0
 40
3.0
 40
3.0
 40
4.0
 40
4.0
 40
4.0
 40
4.0
 10
364.2010397222222
 20
79.64353444444444
 30
0.0
 10
364.2010397222222
 20
82.48692333333332
 30
0.0
 10
366.5011508333333
 20
84.79056222222222
 30
0.0
 10
369.3445397222222
 20
84.79056222222222
 30
0.0
 10
372.1844008333334
 20
84.79056222222222
 30
0.0
 10
374.4880397222223
 20
82.48692333333332
 30
0.0
 10
374.4880397222223
 20
79.64353444444444
 30
0.0
 10
374.4880397222223
 20
76.80367333333332
 30
0.0
 10
372.1844008333334
 20
74.50003444444444
 30
0.0
 10
369.3445397222222
 20
74.50003444444444
 30
0.0
 10
366.5011508333333
 20
74.50003444444444
 30
0.0
 10
364.2010397222222
 20
76.80367333333332
 30
0.0
 10
364.2010397222222
 20
79.64353444444444
 30
0.0
  0
POLYLINE
  5
C2
330
1F
100
AcDbEntity
  8
DEFAULT
 62
     1
100
AcDb2dPolyline
 66
     1
 10
0.0
 20
0.0
 30
0.0
 70
     1
  0
VERTEX
  5
C3
330
C2
100
AcDbEntity
  8
DEFAULT
 62
     1
100
AcDbVertex
100
AcDb2dVertex
 10
355.9317522222222
 20
89.9280297222222
 30
0.0
  0
VERTEX
  5
C4
330
C2
100
AcDbEntity
  8
DEFAULT
 62
     1
100
AcDbVertex
100
AcDb2dVertex
 10
355.9317522222222
 20
84.44727416666666
 30
0.0
  0
VERTEX
  5
C5
330
C2
100
AcDbEntity
  8
DEFAULT
 62
     1
100
AcDbVertex
100
AcDb2dVertex
 10
352.9931133333333
 20
84.44727416666666
 30
0.0
  0
VERTEX
  5
C6
330
C2
100
AcDbEntity
  8
DEFAULT
 62
     1
100
AcDbVertex
100
AcDb2dVertex
 10
352.9931133333333
 20
78.16994638888887
 30
0.0
  0
VERTEX
  5
C7
330
C2
100
AcDbEntity
  8
DEFAULT
 62
     1
100
AcDbVertex
100
AcDb2dVertex
 10
355.9317522222222
 20
78.16994638888887
 30
0.0
  0
VERTEX
  5
C8
330
C2
100
AcDbEntity
  8
DEFAULT
 62
     1
100
AcDbVertex
100
AcDb2dVertex
 10
355.9317522222222
 20
72.00233249999998
 30
0.0
  0
VERTEX
  5
C9
330
C2
100
AcDbEntity
  8
DEFAULT
 62
     1
100
AcDbVertex
100
AcDb2dVertex
 10
374.4882161111111
 20
72.00233249999998
 30
0.0
  0
VERTEX
  5
CA
330
C2
100
AcDbEntity
  8
DEFAULT
 62
     1
100
AcDbVertex
100
AcDb2dVertex
 10
377.5467994444444
 20
74.0801936111111
 30
0.0
  0
VERTEX
  5
CB
330
C2
100
AcDbEntity
  8
DEFAULT
 62
     1
100
AcDbVertex
100
AcDb2dVertex
 10
377.5467994444444
 20
101.8896658333333
 30
0.0
  0
VERTEX
  5
CC
330
C2
100
AcDbEntity
  8
DEFAULT
 62
     1
100
AcDbVertex
100
AcDb2dVertex
 10
370.9918355555555
 20
101.8896658333333
 30
0.0
  0
VERTEX
  5
CD
330
C2
100
AcDbEntity
  8
DEFAULT
 62
     1
100
AcDbVertex
100
AcDb2dVertex
 10
370.9918355555555
 20
98.95102694444444
 30
0.0
  0
VERTEX
  5
CE
330
C2
100
AcDbEntity
  8
DEFAULT
 62
     1
100
AcDbVertex
100
AcDb2dVertex
 10
363.4600299999999
 20
98.95102694444444
 30
0.0
  0
VERTEX
  5
CF
330
C2
100
AcDbEntity
  8
DEFAULT
 62
     1
100
AcDbVertex
100
AcDb2dVertex
 10
363.4600299999999
 20
101.8896658333333
 30
0.0
  0
VERTEX
  5
D0
330
C2
100
AcDbEntity
  8
DEFAULT
 62
     1
100
AcDbVertex
100
AcDb2dVertex
 10
355.9317522222222
 20
101.8896658333333
 30
0.0
  0
VERTEX
  5
D1
330
C2
100
AcDbEntity
  8
DEFAULT
 62
     1
100
AcDbVertex
100
AcDb2dVertex
 10
355.9317522222222
 20
96.20888527777777
 30
0.0
  0
VERTEX
  5
D2
330
C2
100
AcDbEntity
  8
DEFAULT
 62
     1
100
AcDbVertex
100
AcDb2dVertex
 10
352.9931133333333
 20
96.20888527777777
 30
0.0
  0
VERTEX
  5
D3
330
C2
100
AcDbEntity
  8
DEFAULT
 62
     1
100
AcDbVertex
100
AcDb2dVertex
 10
352.9931133333333
 20
89.9280297222222
 30
0.0
  0
SEQEND
  5
D4
330
C2
100
AcDbEntity
  8
DEFAULT
 62
     1
  0
SPLINE
  5
D5
330
1F
100
AcDbEntity
  8
DEFAULT
 62
     1
100
AcDbSpline
210
0.0
220
0.0
230
1.0
 70
    11
 71
     3
 72
    17
 73
    13
 74
     0
 42
0.000000001
 43
0.0000000001
 40
0.0
 40
0.0
 40
0.0
 40
0.0
 40
1.0
 40
1.0
 40
1.0
 40
2.0
 40
2.0
 40
2.0
 40
3.0
 40
3.0
 40
3.0
 40
4.0
 40
4.0
 40
4.0
 40
4.0
 10
310.7269488888888
 20
56.53193333333333
 30
0.0
 10
307.8870877777778
 20
56.53193333333333
 30
0.0
 10
305.5869766666666
 20
58.83557222222221
 30
0.0
 10
305.5869766666666
 20
61.67543333333333
 30
0.0
 10
305.5869766666666
 20
64.51882222222221
 30
0.0
 10
307.8870877777778
 20
66.81893333333332
 30
0.0
 10
310.7269488888888
 20
66.81893333333332
 30
0.0
 10
313.5703377777777
 20
66.81893333333332
 30
0.0
 10
315.8704488888889
 20
64.51882222222221
 30
0.0
 10
315.8704488888889
 20
61.67543333333333
 30
0.0
 10
315.8704488888889
 20
58.83557222222221
 30
0.0
 10
313.5703377777777
 20
56.53193333333333
 30
0.0
 10
310.7269488888888
 20
56.53193333333333
 30
0.0
  0
POLYLINE
  5
D6
330
1F
100
AcDbEntity
  8
DEFAULT
 62
     1
100
AcDb2dPolyline
 66
     1
 10
0.0
 20
0.0
 30
0.0
 70
     1
  0
VERTEX
  5
D7
330
D6
100
AcDbEntity
  8
DEFAULT
 62
     1
100
AcDbVertex
100
AcDb2dVertex
 10
308.3715222222222
 20
40.46643333333333
 30
0.0
  0
VERTEX
  5
D8
330
D6
100
AcDbEntity
  8
DEFAULT
 62
     1
100
AcDbVertex
100
AcDb2dVertex
 10
314.1620166666667
 20
40.46643333333333
 30
0.0
  0
VERTEX
  5
D9
330
D6
100
AcDbEntity
  8
DEFAULT
 62
     1
100
AcDbVertex
100
AcDb2dVertex
 10
314.1620166666667
 20
43.4086
 30
0.0
  0
VERTEX
  5
DA
330
D6
100
AcDbEntity
  8
DEFAULT
 62
     1
100
AcDbVertex
100
AcDb2dVertex
 10
322.2946027777778
 20
43.4086
 30
0.0
  0
VERTEX
  5
DB
330
D6
100
AcDbEntity
  8
DEFAULT
 62
     1
100
AcDbVertex
100
AcDb2dVertex
 10
322.2946027777778
 20
51.21557222222221
 30
0.0
  0
VERTEX
  5
DC
330
D6
100
AcDbEntity
  8
DEFAULT
 62
     1
100
AcDbVertex
100
AcDb2dVertex
 10
319.3559638888888
 20
51.21557222222221
 30
0.0
  0
VERTEX
  5
DD
330
D6
100
AcDbEntity
  8
DEFAULT
 62
     1
100
AcDbVertex
100
AcDb2dVertex
 10
319.3559638888888
 20
59.01901666666666
 30
0.0
  0
VERTEX
  5
DE
330
D6
100
AcDbEntity
  8
DEFAULT
 62
     1
100
AcDbVertex
100
AcDb2dVertex
 10
322.2946027777778
 20
59.01901666666666
 30
0.0
  0
VERTEX
  5
DF
330
D6
100
AcDbEntity
  8
DEFAULT
 62
     1
100
AcDbVertex
100
AcDb2dVertex
 10
322.2946027777778
 20
66.81893333333333
 30
0.0
  0
VERTEX
  5
E0
330
D6
100
AcDbEntity
  8
DEFAULT
 62
     1
100
AcDbVertex
100
AcDb2dVertex
 10
318.830325
 20
70.28321111111111
 30
0.0
  0
VERTEX
  5
E1
330
D6
100
AcDbEntity
  8
DEFAULT
 62
     1
100
AcDbVertex
100
AcDb2dVertex
 10
305.1390194444444
 20
70.28321111111111
 30
0.0
  0
VERTEX
  5
E2
330
D6
100
AcDbEntity
  8
DEFAULT
 62
     1
100
AcDbVertex
100
AcDb2dVertex
 10
302.3732416666666
 20
67.51037777777778
 30
0.0
  0
VERTEX
  5
E3
330
D6
100
AcDbEntity
  8
DEFAULT
 62
     1
100
AcDbVertex
100
AcDb2dVertex
 10
302.3732416666666
 20
56.50018333333333
 30
0.0
  0
VERTEX
  5
E4
330
D6
100
AcDbEntity
  8
DEFAULT
 62
     1
100
AcDbVertex
100
AcDb2dVertex
 10
303.7561305555556
 20
55.11376666666666
 30
0.0
  0
VERTEX
  5
E5
330
D6
100
AcDbEntity
  8
DEFAULT
 62
     1
100
AcDbVertex
100
AcDb2dVertex
 10
303.7561305555556
 20
43.4086
 30
0.0
  0
VERTEX
  5
E6
330
D6
100
AcDbEntity
  8
DEFAULT
 62
     1
100
AcDbVertex
100
AcDb2dVertex
 10
308.3715222222222
 20
43.4086
 30
0.0
  0
SEQEND
  5
E7
330
D6
100
AcDbEntity
  8
DEFAULT
 62
     1
  0
SPLINE
  5
E8
330
1F
100
AcDbEntity
  8
DEFAULT
 62
     1
100
AcDbSpline
210
0.0
220
0.0
230
1.0
 70
    11
 71
     3
 72
    17
 73
    13
 74
     0
 42
0.000000001
 43
0.0000000001
 40
0.0
 40
0.0
 40
0.0
 40
0.0
 40
1.0
 40
1.0
 40
1.0
 40
2.0
 40
2.0
 40
2.0
 40
3.0
 40
3.0
 40
3.0
 40
4.0
 40
4.0
 40
4.0
 40
4.0
 10
310.5751838888888
 20
74.50003444444444
 30
0.0
 10
307.7353227777778
 20
74.50003444444444
 30
0.0
 10
305.4316838888888
 20
76.80367333333332
 30
0.0
 10
305.4316838888888
 20
79.64353444444444
 30
0.0
 10
305.4316838888888
 20
82.48692333333332
 30
0.0
 10
307.7353227777778
 20
84.79056222222222
 30
0.0
 10
310.5751838888888
 20
84.79056222222222
 30
0.0
 10
313.4185727777777
 20
84.79056222222222
 30
0.0
 10
315.7186838888888
 20
82.48692333333332
 30
0.0
 10
315.7186838888888
 20
79.64353444444444
 30
0.0
 10
315.7186838888888
 20
76.80367333333332
 30
0.0
 10
313.4185727777777
 20
74.50003444444444
 30
0.0
 10
310.5751838888888
 20
74.50003444444444
 30
0.0
  0
POLYLINE
  5
E9
330
1F
100
AcDbEntity
  8
DEFAULT
 62
     1
100
AcDb2dPolyline
 66
     1
 10
0.0
 20
0.0
 30
0.0
 70
     1
  0
VERTEX
  5
EA
330
E9
100
AcDbEntity
  8
DEFAULT
 62
     1
100
AcDbVertex
100
AcDb2dVertex
 10
326.9264691666666
 20
89.9280297222222
 30
0.0
  0
VERTEX
  5
EB
330
E9
100
AcDbEntity
  8
DEFAULT
 62
     1
100
AcDbVertex
100
AcDb2dVertex
 10
326.9264691666666
 20
96.20888527777777
 30
0.0
  0
VERTEX
  5
EC
330
E9
100
AcDbEntity
  8
DEFAULT
 62
     1
100
AcDbVertex
100
AcDb2dVertex
 10
323.9878302777777
 20
96.20888527777777
 30
0.0
  0
VERTEX
  5
ED
330
E9
100
AcDbEntity
  8
DEFAULT
 62
     1
100
AcDbVertex
100
AcDb2dVertex
 10
323.9878302777777
 20
101.8896658333333
 30
0.0
  0
VERTEX
  5
EE
330
E9
100
AcDbEntity
  8
DEFAULT
 62
     1
100
AcDbVertex
100
AcDb2dVertex
 10
316.4595525
 20
101.8896658333333
 30
0.0
  0
VERTEX
  5
EF
330
E9
100
AcDbEntity
  8
DEFAULT
 62
     1
100
AcDbVertex
100
AcDb2dVertex
 10
316.4595525
 20
98.95102694444444
 30
0.0
  0
VERTEX
  5
F0
330
E9
100
AcDbEntity
  8
DEFAULT
 62
     1
100
AcDbVertex
100
AcDb2dVertex
 10
308.9277469444444
 20
98.95102694444444
 30
0.0
  0
VERTEX
  5
F1
330
E9
100
AcDbEntity
  8
DEFAULT
 62
     1
100
AcDbVertex
100
AcDb2dVertex
 10
308.9277469444444
 20
101.8896658333333
 30
0.0
  0
VERTEX
  5
F2
330
E9
100
AcDbEntity
  8
DEFAULT
 62
     1
100
AcDbVertex
100
AcDb2dVertex
 10
302.3731358333333
 20
101.8896658333333
 30
0.0
  0
VERTEX
  5
F3
330
E9
100
AcDbEntity
  8
DEFAULT
 62
     1
100
AcDbVertex
100
AcDb2dVertex
 10
302.3731358333333
 20
74.0801936111111
 30
0.0
  0
VERTEX
  5
F4
330
E9
100
AcDbEntity
  8
DEFAULT
 62
     1
100
AcDbVertex
100
AcDb2dVertex
 10
305.4317191666667
 20
72.00233249999998
 30
0.0
  0
VERTEX
  5
F5
330
E9
100
AcDbEntity
  8
DEFAULT
 62
     1
100
AcDbVertex
100
AcDb2dVertex
 10
323.9878302777777
 20
72.00233249999998
 30
0.0
  0
VERTEX
  5
F6
330
E9
100
AcDbEntity
  8
DEFAULT
 62
     1
100
AcDbVertex
100
AcDb2dVertex
 10
323.9878302777777
 20
78.16994638888887
 30
0.0
  0
VERTEX
  5
F7
330
E9
100
AcDbEntity
  8
DEFAULT
 62
     1
100
AcDbVertex
100
AcDb2dVertex
 10
326.9264691666666
 20
78.16994638888887
 30
0.0
  0
VERTEX
  5
F8
330
E9
100
AcDbEntity
  8
DEFAULT
 62
     1
100
AcDbVertex
100
AcDb2dVertex
 10
326.9264691666666
 20
84.44727416666666
 30
0.0
  0
VERTEX
  5
F9
330
E9
100
AcDbEntity
  8
DEFAULT
 62
     1
100
AcDbVertex
100
AcDb2dVertex
 10
323.9878302777777
 20
84.44727416666666
 30
0.0
  0
VERTEX
  5
FA
330
E9
100
AcDbEntity
  8
DEFAULT
 62
     1
100
AcDbVertex
100
AcDb2dVertex
 10
323.9878302777777
 20
89.9280297222222
 30
0.0
  0
SEQEND
  5
FB
330
E9
100
AcDbEntity
  8
DEFAULT
 62
     1
  0
SPLINE
  5
FC
330
1F
100
AcDbEntity
  8
DEFAULT
 62
     1
100
AcDbSpline
210
0.0
220
0.0
230
1.0
 70
    11
 71
     3
 72
    17
 73
    13
 74
     0
 42
0.000000001
 43
0.0000000001
 40
0.0
 40
0.0
 40
0.0
 40
0.0
 40
1.0
 40
1.0
 40
1.0
 40
2.0
 40
2.0
 40
2.0
 40
3.0
 40
3.0
 40
3.0
 40
4.0
 40
4.0
 40
4.0
 40
4.0
 10
330.5176411111111
 20
61.67546861111111
 30
0.0
 10
330.5176411111111
 20
64.5188575
 30
0.0
 10
332.8181049999999
 20
66.81896861111112
 30
0.0
 10
335.6611411111111
 20
66.81896861111112
 30
0.0
 10
338.5013549999999
 20
66.81896861111112
 30
0.0
 10
340.8011133333333
 20
64.5188575
 30
0.0
 10
340.8011133333333
 20
61.67546861111111
 30
0.0
 10
340.8011133333333
 20
58.83560749999999
 30
0.0
 10
338.5013549999999
 20
56.5319686111111
 30
0.0
 10
335.6611411111111
 20
56.5319686111111
 30
0.0
 10
332.8181049999999
 20
56.5319686111111
 30
0.0
 10
330.5176411111111
 20
58.83560749999999
 30
0.0
 10
330.5176411111111
 20
61.67546861111111
 30
0.0
  0
POLYLINE
  5
FD
330
1F
100
AcDbEntity
  8
DEFAULT
 62
     1
100
AcDb2dPolyline
 66
     1
 10
0.0
 20
0.0
 30
0.0
 70
     1
  0
VERTEX
  5
FE
330
FD
100
AcDbEntity
  8
DEFAULT
 62
     1
100
AcDbVertex
100
AcDb2dVertex
 10
338.0165677777778
 20
43.40856472222222
 30
0.0
  0
VERTEX
  5
FF
330
FD
100
AcDbEntity
  8
DEFAULT
 62
     1
100
AcDbVertex
100
AcDb2dVertex
 10
342.6323122222221
 20
43.40856472222222
 30
0.0
  0
VERTEX
  5
100
330
FD
100
AcDbEntity
  8
DEFAULT
 62
     1
100
AcDbVertex
100
AcDb2dVertex
 10
342.6323122222221
 20
55.11373138888889
 30
0.0
  0
VERTEX
  5
101
330
FD
100
AcDbEntity
  8
DEFAULT
 62
     1
100
AcDbVertex
100
AcDb2dVertex
 10
344.0152011111111
 20
56.50014805555554
 30
0.0
  0
VERTEX
  5
102
330
FD
100
AcDbEntity
  8
DEFAULT
 62
     1
100
AcDbVertex
100
AcDb2dVertex
 10
344.0152011111111
 20
67.5103425
 30
0.0
  0
VERTEX
  5
103
330
FD
100
AcDbEntity
  8
DEFAULT
 62
     1
100
AcDbVertex
100
AcDb2dVertex
 10
341.2490705555555
 20
70.28317583333333
 30
0.0
  0
VERTEX
  5
104
330
FD
100
AcDbEntity
  8
DEFAULT
 62
     1
100
AcDbVertex
100
AcDb2dVertex
 10
327.5581177777777
 20
70.28317583333333
 30
0.0
  0
VERTEX
  5
105
330
FD
100
AcDbEntity
  8
DEFAULT
 62
     1
100
AcDbVertex
100
AcDb2dVertex
 10
324.0934872222222
 20
66.81889805555555
 30
0.0
  0
VERTEX
  5
106
330
FD
100
AcDbEntity
  8
DEFAULT
 62
     1
100
AcDbVertex
100
AcDb2dVertex
 10
324.0934872222222
 20
59.01898138888888
 30
0.0
  0
VERTEX
  5
107
330
FD
100
AcDbEntity
  8
DEFAULT
 62
     1
100
AcDbVertex
100
AcDb2dVertex
 10
327.032126111111
 20
59.01898138888888
 30
0.0
  0
VERTEX
  5
108
330
FD
100
AcDbEntity
  8
DEFAULT
 62
     1
100
AcDbVertex
100
AcDb2dVertex
 10
327.032126111111
 20
51.21553694444444
 30
0.0
  0
VERTEX
  5
109
330
FD
100
AcDbEntity
  8
DEFAULT
 62
     1
100
AcDbVertex
100
AcDb2dVertex
 10
324.0934872222222
 20
51.21553694444444
 30
0.0
  0
VERTEX
  5
10A
330
FD
100
AcDbEntity
  8
DEFAULT
 62
     1
100
AcDbVertex
100
AcDb2dVertex
 10
324.0934872222222
 20
43.40856472222222
 30
0.0
  0
VERTEX
  5
10B
330
FD
100
AcDbEntity
  8
DEFAULT
 62
     1
100
AcDbVertex
100
AcDb2dVertex
 10
332.2264261111111
 20
43.40856472222222
 30
0.0
  0
VERTEX
  5
10C
330
FD
100
AcDbEntity
  8
DEFAULT
 62
     1
100
AcDbVertex
100
AcDb2dVertex
 10
332.2264261111111
 20
40.46639805555555
 30
0.0
  0
VERTEX
  5
10D
330
FD
100
AcDbEntity
  8
DEFAULT
 62
     1
100
AcDbVertex
100
AcDb2dVertex
 10
338.0165677777778
 20
40.46639805555555
 30
0.0
  0
SEQEND
  5
10E
330
FD
100
AcDbEntity
  8
DEFAULT
 62
     1
  0
SPLINE
  5
10F
330
1F
100
AcDbEntity
  8
DEFAULT
 62
     1
100
AcDbSpline
210
0.0
220
0.0
230
1.0
 70
    11
 71
     3
 72
    17
 73
    13
 74
     0
 42
0.000000001
 43
0.0000000001
 40
0.0
 40
0.0
 40
0.0
 40
0.0
 40
1.0
 40
1.0
 40
1.0
 40
2.0
 40
2.0
 40
2.0
 40
3.0
 40
3.0
 40
3.0
 40
4.0
 40
4.0
 40
4.0
 40
4.0
 10
163.6360075
 20
32.77129166666666
 30
0.0
 10
162.5106463888889
 20
32.77129166666666
 30
0.0
 10
161.6004797222222
 20
33.68145833333333
 30
0.0
 10
161.6004797222222
 20
34.80681944444444
 30
0.0
 10
161.6004797222222
 20
35.92865277777777
 30
0.0
 10
162.5106463888889
 20
36.83881944444444
 30
0.0
 10
163.6360075
 20
36.83881944444444
 30
0.0
 10
164.7578408333333
 20
36.83881944444444
 30
0.0
 10
165.6680075
 20
35.92865277777777
 30
0.0
 10
165.6680075
 20
34.80681944444444
 30
0.0
 10
165.6680075
 20
33.68145833333333
 30
0.0
 10
164.7578408333333
 20
32.77129166666666
 30
0.0
 10
163.6360075
 20
32.77129166666666
 30
0.0
  0
POLYLINE
  5
110
330
1F
100
AcDbEntity
  8
DEFAULT
 62
     1
100
AcDb2dPolyline
 66
     1
 10
0.0
 20
0.0
 30
0.0
 70
     1
  0
VERTEX
  5
111
330
110
100
AcDbEntity
  8
DEFAULT
 62
     1
100
AcDbVertex
100
AcDb2dVertex
 10
175.3941261111111
 20
32.34273722222222
 30
0.0
  0
VERTEX
  5
112
330
110
100
AcDbEntity
  8
DEFAULT
 62
     1
100
AcDbVertex
100
AcDb2dVertex
 10
172.4554872222222
 20
32.34273722222222
 30
0.0
  0
VERTEX
  5
113
330
110
100
AcDbEntity
  8
DEFAULT
 62
     1
100
AcDbVertex
100
AcDb2dVertex
 10
172.4554872222222
 20
38.74741777777778
 30
0.0
  0
VERTEX
  5
114
330
110
100
AcDbEntity
  8
DEFAULT
 62
     1
100
AcDbVertex
100
AcDb2dVertex
 10
154.8130705555555
 20
38.74741777777778
 30
0.0
  0
VERTEX
  5
115
330
110
100
AcDbEntity
  8
DEFAULT
 62
     1
100
AcDbVertex
100
AcDb2dVertex
 10
154.8130705555555
 20
32.34273722222222
 30
0.0
  0
VERTEX
  5
116
330
110
100
AcDbEntity
  8
DEFAULT
 62
     1
100
AcDbVertex
100
AcDb2dVertex
 10
151.8744316666667
 20
32.34273722222222
 30
0.0
  0
VERTEX
  5
117
330
110
100
AcDbEntity
  8
DEFAULT
 62
     1
100
AcDbVertex
100
AcDb2dVertex
 10
151.8744316666667
 20
24.51071777777777
 30
0.0
  0
VERTEX
  5
118
330
110
100
AcDbEntity
  8
DEFAULT
 62
     1
100
AcDbVertex
100
AcDb2dVertex
 10
154.8130705555555
 20
24.51071777777777
 30
0.0
  0
VERTEX
  5
119
330
110
100
AcDbEntity
  8
DEFAULT
 62
     1
100
AcDbVertex
100
AcDb2dVertex
 10
154.8095427777778
 20
17.13272333333333
 30
0.0
  0
VERTEX
  5
11A
330
110
100
AcDbEntity
  8
DEFAULT
 62
     1
100
AcDbVertex
100
AcDb2dVertex
 10
159.5632233333333
 20
17.13272333333333
 30
0.0
  0
VERTEX
  5
11B
330
110
100
AcDbEntity
  8
DEFAULT
 62
     1
100
AcDbVertex
100
AcDb2dVertex
 10
159.5632233333333
 20
14.19055666666667
 30
0.0
  0
VERTEX
  5
11C
330
110
100
AcDbEntity
  8
DEFAULT
 62
     1
100
AcDbVertex
100
AcDb2dVertex
 10
167.7018066666666
 20
14.19055666666667
 30
0.0
  0
VERTEX
  5
11D
330
110
100
AcDbEntity
  8
DEFAULT
 62
     1
100
AcDbVertex
100
AcDb2dVertex
 10
167.7018066666666
 20
17.13272333333333
 30
0.0
  0
VERTEX
  5
11E
330
110
100
AcDbEntity
  8
DEFAULT
 62
     1
100
AcDbVertex
100
AcDb2dVertex
 10
172.459015
 20
17.13272333333333
 30
0.0
  0
VERTEX
  5
11F
330
110
100
AcDbEntity
  8
DEFAULT
 62
     1
100
AcDbVertex
100
AcDb2dVertex
 10
172.4554872222222
 20
24.51071777777777
 30
0.0
  0
VERTEX
  5
120
330
110
100
AcDbEntity
  8
DEFAULT
 62
     1
100
AcDbVertex
100
AcDb2dVertex
 10
175.3941261111111
 20
24.51071777777777
 30
0.0
  0
SEQEND
  5
121
330
110
100
AcDbEntity
  8
DEFAULT
 62
     1
  0
POLYLINE
  5
122
330
1F
100
AcDbEntity
  8
DEFAULT
 62
     1
100
AcDb2dPolyline
 66
     1
 10
0.0
 20
0.0
 30
0.0
 70
     1
  0
VERTEX
  5
123
330
122
100
AcDbEntity
  8
DEFAULT
 62
     1
100
AcDbVertex
100
AcDb2dVertex
 10
225.9383269444444
 20
70.56021222222222
 30
0.0
  0
VERTEX
  5
124
330
122
100
AcDbEntity
  8
DEFAULT
 62
     1
100
AcDbVertex
100
AcDb2dVertex
 10
234.0416325
 20
70.56021222222222
 30
0.0
  0
VERTEX
  5
125
330
122
100
AcDbEntity
  8
DEFAULT
 62
     1
100
AcDbVertex
100
AcDb2dVertex
 10
234.0416325
 20
67.62157333333333
 30
0.0
  0
VERTEX
  5
126
330
122
100
AcDbEntity
  8
DEFAULT
 62
     1
100
AcDbVertex
100
AcDb2dVertex
 10
238.7547436111111
 20
67.62157333333333
 30
0.0
  0
VERTEX
  5
127
330
122
100
AcDbEntity
  8
DEFAULT
 62
     1
100
AcDbVertex
100
AcDb2dVertex
 10
238.7547436111111
 20
43.12115666666666
 30
0.0
  0
VERTEX
  5
128
330
122
100
AcDbEntity
  8
DEFAULT
 62
     1
100
AcDbVertex
100
AcDb2dVertex
 10
234.0416325
 20
43.12115666666666
 30
0.0
  0
VERTEX
  5
129
330
122
100
AcDbEntity
  8
DEFAULT
 62
     1
100
AcDbVertex
100
AcDb2dVertex
 10
234.0416325
 20
40.18251777777778
 30
0.0
  0
VERTEX
  5
12A
330
122
100
AcDbEntity
  8
DEFAULT
 62
     1
100
AcDbVertex
100
AcDb2dVertex
 10
225.9383269444444
 20
40.18251777777778
 30
0.0
  0
VERTEX
  5
12B
330
122
100
AcDbEntity
  8
DEFAULT
 62
     1
100
AcDbVertex
100
AcDb2dVertex
 10
225.9383269444444
 20
43.12115666666666
 30
0.0
  0
VERTEX
  5
12C
330
122
100
AcDbEntity
  8
DEFAULT
 62
     1
100
AcDbVertex
100
AcDb2dVertex
 10
218.2830491666666
 20
43.12115666666666
 30
0.0
  0
VERTEX
  5
12D
330
122
100
AcDbEntity
  8
DEFAULT
 62
     1
100
AcDbVertex
100
AcDb2dVertex
 10
218.2830491666666
 20
49.83275388888889
 30
0.0
  0
VERTEX
  5
12E
330
122
100
AcDbEntity
  8
DEFAULT
 62
     1
100
AcDbVertex
100
AcDb2dVertex
 10
215.3408825
 20
49.83275388888889
 30
0.0
  0
VERTEX
  5
12F
330
122
100
AcDbEntity
  8
DEFAULT
 62
     1
100
AcDbVertex
100
AcDb2dVertex
 10
215.3408825
 20
60.91350388888889
 30
0.0
  0
VERTEX
  5
130
330
122
100
AcDbEntity
  8
DEFAULT
 62
     1
100
AcDbVertex
100
AcDb2dVertex
 10
218.2830491666666
 20
60.91350388888889
 30
0.0
  0
VERTEX
  5
131
330
122
100
AcDbEntity
  8
DEFAULT
 62
     1
100
AcDbVertex
100
AcDb2dVertex
 10
218.2830491666666
 20
67.62157333333333
 30
0.0
  0
VERTEX
  5
132
330
122
100
AcDbEntity
  8
DEFAULT
 62
     1
100
AcDbVertex
100
AcDb2dVertex
 10
225.9383269444444
 20
67.62157333333333
 30
0.0
  0
SEQEND
  5
133
330
122
100
AcDbEntity
  8
DEFAULT
 62
     1
  0
SPLINE
  5
134
330
1F
100
AcDbEntity
  8
DEFAULT
 62
     1
100
AcDbSpline
210
0.0
220
0.0
230
1.0
 70
    11
 71
     3
 72
    17
 73
    13
 74
     0
 42
0.000000001
 43
0.0000000001
 40
0.0
 40
0.0
 40
0.0
 40
0.0
 40
1.0
 40
1.0
 40
1.0
 40
2.0
 40
2.0
 40
2.0
 40
3.0
 40
3.0
 40
3.0
 40
4.0
 40
4.0
 40
4.0
 40
4.0
 10
160.0765502777778
 20
74.50003444444444
 30
0.0
 10
157.2366891666667
 20
74.50003444444444
 30
0.0
 10
154.9330502777778
 20
76.80367333333332
 30
0.0
 10
154.9330502777778
 20
79.64353444444444
 30
0.0
 10
154.9330502777778
 20
82.48692333333332
 30
0.0
 10
157.2366891666667
 20
84.79056222222222
 30
0.0
 10
160.0765502777778
 20
84.79056222222222
 30
0.0
 10
162.9199391666666
 20
84.79056222222222
 30
0.0
 10
165.2200502777777
 20
82.48692333333332
 30
0.0
 10
165.2200502777777
 20
79.64353444444444
 30
0.0
 10
165.2200502777777
 20
76.80367333333332
 30
0.0
 10
162.9199391666666
 20
74.50003444444444
 30
0.0
 10
160.0765502777778
 20
74.50003444444444
 30
0.0
  0
POLYLINE
  5
135
330
1F
100
AcDbEntity
  8
DEFAULT
 62
     1
100
AcDb2dPolyline
 66
     1
 10
0.0
 20
0.0
 30
0.0
 70
     1
  0
VERTEX
  5
136
330
135
100
AcDbEntity
  8
DEFAULT
 62
     1
100
AcDbVertex
100
AcDb2dVertex
 10
176.4276591666666
 20
89.97798305555555
 30
0.0
  0
VERTEX
  5
137
330
135
100
AcDbEntity
  8
DEFAULT
 62
     1
100
AcDbVertex
100
AcDb2dVertex
 10
176.4276591666666
 20
96.1590025
 30
0.0
  0
VERTEX
  5
138
330
135
100
AcDbEntity
  8
DEFAULT
 62
     1
100
AcDbVertex
100
AcDb2dVertex
 10
173.4890202777778
 20
96.1590025
 30
0.0
  0
VERTEX
  5
139
330
135
100
AcDbEntity
  8
DEFAULT
 62
     1
100
AcDbVertex
100
AcDb2dVertex
 10
173.4890202777778
 20
101.8895247222222
 30
0.0
  0
VERTEX
  5
13A
330
135
100
AcDbEntity
  8
DEFAULT
 62
     1
100
AcDbVertex
100
AcDb2dVertex
 10
165.9607425
 20
101.8895247222222
 30
0.0
  0
VERTEX
  5
13B
330
135
100
AcDbEntity
  8
DEFAULT
 62
     1
100
AcDbVertex
100
AcDb2dVertex
 10
165.9607425
 20
98.95088583333333
 30
0.0
  0
VERTEX
  5
13C
330
135
100
AcDbEntity
  8
DEFAULT
 62
     1
100
AcDbVertex
100
AcDb2dVertex
 10
158.4289369444444
 20
98.95088583333333
 30
0.0
  0
VERTEX
  5
13D
330
135
100
AcDbEntity
  8
DEFAULT
 62
     1
100
AcDbVertex
100
AcDb2dVertex
 10
158.4289369444444
 20
101.8895247222222
 30
0.0
  0
VERTEX
  5
13E
330
135
100
AcDbEntity
  8
DEFAULT
 62
     1
100
AcDbVertex
100
AcDb2dVertex
 10
151.8743258333333
 20
101.8895247222222
 30
0.0
  0
VERTEX
  5
13F
330
135
100
AcDbEntity
  8
DEFAULT
 62
     1
100
AcDbVertex
100
AcDb2dVertex
 10
151.8743258333333
 20
74.0800525
 30
0.0
  0
VERTEX
  5
140
330
135
100
AcDbEntity
  8
DEFAULT
 62
     1
100
AcDbVertex
100
AcDb2dVertex
 10
154.9329091666666
 20
72.00219138888889
 30
0.0
  0
VERTEX
  5
141
330
135
100
AcDbEntity
  8
DEFAULT
 62
     1
100
AcDbVertex
100
AcDb2dVertex
 10
173.4890202777778
 20
72.00219138888889
 30
0.0
  0
VERTEX
  5
142
330
135
100
AcDbEntity
  8
DEFAULT
 62
     1
100
AcDbVertex
100
AcDb2dVertex
 10
173.4890202777778
 20
78.21989972222222
 30
0.0
  0
VERTEX
  5
143
330
135
100
AcDbEntity
  8
DEFAULT
 62
     1
100
AcDbVertex
100
AcDb2dVertex
 10
176.4276591666666
 20
78.21989972222222
 30
0.0
  0
VERTEX
  5
144
330
135
100
AcDbEntity
  8
DEFAULT
 62
     1
100
AcDbVertex
100
AcDb2dVertex
 10
176.4276591666666
 20
84.39739138888889
 30
0.0
  0
VERTEX
  5
145
330
135
100
AcDbEntity
  8
DEFAULT
 62
     1
100
AcDbVertex
100
AcDb2dVertex
 10
173.4890202777778
 20
84.39739138888889
 30
0.0
  0
VERTEX
  5
146
330
135
100
AcDbEntity
  8
DEFAULT
 62
     1
100
AcDbVertex
100
AcDb2dVertex
 10
173.4890202777778
 20
89.97798305555555
 30
0.0
  0
SEQEND
  5
147
330
135
100
AcDbEntity
  8
DEFAULT
 62
     1
  0
SPLINE
  5
148
330
1F
100
AcDbEntity
  8
DEFAULT
 62
     1
100
AcDbSpline
210
0.0
220
0.0
230
1.0
 70
    11
 71
     3
 72
    17
 73
    13
 74
     0
 42
0.000000001
 43
0.0000000001
 40
0.0
 40
0.0
 40
0.0
 40
0.0
 40
1.0
 40
1.0
 40
1.0
 40
2.0
 40
2.0
 40
2.0
 40
3.0
 40
3.0
 40
3.0
 40
4.0
 40
4.0
 40
4.0
 40
4.0
 10
213.7021944444444
 20
79.64353444444444
 30
0.0
 10
213.7021944444444
 20
82.48692333333332
 30
0.0
 10
216.0026583333333
 20
84.79056222222222
 30
0.0
 10
218.8456944444444
 20
84.79056222222222
 30
0.0
 10
221.6855555555555
 20
84.79056222222222
 30
0.0
 10
223.9891944444444
 20
82.48692333333332
 30
0.0
 10
223.9891944444444
 20
79.64353444444444
 30
0.0
 10
223.9891944444444
 20
76.80367333333332
 30
0.0
 10
221.6855555555555
 20
74.50003444444444
 30
0.0
 10
218.8456944444444
 20
74.50003444444444
 30
0.0
 10
216.0026583333333
 20
74.50003444444444
 30
0.0
 10
213.7021944444444
 20
76.80367333333332
 30
0.0
 10
213.7021944444444
 20
79.64353444444444
 30
0.0
  0
POLYLINE
  5
149
330
1F
100
AcDbEntity
  8
DEFAULT
 62
     1
100
AcDb2dPolyline
 66
     1
 10
0.0
 20
0.0
 30
0.0
 70
     1
  0
VERTEX
  5
14A
330
149
100
AcDbEntity
  8
DEFAULT
 62
     1
100
AcDbVertex
100
AcDb2dVertex
 10
205.433295
 20
89.97798305555555
 30
0.0
  0
VERTEX
  5
14B
330
149
100
AcDbEntity
  8
DEFAULT
 62
     1
100
AcDbVertex
100
AcDb2dVertex
 10
205.433295
 20
84.39739138888889
 30
0.0
  0
VERTEX
  5
14C
330
149
100
AcDbEntity
  8
DEFAULT
 62
     1
100
AcDbVertex
100
AcDb2dVertex
 10
202.4946561111111
 20
84.39739138888889
 30
0.0
  0
VERTEX
  5
14D
330
149
100
AcDbEntity
  8
DEFAULT
 62
     1
100
AcDbVertex
100
AcDb2dVertex
 10
202.4946561111111
 20
78.21989972222222
 30
0.0
  0
VERTEX
  5
14E
330
149
100
AcDbEntity
  8
DEFAULT
 62
     1
100
AcDbVertex
100
AcDb2dVertex
 10
205.433295
 20
78.21989972222222
 30
0.0
  0
VERTEX
  5
14F
330
149
100
AcDbEntity
  8
DEFAULT
 62
     1
100
AcDbVertex
100
AcDb2dVertex
 10
205.433295
 20
72.00219138888889
 30
0.0
  0
VERTEX
  5
150
330
149
100
AcDbEntity
  8
DEFAULT
 62
     1
100
AcDbVertex
100
AcDb2dVertex
 10
223.9894061111111
 20
72.00219138888889
 30
0.0
  0
VERTEX
  5
151
330
149
100
AcDbEntity
  8
DEFAULT
 62
     1
100
AcDbVertex
100
AcDb2dVertex
 10
227.0479894444444
 20
74.0800525
 30
0.0
  0
VERTEX
  5
152
330
149
100
AcDbEntity
  8
DEFAULT
 62
     1
100
AcDbVertex
100
AcDb2dVertex
 10
227.0479894444444
 20
101.8895247222222
 30
0.0
  0
VERTEX
  5
153
330
149
100
AcDbEntity
  8
DEFAULT
 62
     1
100
AcDbVertex
100
AcDb2dVertex
 10
220.4930255555555
 20
101.8895247222222
 30
0.0
  0
VERTEX
  5
154
330
149
100
AcDbEntity
  8
DEFAULT
 62
     1
100
AcDbVertex
100
AcDb2dVertex
 10
220.4930255555555
 20
98.95088583333333
 30
0.0
  0
VERTEX
  5
155
330
149
100
AcDbEntity
  8
DEFAULT
 62
     1
100
AcDbVertex
100
AcDb2dVertex
 10
212.9615727777778
 20
98.95088583333333
 30
0.0
  0
VERTEX
  5
156
330
149
100
AcDbEntity
  8
DEFAULT
 62
     1
100
AcDbVertex
100
AcDb2dVertex
 10
212.9615727777778
 20
101.8895247222222
 30
0.0
  0
VERTEX
  5
157
330
149
100
AcDbEntity
  8
DEFAULT
 62
     1
100
AcDbVertex
100
AcDb2dVertex
 10
205.433295
 20
101.8895247222222
 30
0.0
  0
VERTEX
  5
158
330
149
100
AcDbEntity
  8
DEFAULT
 62
     1
100
AcDbVertex
100
AcDb2dVertex
 10
205.433295
 20
96.1590025
 30
0.0
  0
VERTEX
  5
159
330
149
100
AcDbEntity
  8
DEFAULT
 62
     1
100
AcDbVertex
100
AcDb2dVertex
 10
202.4946561111111
 20
96.1590025
 30
0.0
  0
VERTEX
  5
15A
330
149
100
AcDbEntity
  8
DEFAULT
 62
     1
100
AcDbVertex
100
AcDb2dVertex
 10
202.4946561111111
 20
89.97798305555555
 30
0.0
  0
SEQEND
  5
15B
330
149
100
AcDbEntity
  8
DEFAULT
 62
     1
  0
SPLINE
  5
15C
330
1F
100
AcDbEntity
  8
DEFAULT
 62
     1
100
AcDbSpline
210
0.0
220
0.0
230
1.0
 70
    11
 71
     3
 72
    17
 73
    13
 74
     0
 42
0.000000001
 43
0.0000000001
 40
0.0
 40
0.0
 40
0.0
 40
0.0
 40
1.0
 40
1.0
 40
1.0
 40
2.0
 40
2.0
 40
2.0
 40
3.0
 40
3.0
 40
3.0
 40
4.0
 40
4.0
 40
4.0
 40
4.0
 10
160.22828
 20
56.53193333333333
 30
0.0
 10
157.3884188888889
 20
56.53193333333333
 30
0.0
 10
155.0883077777778
 20
58.83557222222221
 30
0.0
 10
155.0883077777778
 20
61.67543333333333
 30
0.0
 10
155.0883077777778
 20
64.51882222222221
 30
0.0
 10
157.3884188888889
 20
66.81893333333332
 30
0.0
 10
160.22828
 20
66.81893333333332
 30
0.0
 10
163.0716688888889
 20
66.81893333333332
 30
0.0
 10
165.37178
 20
64.51882222222221
 30
0.0
 10
165.37178
 20
61.67543333333333
 30
0.0
 10
165.37178
 20
58.83557222222221
 30
0.0
 10
163.0716688888889
 20
56.53193333333333
 30
0.0
 10
160.22828
 20
56.53193333333333
 30
0.0
  0
POLYLINE
  5
15D
330
1F
100
AcDbEntity
  8
DEFAULT
 62
     1
100
AcDb2dPolyline
 66
     1
 10
0.0
 20
0.0
 30
0.0
 70
     1
  0
VERTEX
  5
15E
330
15D
100
AcDbEntity
  8
DEFAULT
 62
     1
100
AcDbVertex
100
AcDb2dVertex
 10
157.9228419444444
 20
40.46643333333333
 30
0.0
  0
VERTEX
  5
15F
330
15D
100
AcDbEntity
  8
DEFAULT
 62
     1
100
AcDbVertex
100
AcDb2dVertex
 10
163.6131475
 20
40.46643333333333
 30
0.0
  0
VERTEX
  5
160
330
15D
100
AcDbEntity
  8
DEFAULT
 62
     1
100
AcDbVertex
100
AcDb2dVertex
 10
163.6131475
 20
43.4086
 30
0.0
  0
VERTEX
  5
161
330
15D
100
AcDbEntity
  8
DEFAULT
 62
     1
100
AcDbVertex
100
AcDb2dVertex
 10
171.7958280555555
 20
43.4086
 30
0.0
  0
VERTEX
  5
162
330
15D
100
AcDbEntity
  8
DEFAULT
 62
     1
100
AcDbVertex
100
AcDb2dVertex
 10
171.7958280555555
 20
51.21557222222221
 30
0.0
  0
VERTEX
  5
163
330
15D
100
AcDbEntity
  8
DEFAULT
 62
     1
100
AcDbVertex
100
AcDb2dVertex
 10
168.8571891666666
 20
51.21557222222221
 30
0.0
  0
VERTEX
  5
164
330
15D
100
AcDbEntity
  8
DEFAULT
 62
     1
100
AcDbVertex
100
AcDb2dVertex
 10
168.8571891666666
 20
59.01901666666666
 30
0.0
  0
VERTEX
  5
165
330
15D
100
AcDbEntity
  8
DEFAULT
 62
     1
100
AcDbVertex
100
AcDb2dVertex
 10
171.7958280555555
 20
59.01901666666666
 30
0.0
  0
VERTEX
  5
166
330
15D
100
AcDbEntity
  8
DEFAULT
 62
     1
100
AcDbVertex
100
AcDb2dVertex
 10
171.7958280555555
 20
66.81893333333333
 30
0.0
  0
VERTEX
  5
167
330
15D
100
AcDbEntity
  8
DEFAULT
 62
     1
100
AcDbVertex
100
AcDb2dVertex
 10
168.3315502777778
 20
70.28321111111111
 30
0.0
  0
VERTEX
  5
168
330
15D
100
AcDbEntity
  8
DEFAULT
 62
     1
100
AcDbVertex
100
AcDb2dVertex
 10
154.6402447222222
 20
70.28321111111111
 30
0.0
  0
VERTEX
  5
169
330
15D
100
AcDbEntity
  8
DEFAULT
 62
     1
100
AcDbVertex
100
AcDb2dVertex
 10
151.8744669444444
 20
67.51037777777778
 30
0.0
  0
VERTEX
  5
16A
330
15D
100
AcDbEntity
  8
DEFAULT
 62
     1
100
AcDbVertex
100
AcDb2dVertex
 10
151.8744669444444
 20
56.50018333333333
 30
0.0
  0
VERTEX
  5
16B
330
15D
100
AcDbEntity
  8
DEFAULT
 62
     1
100
AcDbVertex
100
AcDb2dVertex
 10
153.2573558333333
 20
55.11376666666666
 30
0.0
  0
VERTEX
  5
16C
330
15D
100
AcDbEntity
  8
DEFAULT
 62
     1
100
AcDbVertex
100
AcDb2dVertex
 10
153.2573558333333
 20
43.4086
 30
0.0
  0
VERTEX
  5
16D
330
15D
100
AcDbEntity
  8
DEFAULT
 62
     1
100
AcDbVertex
100
AcDb2dVertex
 10
157.9228419444444
 20
43.4086
 30
0.0
  0
SEQEND
  5
16E
330
15D
100
AcDbEntity
  8
DEFAULT
 62
     1
  0
SPLINE
  5
16F
330
1F
100
AcDbEntity
  8
DEFAULT
 62
     1
100
AcDbSpline
210
0.0
220
0.0
230
1.0
 70
    11
 71
     3
 72
    17
 73
    13
 74
     0
 42
0.000000001
 43
0.0000000001
 40
0.0
 40
0.0
 40
0.0
 40
0.0
 40
1.0
 40
1.0
 40
1.0
 40
2.0
 40
2.0
 40
2.0
 40
3.0
 40
3.0
 40
3.0
 40
4.0
 40
4.0
 40
4.0
 40
4.0
 10
180.0189722222222
 20
61.67546861111111
 30
0.0
 10
180.0189722222222
 20
64.5188575
 30
0.0
 10
182.3190833333333
 20
66.81896861111112
 30
0.0
 10
185.1624722222222
 20
66.81896861111112
 30
0.0
 10
188.0023333333334
 20
66.81896861111112
 30
0.0
 10
190.3024444444444
 20
64.5188575
 30
0.0
 10
190.3024444444444
 20
61.67546861111111
 30
0.0
 10
190.3024444444444
 20
58.83560749999999
 30
0.0
 10
188.0023333333334
 20
56.5319686111111
 30
0.0
 10
185.1624722222222
 20
56.5319686111111
 30
0.0
 10
182.3190833333333
 20
56.5319686111111
 30
0.0
 10
180.0189722222222
 20
58.83560749999999
 30
0.0
 10
180.0189722222222
 20
61.67546861111111
 30
0.0
  0
POLYLINE
  5
170
330
1F
100
AcDbEntity
  8
DEFAULT
 62
     1
100
AcDb2dPolyline
 66
     1
 10
0.0
 20
0.0
 30
0.0
 70
     1
  0
VERTEX
  5
171
330
170
100
AcDbEntity
  8
DEFAULT
 62
     1
100
AcDbVertex
100
AcDb2dVertex
 10
187.4679808333333
 20
43.40856472222222
 30
0.0
  0
VERTEX
  5
172
330
170
100
AcDbEntity
  8
DEFAULT
 62
     1
100
AcDbVertex
100
AcDb2dVertex
 10
192.1334669444445
 20
43.40856472222222
 30
0.0
  0
VERTEX
  5
173
330
170
100
AcDbEntity
  8
DEFAULT
 62
     1
100
AcDbVertex
100
AcDb2dVertex
 10
192.1334669444445
 20
55.11373138888889
 30
0.0
  0
VERTEX
  5
174
330
170
100
AcDbEntity
  8
DEFAULT
 62
     1
100
AcDbVertex
100
AcDb2dVertex
 10
193.5163558333333
 20
56.50014805555554
 30
0.0
  0
VERTEX
  5
175
330
170
100
AcDbEntity
  8
DEFAULT
 62
     1
100
AcDbVertex
100
AcDb2dVertex
 10
193.5163558333333
 20
67.5103425
 30
0.0
  0
VERTEX
  5
176
330
170
100
AcDbEntity
  8
DEFAULT
 62
     1
100
AcDbVertex
100
AcDb2dVertex
 10
190.7505780555555
 20
70.28317583333333
 30
0.0
  0
VERTEX
  5
177
330
170
100
AcDbEntity
  8
DEFAULT
 62
     1
100
AcDbVertex
100
AcDb2dVertex
 10
177.0592725
 20
70.28317583333333
 30
0.0
  0
VERTEX
  5
178
330
170
100
AcDbEntity
  8
DEFAULT
 62
     1
100
AcDbVertex
100
AcDb2dVertex
 10
173.5949947222222
 20
66.81889805555555
 30
0.0
  0
VERTEX
  5
179
330
170
100
AcDbEntity
  8
DEFAULT
 62
     1
100
AcDbVertex
100
AcDb2dVertex
 10
173.5949947222222
 20
59.01898138888888
 30
0.0
  0
VERTEX
  5
17A
330
170
100
AcDbEntity
  8
DEFAULT
 62
     1
100
AcDbVertex
100
AcDb2dVertex
 10
176.5336336111111
 20
59.01898138888888
 30
0.0
  0
VERTEX
  5
17B
330
170
100
AcDbEntity
  8
DEFAULT
 62
     1
100
AcDbVertex
100
AcDb2dVertex
 10
176.5336336111111
 20
51.21553694444444
 30
0.0
  0
VERTEX
  5
17C
330
170
100
AcDbEntity
  8
DEFAULT
 62
     1
100
AcDbVertex
100
AcDb2dVertex
 10
173.5949947222222
 20
51.21553694444444
 30
0.0
  0
VERTEX
  5
17D
330
170
100
AcDbEntity
  8
DEFAULT
 62
     1
100
AcDbVertex
100
AcDb2dVertex
 10
173.5949947222222
 20
43.40856472222222
 30
0.0
  0
VERTEX
  5
17E
330
170
100
AcDbEntity
  8
DEFAULT
 62
     1
100
AcDbVertex
100
AcDb2dVertex
 10
181.7776752777778
 20
43.40856472222222
 30
0.0
  0
VERTEX
  5
17F
330
170
100
AcDbEntity
  8
DEFAULT
 62
     1
100
AcDbVertex
100
AcDb2dVertex
 10
181.7776752777778
 20
40.46639805555555
 30
0.0
  0
VERTEX
  5
180
330
170
100
AcDbEntity
  8
DEFAULT
 62
     1
100
AcDbVertex
100
AcDb2dVertex
 10
187.4679808333333
 20
40.46639805555555
 30
0.0
  0
SEQEND
  5
181
330
170
100
AcDbEntity
  8
DEFAULT
 62
     1
  0
POLYLINE
  5
182
330
1F
100
AcDbEntity
  8
DEFAULT
 62
     1
100
AcDb2dPolyline
 66
     1
 10
0.0
 20
0.0
 30
0.0
 70
     1
  0
VERTEX
  5
183
330
182
100
AcDbEntity
  8
DEFAULT
 62
     1
100
AcDbVertex
100
AcDb2dVertex
 10
395.8131388888888
 20
5.827888888888888
 30
0.0
  0
VERTEX
  5
184
330
182
100
AcDbEntity
  8
DEFAULT
 62
     1
100
AcDbVertex
100
AcDb2dVertex
 10
295.8133388888889
 20
5.827888888888888
 30
0.0
  0
VERTEX
  5
185
330
182
100
AcDbEntity
  8
DEFAULT
 62
     1
100
AcDbVertex
100
AcDb2dVertex
 10
295.8133388888889
 20
105.8276888888889
 30
0.0
  0
VERTEX
  5
186
330
182
100
AcDbEntity
  8
DEFAULT
 62
     1
100
AcDbVertex
100
AcDb2dVertex
 10
395.8131388888888
 20
105.8276888888889
 30
0.0
  0
SEQEND
  5
187
330
182
100
AcDbEntity
  8
DEFAULT
 62
     1
  0
POLYLINE
  5
188
330
1F
100
AcDbEntity
  8
DEFAULT
 62
     1
100
AcDb2dPolyline
 66
     1
 10
0.0
 20
0.0
 30
0.0
 70
     1
  0
VERTEX
  5
189
330
188
100
AcDbEntity
  8
DEFAULT
 62
     1
100
AcDbVertex
100
AcDb2dVertex
 10
358.4218694444444
 20
43.12330861111111
 30
0.0
  0
VERTEX
  5
18A
330
188
100
AcDbEntity
  8
DEFAULT
 62
     1
100
AcDbVertex
100
AcDb2dVertex
 10
353.0289555555555
 20
43.12330861111111
 30
0.0
  0
VERTEX
  5
18B
330
188
100
AcDbEntity
  8
DEFAULT
 62
     1
100
AcDbVertex
100
AcDb2dVertex
 10
353.0289555555555
 20
40.18466972222222
 30
0.0
  0
VERTEX
  5
18C
330
188
100
AcDbEntity
  8
DEFAULT
 62
     1
100
AcDbVertex
100
AcDb2dVertex
 10
344.69705
 20
40.18466972222222
 30
0.0
  0
VERTEX
  5
18D
330
188
100
AcDbEntity
  8
DEFAULT
 62
     1
100
AcDbVertex
100
AcDb2dVertex
 10
344.69705
 20
49.98236694444444
 30
0.0
  0
VERTEX
  5
18E
330
188
100
AcDbEntity
  8
DEFAULT
 62
     1
100
AcDbVertex
100
AcDb2dVertex
 10
347.6392166666666
 20
49.98236694444444
 30
0.0
  0
VERTEX
  5
18F
330
188
100
AcDbEntity
  8
DEFAULT
 62
     1
100
AcDbVertex
100
AcDb2dVertex
 10
347.6392166666666
 20
60.76325583333333
 30
0.0
  0
VERTEX
  5
190
330
188
100
AcDbEntity
  8
DEFAULT
 62
     1
100
AcDbVertex
100
AcDb2dVertex
 10
344.69705
 20
60.76325583333333
 30
0.0
  0
VERTEX
  5
191
330
188
100
AcDbEntity
  8
DEFAULT
 62
     1
100
AcDbVertex
100
AcDb2dVertex
 10
344.69705
 20
70.5648336111111
 30
0.0
  0
VERTEX
  5
192
330
188
100
AcDbEntity
  8
DEFAULT
 62
     1
100
AcDbVertex
100
AcDb2dVertex
 10
353.0289555555555
 20
70.5648336111111
 30
0.0
  0
VERTEX
  5
193
330
188
100
AcDbEntity
  8
DEFAULT
 62
     1
100
AcDbVertex
100
AcDb2dVertex
 10
353.0289555555555
 20
67.62266694444445
 30
0.0
  0
VERTEX
  5
194
330
188
100
AcDbEntity
  8
DEFAULT
 62
     1
100
AcDbVertex
100
AcDb2dVertex
 10
358.4218694444444
 20
67.62266694444445
 30
0.0
  0
VERTEX
  5
195
330
188
100
AcDbEntity
  8
DEFAULT
 62
     1
100
AcDbVertex
100
AcDb2dVertex
 10
358.4218694444444
 20
70.5648336111111
 30
0.0
  0
VERTEX
  5
196
330
188
100
AcDbEntity
  8
DEFAULT
 62
     1
100
AcDbVertex
100
AcDb2dVertex
 10
365.7719944444444
 20
70.5648336111111
 30
0.0
  0
VERTEX
  5
197
330
188
100
AcDbEntity
  8
DEFAULT
 62
     1
100
AcDbVertex
100
AcDb2dVertex
 10
366.4634388888889
 20
69.87021416666666
 30
0.0
  0
VERTEX
  5
198
330
188
100
AcDbEntity
  8
DEFAULT
 62
     1
100
AcDbVertex
100
AcDb2dVertex
 10
366.4634388888889
 20
65.3754725
 30
0.0
  0
VERTEX
  5
199
330
188
100
AcDbEntity
  8
DEFAULT
 62
     1
100
AcDbVertex
100
AcDb2dVertex
 10
365.7719944444444
 20
64.68438083333334
 30
0.0
  0
VERTEX
  5
19A
330
188
100
AcDbEntity
  8
DEFAULT
 62
     1
100
AcDbVertex
100
AcDb2dVertex
 10
359.8911888888888
 20
64.68438083333334
 30
0.0
  0
VERTEX
  5
19B
330
188
100
AcDbEntity
  8
DEFAULT
 62
     1
100
AcDbVertex
100
AcDb2dVertex
 10
359.8911888888888
 20
58.8000475
 30
0.0
  0
VERTEX
  5
19C
330
188
100
AcDbEntity
  8
DEFAULT
 62
     1
100
AcDbVertex
100
AcDb2dVertex
 10
363.8116083333333
 20
58.8000475
 30
0.0
  0
VERTEX
  5
19D
330
188
100
AcDbEntity
  8
DEFAULT
 62
     1
100
AcDbVertex
100
AcDb2dVertex
 10
364.5030527777778
 20
58.10860305555555
 30
0.0
  0
VERTEX
  5
19E
330
188
100
AcDbEntity
  8
DEFAULT
 62
     1
100
AcDbVertex
100
AcDb2dVertex
 10
364.5030527777778
 20
52.63419749999999
 30
0.0
  0
VERTEX
  5
19F
330
188
100
AcDbEntity
  8
DEFAULT
 62
     1
100
AcDbVertex
100
AcDb2dVertex
 10
363.8116083333333
 20
51.93922527777777
 30
0.0
  0
VERTEX
  5
1A0
330
188
100
AcDbEntity
  8
DEFAULT
 62
     1
100
AcDbVertex
100
AcDb2dVertex
 10
359.8911888888888
 20
51.93922527777777
 30
0.0
  0
VERTEX
  5
1A1
330
188
100
AcDbEntity
  8
DEFAULT
 62
     1
100
AcDbVertex
100
AcDb2dVertex
 10
359.8911888888888
 20
46.06230027777777
 30
0.0
  0
VERTEX
  5
1A2
330
188
100
AcDbEntity
  8
DEFAULT
 62
     1
100
AcDbVertex
100
AcDb2dVertex
 10
365.7719944444444
 20
46.06230027777777
 30
0.0
  0
VERTEX
  5
1A3
330
188
100
AcDbEntity
  8
DEFAULT
 62
     1
100
AcDbVertex
100
AcDb2dVertex
 10
366.4634388888889
 20
45.37050305555555
 30
0.0
  0
VERTEX
  5
1A4
330
188
100
AcDbEntity
  8
DEFAULT
 62
     1
100
AcDbVertex
100
AcDb2dVertex
 10
366.4634388888889
 20
40.87611416666666
 30
0.0
  0
VERTEX
  5
1A5
330
188
100
AcDbEntity
  8
DEFAULT
 62
     1
100
AcDbVertex
100
AcDb2dVertex
 10
365.7719944444444
 20
40.18466972222222
 30
0.0
  0
VERTEX
  5
1A6
330
188
100
AcDbEntity
  8
DEFAULT
 62
     1
100
AcDbVertex
100
AcDb2dVertex
 10
358.4218694444444
 20
40.18466972222222
 30
0.0
  0
SEQEND
  5
1A7
330
188
100
AcDbEntity
  8
DEFAULT
 62
     1
  0
SPLINE
  5
1A8
330
1F
100
AcDbEntity
  8
DEFAULT
 62
     1
100
AcDbSpline
210
0.0
220
0.0
230
1.0
 70
    11
 71
     3
 72
    80
 73
    76
 74
     0
 42
0.000000001
 43
0.0000000001
 40
53.51047247969318
 40
53.51047247969318
 40
53.51047247969318
 40
53.51047247969318
 40
54.51047247969318
 40
54.51047247969318
 40
54.51047247969318
 40
56.74547247969318
 40
56.74547247969318
 40
56.74547247969318
 40
75.35448217929842
 40
75.35448217929842
 40
75.35448217929842
 40
80.91048217929841
 40
80.91048217929841
 40
80.91048217929841
 40
128.1374821792984
 40
128.1374821792984
 40
128.1374821792984
 40
133.6934821792984
 40
133.6934821792984
 40
133.6934821792984
 40
152.3034821792983
 40
152.3034821792983
 40
152.3034821792983
 40
154.5274821792983
 40
154.5274821792983
 40
154.5274821792983
 40
155.5274821792983
 40
155.5274821792983
 40
155.5274821792983
 40
195.1542565244302
 40
195.1542565244302
 40
195.1542565244302
 40
196.1542565244302
 40
196.1542565244302
 40
196.1542565244302
 40
197.1542565244302
 40
197.1542565244302
 40
197.1542565244302
 40
236.7807779715622
 40
236.7807779715622
 40
236.7807779715622
 40
237.7807779715622
 40
237.7807779715622
 40
237.7807779715622
 40
240.0137779715622
 40
240.0137779715622
 40
240.0137779715622
 40
258.6237801478113
 40
258.6237801478113
 40
258.6237801478113
 40
264.1807801478113
 40
264.1807801478113
 40
264.1807801478113
 40
311.4077801478113
 40
311.4077801478113
 40
311.4077801478113
 40
316.9547801478113
 40
316.9547801478113
 40
316.9547801478113
 40
335.5637801478113
 40
335.5637801478113
 40
335.5637801478113
 40
337.7897801478113
 40
337.7897801478113
 40
337.7897801478113
 40
338.7897801478113
 40
338.7897801478113
 40
338.7897801478113
 40
392.3004606237687
 40
392.3004606237687
 40
392.3004606237687
 40
401.1874606237687
 40
401.1874606237687
 40
401.1874606237687
 40
454.6979331034619
 40
454.6979331034619
 40
454.6979331034619
 40
454.6979331034619
 10
328.5160505555555
 20
18.58525055555555
 30
0.0
 10
327.0883588888888
 20
21.13618666666667
 30
0.0
 10
330.8669616666666
 20
22.31234777777777
 30
0.0
 10
332.4918561111111
 20
22.31234777777777
 30
0.0
 10
332.4918561111111
 20
22.04952833333333
 30
0.0
 10
332.4918561111111
 20
21.78670888888889
 30
0.0
 10
332.4918561111111
 20
21.52388944444444
 30
0.0
 10
334.6801366666666
 20
21.5261237037037
 30
0.0
 10
336.8684172222222
 20
21.52835796296296
 30
0.0
 10
339.0566977777777
 20
21.53059222222222
 30
0.0
 10
339.0566977777777
 20
22.18393666666666
 30
0.0
 10
339.0566977777777
 20
22.83728111111111
 30
0.0
 10
339.0566977777777
 20
23.49062555555555
 30
0.0
 10
344.6102431481481
 20
23.49062555555555
 30
0.0
 10
350.1637885185185
 20
23.49062555555555
 30
0.0
 10
355.7173338888888
 20
23.49062555555555
 30
0.0
 10
355.7173338888888
 20
22.83728111111111
 30
0.0
 10
355.7173338888888
 20
22.18393666666666
 30
0.0
 10
355.7173338888888
 20
21.53059222222222
 30
0.0
 10
357.905732037037
 20
21.53059222222221
 30
0.0
 10
360.0941301851851
 20
21.53059222222221
 30
0.0
 10
362.2825283333332
 20
21.53059222222222
 30
0.0
 10
362.2825283333332
 20
21.79211814814815
 30
0.0
 10
362.2825283333332
 20
22.05364407407407
 30
0.0
 10
362.2825283333332
 20
22.31517
 30
0.0
 10
363.9077755555555
 20
22.31517
 30
0.0
 10
367.6863783333333
 20
21.14006722222222
 30
0.0
 10
366.2583338888889
 20
18.58877833333333
 30
0.0
 10
361.6003737037037
 20
18.45730981481481
 30
0.0
 10
356.9424135185184
 20
18.3258412962963
 30
0.0
 10
352.2844533333333
 20
18.19437277777778
 30
0.0
 10
351.4201477777777
 20
18.19437277777778
 30
0.0
 10
350.7184727777777
 20
17.49269777777777
 30
0.0
 10
350.7184727777777
 20
16.62486444444444
 30
0.0
 10
350.7184727777777
 20
15.76055888888889
 30
0.0
 10
351.4201477777777
 20
15.05923666666667
 30
0.0
 10
352.2844533333333
 20
15.05923666666667
 30
0.0
 10
356.9424135185184
 20
14.92882648148148
 30
0.0
 10
361.6003737037037
 20
14.7984162962963
 30
0.0
 10
366.2583338888889
 20
14.66800611111111
 30
0.0
 10
367.6863783333333
 20
12.11636444444444
 30
0.0
 10
363.9077755555555
 20
10.94161444444444
 30
0.0
 10
362.2825283333332
 20
10.94161444444444
 30
0.0
 10
362.2825283333332
 20
11.2041987037037
 30
0.0
 10
362.2825283333332
 20
11.46678296296296
 30
0.0
 10
362.2825283333332
 20
11.72936722222222
 30
0.0
 10
360.0941301851851
 20
11.72830888888888
 30
0.0
 10
357.905732037037
 20
11.72725055555555
 30
0.0
 10
355.7173338888888
 20
11.72619222222222
 30
0.0
 10
355.7173338888888
 20
11.07273018518518
 30
0.0
 10
355.7173338888888
 20
10.41926814814815
 30
0.0
 10
355.7173338888888
 20
9.765806111111111
 30
0.0
 10
350.1637885185185
 20
9.765806111111111
 30
0.0
 10
344.6102431481481
 20
9.765806111111111
 30
0.0
 10
339.0566977777777
 20
9.765806111111111
 30
0.0
 10
339.0566977777777
 20
10.41809222222222
 30
0.0
 10
339.0566977777777
 20
11.07037833333333
 30
0.0
 10
339.0566977777777
 20
11.72266444444445
 30
0.0
 10
336.8684172222222
 20
11.72266444444445
 30
0.0
 10
334.6801366666666
 20
11.72266444444445
 30
0.0
 10
332.4918561111111
 20
11.72266444444445
 30
0.0
 10
332.4918561111111
 20
11.46090333333333
 30
0.0
 10
332.4918561111111
 20
11.19914222222222
 30
0.0
 10
332.4918561111111
 20
10.93738111111111
 30
0.0
 10
330.8669616666666
 20
10.93738111111111
 30
0.0
 10
327.0883588888888
 20
12.11354222222222
 30
0.0
 10
328.5160505555555
 20
14.66483111111111
 30
0.0
 10
334.8071366666666
 20
14.79629962962963
 30
0.0
 10
341.0982227777778
 20
14.92776814814815
 30
0.0
 10
347.3893088888889
 20
15.05923666666667
 30
0.0
 10
347.3893088888888
 20
16.10428203703704
 30
0.0
 10
347.3893088888888
 20
17.14932740740741
 30
0.0
 10
347.3893088888889
 20
18.19437277777778
 30
0.0
 10
341.0982227777778
 20
18.32466537037037
 30
0.0
 10
334.8071366666666
 20
18.45495796296296
 30
0.0
 10
328.5160505555555
 20
18.58525055555555
 30
0.0
  0
SPLINE
  5
1A9
330
1F
100
AcDbEntity
  8
DEFAULT
 62
     1
100
AcDbSpline
210
0.0
220
0.0
230
1.0
 70
    11
 71
     3
 72
    80
 73
    76
 74
     0
 42
0.000000001
 43
0.0000000001
 40
53.51047247969318
 40
53.51047247969318
 40
53.51047247969318
 40
53.51047247969318
 40
54.51047247969318
 40
54.51047247969318
 40
54.51047247969318
 40
56.74547247969318
 40
56.74547247969318
 40
56.74547247969318
 40
75.35448217929842
 40
75.35448217929842
 40
75.35448217929842
 40
80.91048217929841
 40
80.91048217929841
 40
80.91048217929841
 40
128.1374821792984
 40
128.1374821792984
 40
128.1374821792984
 40
133.6934821792984
 40
133.6934821792984
 40
133.6934821792984
 40
152.3034821792984
 40
152.3034821792984
 40
152.3034821792984
 40
154.5274821792984
 40
154.5274821792984
 40
154.5274821792984
 40
155.5274821792984
 40
155.5274821792984
 40
155.5274821792984
 40
195.1542565244302
 40
195.1542565244302
 40
195.1542565244302
 40
196.1542565244302
 40
196.1542565244302
 40
196.1542565244302
 40
197.1542565244302
 40
197.1542565244302
 40
197.1542565244302
 40
236.7807779715621
 40
236.7807779715621
 40
236.7807779715621
 40
237.7807779715621
 40
237.7807779715621
 40
237.7807779715621
 40
240.0137779715621
 40
240.0137779715621
 40
240.0137779715621
 40
258.6237801478113
 40
258.6237801478113
 40
258.6237801478113
 40
264.1807801478113
 40
264.1807801478113
 40
264.1807801478113
 40
311.4077801478113
 40
311.4077801478113
 40
311.4077801478113
 40
316.9547801478112
 40
316.9547801478112
 40
316.9547801478112
 40
335.5637801478113
 40
335.5637801478113
 40
335.5637801478113
 40
337.7897801478113
 40
337.7897801478113
 40
337.7897801478113
 40
338.7897801478113
 40
338.7897801478113
 40
338.7897801478113
 40
392.3004606237686
 40
392.3004606237686
 40
392.3004606237686
 40
401.1874606237686
 40
401.1874606237686
 40
401.1874606237686
 40
454.6979331034618
 40
454.6979331034618
 40
454.6979331034618
 40
454.6979331034618
 10
366.2587925
 20
29.92790277777777
 30
0.0
 10
367.6864841666666
 20
27.37696666666666
 30
0.0
 10
363.9078813888888
 20
26.20080555555555
 30
0.0
 10
362.2829869444444
 20
26.20080555555555
 30
0.0
 10
362.2829869444444
 20
26.46362499999999
 30
0.0
 10
362.2829869444444
 20
26.72644444444444
 30
0.0
 10
362.2829869444444
 20
26.98926388888889
 30
0.0
 10
360.0947063888889
 20
26.98702962962963
 30
0.0
 10
357.9064258333333
 20
26.98479537037037
 30
0.0
 10
355.7181452777778
 20
26.98256111111111
 30
0.0
 10
355.7181452777778
 20
26.32921666666666
 30
0.0
 10
355.7181452777778
 20
25.67587222222221
 30
0.0
 10
355.7181452777778
 20
25.02252777777777
 30
0.0
 10
350.1645999074074
 20
25.02252777777777
 30
0.0
 10
344.611054537037
 20
25.02252777777777
 30
0.0
 10
339.0575091666666
 20
25.02252777777777
 30
0.0
 10
339.0575091666666
 20
25.67587222222221
 30
0.0
 10
339.0575091666666
 20
26.32921666666666
 30
0.0
 10
339.0575091666666
 20
26.98256111111111
 30
0.0
 10
336.8691110185185
 20
26.98256111111111
 30
0.0
 10
334.6807128703703
 20
26.98256111111111
 30
0.0
 10
332.4923147222222
 20
26.98256111111111
 30
0.0
 10
332.4923147222222
 20
26.72103518518518
 30
0.0
 10
332.4923147222222
 20
26.45950925925926
 30
0.0
 10
332.4923147222222
 20
26.19798333333333
 30
0.0
 10
330.8667147222222
 20
26.19798333333333
 30
0.0
 10
327.0884647222222
 20
27.3730861111111
 30
0.0
 10
328.5165091666667
 20
29.92437499999999
 30
0.0
 10
333.1744693518518
 20
30.05584351851851
 30
0.0
 10
337.832429537037
 20
30.18731203703703
 30
0.0
 10
342.4903897222222
 20
30.31878055555555
 30
0.0
 10
343.3546952777778
 20
30.31878055555555
 30
0.0
 10
344.0563702777777
 20
31.02045555555555
 30
0.0
 10
344.0563702777777
 20
31.88828888888888
 30
0.0
 10
344.0563702777777
 20
32.75259444444444
 30
0.0
 10
343.3546952777778
 20
33.45391666666666
 30
0.0
 10
342.4903897222222
 20
33.45391666666666
 30
0.0
 10
337.832429537037
 20
33.58432685185185
 30
0.0
 10
333.1744693518518
 20
33.71473703703703
 30
0.0
 10
328.5165091666667
 20
33.84514722222222
 30
0.0
 10
327.0884647222222
 20
36.39678888888889
 30
0.0
 10
330.8667147222222
 20
37.57153888888888
 30
0.0
 10
332.4923147222222
 20
37.57153888888888
 30
0.0
 10
332.4923147222222
 20
37.30895462962962
 30
0.0
 10
332.4923147222222
 20
37.04637037037037
 30
0.0
 10
332.4923147222222
 20
36.78378611111111
 30
0.0
 10
334.6807128703703
 20
36.78484444444444
 30
0.0
 10
336.8691110185185
 20
36.78590277777777
 30
0.0
 10
339.0575091666666
 20
36.7869611111111
 30
0.0
 10
339.0575091666666
 20
37.44042314814814
 30
0.0
 10
339.0575091666666
 20
38.09388518518518
 30
0.0
 10
339.0575091666666
 20
38.74734722222222
 30
0.0
 10
344.611054537037
 20
38.74734722222222
 30
0.0
 10
350.1645999074074
 20
38.74734722222222
 30
0.0
 10
355.7181452777778
 20
38.74734722222222
 30
0.0
 10
355.7181452777778
 20
38.09506111111111
 30
0.0
 10
355.7181452777778
 20
37.442775
 30
0.0
 10
355.7181452777778
 20
36.79048888888889
 30
0.0
 10
357.9064258333333
 20
36.79048888888889
 30
0.0
 10
360.0947063888889
 20
36.79048888888889
 30
0.0
 10
362.2829869444444
 20
36.79048888888889
 30
0.0
 10
362.2829869444444
 20
37.05224999999999
 30
0.0
 10
362.2829869444444
 20
37.31401111111111
 30
0.0
 10
362.2829869444444
 20
37.57577222222222
 30
0.0
 10
363.9078813888888
 20
37.57577222222222
 30
0.0
 10
367.6864841666666
 20
36.39961111111111
 30
0.0
 10
366.2587925
 20
33.84832222222222
 30
0.0
 10
359.9677063888889
 20
33.7168537037037
 30
0.0
 10
353.6766202777778
 20
33.58538518518518
 30
0.0
 10
347.3855341666666
 20
33.45391666666666
 30
0.0
 10
347.3855341666666
 20
32.4088712962963
 30
0.0
 10
347.3855341666666
 20
31.36382592592593
 30
0.0
 10
347.3855341666666
 20
30.31878055555555
 30
0.0
 10
353.6766202777778
 20
30.18848796296296
 30
0.0
 10
359.9677063888889
 20
30.05819537037037
 30
0.0
 10
366.2587925
 20
29.92790277777777
 30
0.0
  0
SPLINE
  5
1AA
330
1F
100
AcDbEntity
  8
DEFAULT
 62
     1
100
AcDbSpline
210
0.0
220
0.0
230
1.0
 70
    11
 71
     3
 72
    17
 73
    13
 74
     0
 42
0.000000001
 43
0.0000000001
 40
0.0
 40
0.0
 40
0.0
 40
0.0
 40
1.0
 40
1.0
 40
1.0
 40
2.0
 40
2.0
 40
2.0
 40
3.0
 40
3.0
 40
3.0
 40
4.0
 40
4.0
 40
4.0
 40
4.0
 10
344.2828536111111
 20
91.05473138888887
 30
0.0
 10
343.1730147222222
 20
91.05473138888887
 30
0.0
 10
342.2709619444444
 20
91.95678416666665
 30
0.0
 10
342.2709619444444
 20
93.07015083333333
 30
0.0
 10
342.2709619444444
 20
94.18034249999998
 30
0.0
 10
343.1730147222222
 20
95.08239527777775
 30
0.0
 10
344.2828536111111
 20
95.08239527777775
 30
0.0
 10
345.3962202777777
 20
95.08239527777775
 30
0.0
 10
346.2986258333333
 20
94.18034249999998
 30
0.0
 10
346.2986258333333
 20
93.07015083333333
 30
0.0
 10
346.2986258333333
 20
91.95678416666665
 30
0.0
 10
345.3962202777777
 20
91.05473138888887
 30
0.0
 10
344.2828536111111
 20
91.05473138888887
 30
0.0
  0
SPLINE
  5
1AB
330
1F
100
AcDbEntity
  8
DEFAULT
 62
     1
100
AcDbSpline
210
0.0
220
0.0
230
1.0
 70
    11
 71
     3
 72
    29
 73
    25
 74
     0
 42
0.000000001
 43
0.0000000001
 40
0.0
 40
0.0
 40
0.0
 40
0.0
 40
5.154000000000025
 40
5.154000000000025
 40
5.154000000000025
 40
6.154000000000025
 40
6.154000000000025
 40
6.154000000000025
 40
7.154000000000025
 40
7.154000000000025
 40
7.154000000000025
 40
8.154000000000025
 40
8.154000000000025
 40
8.154000000000025
 40
9.154000000000025
 40
9.154000000000025
 40
9.154000000000025
 40
14.31800000000007
 40
14.31800000000007
 40
14.31800000000007
 40
15.31800000000007
 40
15.31800000000007
 40
15.31800000000007
 40
16.31800000000007
 40
16.31800000000007
 40
16.31800000000007
 40
16.31800000000007
 10
337.1511686111111
 20
90.04187111111109
 30
0.0
 10
337.1511686111111
 20
90.64794333333333
 30
0.0
 10
337.1511686111111
 20
91.25401555555555
 30
0.0
 10
337.1511686111111
 20
91.86008777777778
 30
0.0
 10
337.2026741666666
 20
91.88125444444444
 30
0.0
 10
337.2474769444444
 20
91.90206833333332
 30
0.0
 10
337.2961602777777
 20
91.92993777777777
 30
0.0
 10
337.7007963888889
 20
92.14724888888887
 30
0.0
 10
337.9696130555556
 20
92.57622666666666
 30
0.0
 10
337.9696130555556
 20
93.06694055555555
 30
0.0
 10
337.9696130555556
 20
93.55800722222222
 30
0.0
 10
337.7007963888889
 20
93.9866322222222
 30
0.0
 10
337.2961602777777
 20
94.20817666666665
 30
0.0
 10
337.2474769444444
 20
94.23251833333332
 30
0.0
 10
337.2026741666666
 20
94.25262666666666
 30
0.0
 10
337.1511686111111
 20
94.27344055555554
 30
0.0
 10
337.1511686111111
 20
94.88068870370368
 30
0.0
 10
337.1511686111111
 20
95.48793685185183
 30
0.0
 10
337.1511686111111
 20
96.095185
 30
0.0
 10
338.6166075
 20
95.86729055555554
 30
0.0
 10
339.7366769444444
 20
94.59482111111109
 30
0.0
 10
339.7366769444444
 20
93.06694055555555
 30
0.0
 10
339.7366769444444
 20
91.53870722222221
 30
0.0
 10
338.6166075
 20
90.26976555555554
 30
0.0
 10
337.1511686111111
 20
90.04187111111109
 30
0.0
  0
SPLINE
  5
1AC
330
1F
100
AcDbEntity
  8
DEFAULT
 62
     1
100
AcDbSpline
210
0.0
220
0.0
230
1.0
 70
    11
 71
     3
 72
    29
 73
    25
 74
     0
 42
0.000000001
 43
0.0000000001
 40
0.0
 40
0.0
 40
0.0
 40
0.0
 40
1.0
 40
1.0
 40
1.0
 40
2.0
 40
2.0
 40
2.0
 40
3.0
 40
3.0
 40
3.0
 40
4.0
 40
4.0
 40
4.0
 40
9.186000000000007
 40
9.186000000000007
 40
9.186000000000007
 40
10.18600000000001
 40
10.18600000000001
 40
10.18600000000001
 40
11.18600000000001
 40
11.18600000000001
 40
11.18600000000001
 40
16.36199999999999
 40
16.36199999999999
 40
16.36199999999999
 40
16.36199999999999
 10
336.1586283333333
 20
94.2593647222222
 30
0.0
 10
336.1028894444444
 20
94.23255361111109
 30
0.0
 10
336.0510311111111
 20
94.2039786111111
 30
0.0
 10
335.9998783333332
 20
94.16940638888887
 30
0.0
 10
335.6262866666666
 20
93.94539249999998
 30
0.0
 10
335.384281111111
 20
93.53334805555554
 30
0.0
 10
335.384281111111
 20
93.06697583333332
 30
0.0
 10
335.384281111111
 20
92.6037786111111
 30
0.0
 10
335.6262866666666
 20
92.19243972222222
 30
0.0
 10
335.9998783333332
 20
91.96772027777777
 30
0.0
 10
336.0510311111111
 20
91.93314805555553
 30
0.0
 10
336.1028894444444
 20
91.90492583333332
 30
0.0
 10
336.1586283333333
 20
91.8812897222222
 30
0.0
 10
336.1586283333333
 20
91.27145453703702
 30
0.0
 10
336.1586283333333
 20
90.66161935185183
 30
0.0
 10
336.1586283333333
 20
90.05178416666665
 30
0.0
 10
334.7168255555555
 20
90.29802305555555
 30
0.0
 10
333.6175699999999
 20
91.55285361111109
 30
0.0
 10
333.6175699999999
 20
93.06697583333332
 30
0.0
 10
333.6175699999999
 20
94.58145083333332
 30
0.0
 10
334.7168255555555
 20
95.83945638888886
 30
0.0
 10
336.1586283333333
 20
96.08534249999998
 30
0.0
 10
336.1586283333333
 20
95.47668324074073
 30
0.0
 10
336.1586283333333
 20
94.86802398148147
 30
0.0
 10
336.1586283333333
 20
94.2593647222222
 30
0.0
  0
POLYLINE
  5
1AD
330
1F
100
AcDbEntity
  8
DEFAULT
 62
     1
100
AcDb2dPolyline
 66
     1
 10
0.0
 20
0.0
 30
0.0
 70
     1
  0
VERTEX
  5
1AE
330
1AD
100
AcDbEntity
  8
DEFAULT
 62
     1
100
AcDbVertex
100
AcDb2dVertex
 10
351.7194444444444
 20
96.0087897222222
 30
0.0
  0
VERTEX
  5
1AF
330
1AD
100
AcDbEntity
  8
DEFAULT
 62
     1
100
AcDbVertex
100
AcDb2dVertex
 10
351.7194444444444
 20
101.8895952777778
 30
0.0
  0
VERTEX
  5
1B0
330
1AD
100
AcDbEntity
  8
DEFAULT
 62
     1
100
AcDbVertex
100
AcDb2dVertex
 10
343.8782527777777
 20
101.8895952777778
 30
0.0
  0
VERTEX
  5
1B1
330
1AD
100
AcDbEntity
  8
DEFAULT
 62
     1
100
AcDbVertex
100
AcDb2dVertex
 10
343.8782527777777
 20
98.94742861111109
 30
0.0
  0
VERTEX
  5
1B2
330
1AD
100
AcDbEntity
  8
DEFAULT
 62
     1
100
AcDbVertex
100
AcDb2dVertex
 10
336.0377666666666
 20
98.94742861111109
 30
0.0
  0
VERTEX
  5
1B3
330
1AD
100
AcDbEntity
  8
DEFAULT
 62
     1
100
AcDbVertex
100
AcDb2dVertex
 10
336.0377666666666
 20
101.8895952777778
 30
0.0
  0
VERTEX
  5
1B4
330
1AD
100
AcDbEntity
  8
DEFAULT
 62
     1
100
AcDbVertex
100
AcDb2dVertex
 10
328.2001027777778
 20
101.8895952777778
 30
0.0
  0
VERTEX
  5
1B5
330
1AD
100
AcDbEntity
  8
DEFAULT
 62
     1
100
AcDbVertex
100
AcDb2dVertex
 10
328.2001027777778
 20
96.0087897222222
 30
0.0
  0
VERTEX
  5
1B6
330
1AD
100
AcDbEntity
  8
DEFAULT
 62
     1
100
AcDbVertex
100
AcDb2dVertex
 10
331.1387416666666
 20
96.0087897222222
 30
0.0
  0
VERTEX
  5
1B7
330
1AD
100
AcDbEntity
  8
DEFAULT
 62
     1
100
AcDbVertex
100
AcDb2dVertex
 10
331.1387416666666
 20
90.12833694444443
 30
0.0
  0
VERTEX
  5
1B8
330
1AD
100
AcDbEntity
  8
DEFAULT
 62
     1
100
AcDbVertex
100
AcDb2dVertex
 10
328.2001027777778
 20
90.12833694444443
 30
0.0
  0
VERTEX
  5
1B9
330
1AD
100
AcDbEntity
  8
DEFAULT
 62
     1
100
AcDbVertex
100
AcDb2dVertex
 10
328.2001027777778
 20
84.24753138888887
 30
0.0
  0
VERTEX
  5
1BA
330
1AD
100
AcDbEntity
  8
DEFAULT
 62
     1
100
AcDbVertex
100
AcDb2dVertex
 10
331.1387416666666
 20
84.24753138888887
 30
0.0
  0
VERTEX
  5
1BB
330
1AD
100
AcDbEntity
  8
DEFAULT
 62
     1
100
AcDbVertex
100
AcDb2dVertex
 10
331.1387416666666
 20
78.3702536111111
 30
0.0
  0
VERTEX
  5
1BC
330
1AD
100
AcDbEntity
  8
DEFAULT
 62
     1
100
AcDbVertex
100
AcDb2dVertex
 10
328.2001027777778
 20
78.3702536111111
 30
0.0
  0
VERTEX
  5
1BD
330
1AD
100
AcDbEntity
  8
DEFAULT
 62
     1
100
AcDbVertex
100
AcDb2dVertex
 10
328.2001027777778
 20
71.9994397222222
 30
0.0
  0
VERTEX
  5
1BE
330
1AD
100
AcDbEntity
  8
DEFAULT
 62
     1
100
AcDbVertex
100
AcDb2dVertex
 10
335.5502277777777
 20
71.9994397222222
 30
0.0
  0
VERTEX
  5
1BF
330
1AD
100
AcDbEntity
  8
DEFAULT
 62
     1
100
AcDbVertex
100
AcDb2dVertex
 10
335.5502277777777
 20
84.89029249999999
 30
0.0
  0
VERTEX
  5
1C0
330
1AD
100
AcDbEntity
  8
DEFAULT
 62
     1
100
AcDbVertex
100
AcDb2dVertex
 10
338.4888666666666
 20
84.89029249999999
 30
0.0
  0
VERTEX
  5
1C1
330
1AD
100
AcDbEntity
  8
DEFAULT
 62
     1
100
AcDbVertex
100
AcDb2dVertex
 10
338.4888666666666
 20
81.9484786111111
 30
0.0
  0
VERTEX
  5
1C2
330
1AD
100
AcDbEntity
  8
DEFAULT
 62
     1
100
AcDbVertex
100
AcDb2dVertex
 10
341.4275055555555
 20
81.9484786111111
 30
0.0
  0
VERTEX
  5
1C3
330
1AD
100
AcDbEntity
  8
DEFAULT
 62
     1
100
AcDbVertex
100
AcDb2dVertex
 10
341.4275055555555
 20
84.89029249999999
 30
0.0
  0
VERTEX
  5
1C4
330
1AD
100
AcDbEntity
  8
DEFAULT
 62
     1
100
AcDbVertex
100
AcDb2dVertex
 10
344.3693194444444
 20
84.89029249999999
 30
0.0
  0
VERTEX
  5
1C5
330
1AD
100
AcDbEntity
  8
DEFAULT
 62
     1
100
AcDbVertex
100
AcDb2dVertex
 10
344.3693194444444
 20
71.9994397222222
 30
0.0
  0
VERTEX
  5
1C6
330
1AD
100
AcDbEntity
  8
DEFAULT
 62
     1
100
AcDbVertex
100
AcDb2dVertex
 10
351.7194444444444
 20
71.9994397222222
 30
0.0
  0
VERTEX
  5
1C7
330
1AD
100
AcDbEntity
  8
DEFAULT
 62
     1
100
AcDbVertex
100
AcDb2dVertex
 10
351.7194444444444
 20
78.3702536111111
 30
0.0
  0
VERTEX
  5
1C8
330
1AD
100
AcDbEntity
  8
DEFAULT
 62
     1
100
AcDbVertex
100
AcDb2dVertex
 10
348.7772777777777
 20
78.3702536111111
 30
0.0
  0
VERTEX
  5
1C9
330
1AD
100
AcDbEntity
  8
DEFAULT
 62
     1
100
AcDbVertex
100
AcDb2dVertex
 10
348.7772777777777
 20
84.24753138888887
 30
0.0
  0
VERTEX
  5
1CA
330
1AD
100
AcDbEntity
  8
DEFAULT
 62
     1
100
AcDbVertex
100
AcDb2dVertex
 10
351.7194444444444
 20
84.24753138888887
 30
0.0
  0
VERTEX
  5
1CB
330
1AD
100
AcDbEntity
  8
DEFAULT
 62
     1
100
AcDbVertex
100
AcDb2dVertex
 10
351.7194444444444
 20
90.12833694444443
 30
0.0
  0
VERTEX
  5
1CC
330
1AD
100
AcDbEntity
  8
DEFAULT
 62
     1
100
AcDbVertex
100
AcDb2dVertex
 10
348.7772777777777
 20
90.12833694444443
 30
0.0
  0
VERTEX
  5
1CD
330
1AD
100
AcDbEntity
  8
DEFAULT
 62
     1
100
AcDbVertex
100
AcDb2dVertex
 10
348.7772777777777
 20
96.0087897222222
 30
0.0
  0
SEQEND
  5
1CE
330
1AD
100
AcDbEntity
  8
DEFAULT
 62
     1
  0
POLYLINE
  5
1CF
330
1F
100
AcDbEntity
  8
DEFAULT
 62
     1
100
AcDb2dPolyline
 66
     1
 10
0.0
 20
0.0
 30
0.0
 70
     1
  0
VERTEX
  5
1D0
330
1CF
100
AcDbEntity
  8
DEFAULT
 62
     1
100
AcDbVertex
100
AcDb2dVertex
 10
245.3146111111111
 20
5.827888888888888
 30
0.0
  0
VERTEX
  5
1D1
330
1CF
100
AcDbEntity
  8
DEFAULT
 62
     1
100
AcDbVertex
100
AcDb2dVertex
 10
145.3148111111111
 20
5.827888888888888
 30
0.0
  0
VERTEX
  5
1D2
330
1CF
100
AcDbEntity
  8
DEFAULT
 62
     1
100
AcDbVertex
100
AcDb2dVertex
 10
145.3148111111111
 20
105.8276888888889
 30
0.0
  0
VERTEX
  5
1D3
330
1CF
100
AcDbEntity
  8
DEFAULT
 62
     1
100
AcDbVertex
100
AcDb2dVertex
 10
245.3146111111111
 20
105.8276888888889
 30
0.0
  0
SEQEND
  5
1D4
330
1CF
100
AcDbEntity
  8
DEFAULT
 62
     1
  0
POLYLINE
  5
1D5
330
1F
100
AcDbEntity
  8
DEFAULT
 62
     1
100
AcDb2dPolyline
 66
     1
 10
0.0
 20
0.0
 30
0.0
 70
     1
  0
VERTEX
  5
1D6
330
1D5
100
AcDbEntity
  8
DEFAULT
 62
     1
100
AcDbVertex
100
AcDb2dVertex
 10
207.9232358333333
 20
43.12330861111111
 30
0.0
  0
VERTEX
  5
1D7
330
1D5
100
AcDbEntity
  8
DEFAULT
 62
     1
100
AcDbVertex
100
AcDb2dVertex
 10
202.5303219444444
 20
43.12330861111111
 30
0.0
  0
VERTEX
  5
1D8
330
1D5
100
AcDbEntity
  8
DEFAULT
 62
     1
100
AcDbVertex
100
AcDb2dVertex
 10
202.5303219444444
 20
40.18466972222222
 30
0.0
  0
VERTEX
  5
1D9
330
1D5
100
AcDbEntity
  8
DEFAULT
 62
     1
100
AcDbVertex
100
AcDb2dVertex
 10
194.1984163888889
 20
40.18466972222222
 30
0.0
  0
VERTEX
  5
1DA
330
1D5
100
AcDbEntity
  8
DEFAULT
 62
     1
100
AcDbVertex
100
AcDb2dVertex
 10
194.1984163888889
 20
49.98236694444444
 30
0.0
  0
VERTEX
  5
1DB
330
1D5
100
AcDbEntity
  8
DEFAULT
 62
     1
100
AcDbVertex
100
AcDb2dVertex
 10
197.1405830555555
 20
49.98236694444444
 30
0.0
  0
VERTEX
  5
1DC
330
1D5
100
AcDbEntity
  8
DEFAULT
 62
     1
100
AcDbVertex
100
AcDb2dVertex
 10
197.1405830555555
 20
60.76325583333333
 30
0.0
  0
VERTEX
  5
1DD
330
1D5
100
AcDbEntity
  8
DEFAULT
 62
     1
100
AcDbVertex
100
AcDb2dVertex
 10
194.1984163888889
 20
60.76325583333333
 30
0.0
  0
VERTEX
  5
1DE
330
1D5
100
AcDbEntity
  8
DEFAULT
 62
     1
100
AcDbVertex
100
AcDb2dVertex
 10
194.1984163888889
 20
70.5648336111111
 30
0.0
  0
VERTEX
  5
1DF
330
1D5
100
AcDbEntity
  8
DEFAULT
 62
     1
100
AcDbVertex
100
AcDb2dVertex
 10
202.5303219444444
 20
70.5648336111111
 30
0.0
  0
VERTEX
  5
1E0
330
1D5
100
AcDbEntity
  8
DEFAULT
 62
     1
100
AcDbVertex
100
AcDb2dVertex
 10
202.5303219444444
 20
67.62266694444445
 30
0.0
  0
VERTEX
  5
1E1
330
1D5
100
AcDbEntity
  8
DEFAULT
 62
     1
100
AcDbVertex
100
AcDb2dVertex
 10
207.9232358333333
 20
67.62266694444445
 30
0.0
  0
VERTEX
  5
1E2
330
1D5
100
AcDbEntity
  8
DEFAULT
 62
     1
100
AcDbVertex
100
AcDb2dVertex
 10
207.9232358333333
 20
70.5648336111111
 30
0.0
  0
VERTEX
  5
1E3
330
1D5
100
AcDbEntity
  8
DEFAULT
 62
     1
100
AcDbVertex
100
AcDb2dVertex
 10
215.2733608333333
 20
70.5648336111111
 30
0.0
  0
VERTEX
  5
1E4
330
1D5
100
AcDbEntity
  8
DEFAULT
 62
     1
100
AcDbVertex
100
AcDb2dVertex
 10
215.9648052777777
 20
69.87021416666666
 30
0.0
  0
VERTEX
  5
1E5
330
1D5
100
AcDbEntity
  8
DEFAULT
 62
     1
100
AcDbVertex
100
AcDb2dVertex
 10
215.9648052777777
 20
65.3754725
 30
0.0
  0
VERTEX
  5
1E6
330
1D5
100
AcDbEntity
  8
DEFAULT
 62
     1
100
AcDbVertex
100
AcDb2dVertex
 10
215.2733608333333
 20
64.68438083333334
 30
0.0
  0
VERTEX
  5
1E7
330
1D5
100
AcDbEntity
  8
DEFAULT
 62
     1
100
AcDbVertex
100
AcDb2dVertex
 10
209.3925552777777
 20
64.68438083333334
 30
0.0
  0
VERTEX
  5
1E8
330
1D5
100
AcDbEntity
  8
DEFAULT
 62
     1
100
AcDbVertex
100
AcDb2dVertex
 10
209.3925552777777
 20
58.8000475
 30
0.0
  0
VERTEX
  5
1E9
330
1D5
100
AcDbEntity
  8
DEFAULT
 62
     1
100
AcDbVertex
100
AcDb2dVertex
 10
213.3129747222222
 20
58.8000475
 30
0.0
  0
VERTEX
  5
1EA
330
1D5
100
AcDbEntity
  8
DEFAULT
 62
     1
100
AcDbVertex
100
AcDb2dVertex
 10
214.0044191666667
 20
58.10860305555555
 30
0.0
  0
VERTEX
  5
1EB
330
1D5
100
AcDbEntity
  8
DEFAULT
 62
     1
100
AcDbVertex
100
AcDb2dVertex
 10
214.0044191666667
 20
52.63419749999999
 30
0.0
  0
VERTEX
  5
1EC
330
1D5
100
AcDbEntity
  8
DEFAULT
 62
     1
100
AcDbVertex
100
AcDb2dVertex
 10
213.3129747222222
 20
51.93922527777777
 30
0.0
  0
VERTEX
  5
1ED
330
1D5
100
AcDbEntity
  8
DEFAULT
 62
     1
100
AcDbVertex
100
AcDb2dVertex
 10
209.3925552777777
 20
51.93922527777777
 30
0.0
  0
VERTEX
  5
1EE
330
1D5
100
AcDbEntity
  8
DEFAULT
 62
     1
100
AcDbVertex
100
AcDb2dVertex
 10
209.3925552777777
 20
46.06230027777777
 30
0.0
  0
VERTEX
  5
1EF
330
1D5
100
AcDbEntity
  8
DEFAULT
 62
     1
100
AcDbVertex
100
AcDb2dVertex
 10
215.2733608333333
 20
46.06230027777777
 30
0.0
  0
VERTEX
  5
1F0
330
1D5
100
AcDbEntity
  8
DEFAULT
 62
     1
100
AcDbVertex
100
AcDb2dVertex
 10
215.9648052777777
 20
45.37050305555555
 30
0.0
  0
VERTEX
  5
1F1
330
1D5
100
AcDbEntity
  8
DEFAULT
 62
     1
100
AcDbVertex
100
AcDb2dVertex
 10
215.9648052777777
 20
40.87611416666666
 30
0.0
  0
VERTEX
  5
1F2
330
1D5
100
AcDbEntity
  8
DEFAULT
 62
     1
100
AcDbVertex
100
AcDb2dVertex
 10
215.2733608333333
 20
40.18466972222222
 30
0.0
  0
VERTEX
  5
1F3
330
1D5
100
AcDbEntity
  8
DEFAULT
 62
     1
100
AcDbVertex
100
AcDb2dVertex
 10
207.9232358333333
 20
40.18466972222222
 30
0.0
  0
SEQEND
  5
1F4
330
1D5
100
AcDbEntity
  8
DEFAULT
 62
     1
  0
SPLINE
  5
1F5
330
1F
100
AcDbEntity
  8
DEFAULT
 62
     1
100
AcDbSpline
210
0.0
220
0.0
230
1.0
 70
    11
 71
     3
 72
    80
 73
    76
 74
     0
 42
0.000000001
 43
0.0000000001
 40
53.51047247969313
 40
53.51047247969313
 40
53.51047247969313
 40
53.51047247969313
 40
54.51047247969313
 40
54.51047247969313
 40
54.51047247969313
 40
56.74547247969313
 40
56.74547247969313
 40
56.74547247969313
 40
75.35448217929824
 40
75.35448217929824
 40
75.35448217929824
 40
80.91048217929824
 40
80.91048217929824
 40
80.91048217929824
 40
128.1374821792983
 40
128.1374821792983
 40
128.1374821792983
 40
133.6934821792983
 40
133.6934821792983
 40
133.6934821792983
 40
152.3034821792982
 40
152.3034821792982
 40
152.3034821792982
 40
154.5274821792982
 40
154.5274821792982
 40
154.5274821792982
 40
155.5274821792982
 40
155.5274821792982
 40
155.5274821792982
 40
195.1542565244301
 40
195.1542565244301
 40
195.1542565244301
 40
196.1542565244301
 40
196.1542565244301
 40
196.1542565244301
 40
197.1542565244301
 40
197.1542565244301
 40
197.1542565244301
 40
236.7807779715619
 40
236.7807779715619
 40
236.7807779715619
 40
237.7807779715619
 40
237.7807779715619
 40
237.7807779715619
 40
240.0137779715619
 40
240.0137779715619
 40
240.0137779715619
 40
258.623780147811
 40
258.623780147811
 40
258.623780147811
 40
264.180780147811
 40
264.180780147811
 40
264.180780147811
 40
311.4077801478111
 40
311.4077801478111
 40
311.4077801478111
 40
316.9547801478111
 40
316.9547801478111
 40
316.9547801478111
 40
335.563780147811
 40
335.563780147811
 40
335.563780147811
 40
337.789780147811
 40
337.789780147811
 40
337.789780147811
 40
338.789780147811
 40
338.789780147811
 40
338.789780147811
 40
392.3004606237683
 40
392.3004606237683
 40
392.3004606237683
 40
401.1874606237683
 40
401.1874606237683
 40
401.1874606237683
 40
454.6979331034615
 40
454.6979331034615
 40
454.6979331034615
 40
454.6979331034615
 10
178.0175580555555
 20
18.58525055555555
 30
0.0
 10
176.5898663888889
 20
21.13618666666667
 30
0.0
 10
180.3684691666666
 20
22.31234777777777
 30
0.0
 10
181.9933636111111
 20
22.31234777777777
 30
0.0
 10
181.9933636111111
 20
22.04952833333333
 30
0.0
 10
181.9933636111111
 20
21.78670888888889
 30
0.0
 10
181.9933636111111
 20
21.52388944444444
 30
0.0
 10
184.1816441666666
 20
21.5261237037037
 30
0.0
 10
186.3699247222222
 20
21.52835796296296
 30
0.0
 10
188.5582052777777
 20
21.53059222222222
 30
0.0
 10
188.5582052777778
 20
22.18393666666666
 30
0.0
 10
188.5582052777778
 20
22.83728111111111
 30
0.0
 10
188.5582052777777
 20
23.49062555555555
 30
0.0
 10
194.1117506481481
 20
23.49062555555555
 30
0.0
 10
199.6652960185185
 20
23.49062555555555
 30
0.0
 10
205.2188413888889
 20
23.49062555555555
 30
0.0
 10
205.2188413888889
 20
22.83728111111111
 30
0.0
 10
205.2188413888889
 20
22.18393666666666
 30
0.0
 10
205.2188413888889
 20
21.53059222222222
 30
0.0
 10
207.407239537037
 20
21.53059222222221
 30
0.0
 10
209.5956376851852
 20
21.53059222222221
 30
0.0
 10
211.7840358333333
 20
21.53059222222222
 30
0.0
 10
211.7840358333333
 20
21.79211814814815
 30
0.0
 10
211.7840358333333
 20
22.05364407407407
 30
0.0
 10
211.7840358333333
 20
22.31517
 30
0.0
 10
213.4092830555555
 20
22.31517
 30
0.0
 10
217.1878858333333
 20
21.14006722222222
 30
0.0
 10
215.7598413888889
 20
18.58877833333333
 30
0.0
 10
211.1018812037037
 20
18.45730981481481
 30
0.0
 10
206.4439210185185
 20
18.3258412962963
 30
0.0
 10
201.7859608333333
 20
18.19437277777778
 30
0.0
 10
200.9216552777777
 20
18.19437277777778
 30
0.0
 10
200.2196275
 20
17.49269777777777
 30
0.0
 10
200.2196275
 20
16.62486444444444
 30
0.0
 10
200.2196275
 20
15.76055888888889
 30
0.0
 10
200.9216552777777
 20
15.05923666666667
 30
0.0
 10
201.7859608333333
 20
15.05923666666667
 30
0.0
 10
206.4439210185185
 20
14.92882648148148
 30
0.0
 10
211.1018812037037
 20
14.7984162962963
 30
0.0
 10
215.7598413888889
 20
14.66800611111111
 30
0.0
 10
217.1878858333333
 20
12.11636444444444
 30
0.0
 10
213.4092830555555
 20
10.94161444444444
 30
0.0
 10
211.7840358333333
 20
10.94161444444444
 30
0.0
 10
211.7840358333333
 20
11.2041987037037
 30
0.0
 10
211.7840358333333
 20
11.46678296296296
 30
0.0
 10
211.7840358333333
 20
11.72936722222222
 30
0.0
 10
209.5956376851852
 20
11.72830888888888
 30
0.0
 10
207.407239537037
 20
11.72725055555555
 30
0.0
 10
205.2188413888889
 20
11.72619222222222
 30
0.0
 10
205.2188413888889
 20
11.07273018518518
 30
0.0
 10
205.2188413888889
 20
10.41926814814815
 30
0.0
 10
205.2188413888889
 20
9.765806111111111
 30
0.0
 10
199.6652960185185
 20
9.765806111111111
 30
0.0
 10
194.1117506481481
 20
9.765806111111111
 30
0.0
 10
188.5582052777777
 20
9.765806111111111
 30
0.0
 10
188.5582052777778
 20
10.41809222222222
 30
0.0
 10
188.5582052777778
 20
11.07037833333333
 30
0.0
 10
188.5582052777777
 20
11.72266444444445
 30
0.0
 10
186.3699247222222
 20
11.72266444444445
 30
0.0
 10
184.1816441666666
 20
11.72266444444445
 30
0.0
 10
181.9933636111111
 20
11.72266444444445
 30
0.0
 10
181.9933636111111
 20
11.46090333333333
 30
0.0
 10
181.9933636111111
 20
11.19914222222222
 30
0.0
 10
181.9933636111111
 20
10.93738111111111
 30
0.0
 10
180.3684691666666
 20
10.93738111111111
 30
0.0
 10
176.5898663888889
 20
12.11354222222222
 30
0.0
 10
178.0175580555555
 20
14.66483111111111
 30
0.0
 10
184.3086441666666
 20
14.79629962962963
 30
0.0
 10
190.5997302777777
 20
14.92776814814815
 30
0.0
 10
196.8908163888889
 20
15.05923666666667
 30
0.0
 10
196.8908163888889
 20
16.10428203703704
 30
0.0
 10
196.8908163888889
 20
17.14932740740741
 30
0.0
 10
196.8908163888889
 20
18.19437277777778
 30
0.0
 10
190.5997302777778
 20
18.32466537037037
 30
0.0
 10
184.3086441666666
 20
18.45495796296296
 30
0.0
 10
178.0175580555555
 20
18.58525055555555
 30
0.0
  0
SPLINE
  5
1F6
330
1F
100
AcDbEntity
  8
DEFAULT
 62
     1
100
AcDbSpline
210
0.0
220
0.0
230
1.0
 70
    11
 71
     3
 72
    80
 73
    76
 74
     0
 42
0.000000001
 43
0.0000000001
 40
53.51047247969318
 40
53.51047247969318
 40
53.51047247969318
 40
53.51047247969318
 40
54.51047247969318
 40
54.51047247969318
 40
54.51047247969318
 40
56.74547247969318
 40
56.74547247969318
 40
56.74547247969318
 40
75.35448217929842
 40
75.35448217929842
 40
75.35448217929842
 40
80.91048217929841
 40
80.91048217929841
 40
80.91048217929841
 40
128.1374821792984
 40
128.1374821792984
 40
128.1374821792984
 40
133.6934821792984
 40
133.6934821792984
 40
133.6934821792984
 40
152.3034821792984
 40
152.3034821792984
 40
152.3034821792984
 40
154.5274821792984
 40
154.5274821792984
 40
154.5274821792984
 40
155.5274821792984
 40
155.5274821792984
 40
155.5274821792984
 40
195.1542565244302
 40
195.1542565244302
 40
195.1542565244302
 40
196.1542565244302
 40
196.1542565244302
 40
196.1542565244302
 40
197.1542565244302
 40
197.1542565244302
 40
197.1542565244302
 40
236.7807779715621
 40
236.7807779715621
 40
236.7807779715621
 40
237.7807779715621
 40
237.7807779715621
 40
237.7807779715621
 40
240.0137779715621
 40
240.0137779715621
 40
240.0137779715621
 40
258.6237801478113
 40
258.6237801478113
 40
258.6237801478113
 40
264.1807801478113
 40
264.1807801478113
 40
264.1807801478113
 40
311.4077801478113
 40
311.4077801478113
 40
311.4077801478113
 40
316.9547801478112
 40
316.9547801478112
 40
316.9547801478112
 40
335.5637801478113
 40
335.5637801478113
 40
335.5637801478113
 40
337.7897801478113
 40
337.7897801478113
 40
337.7897801478113
 40
338.7897801478113
 40
338.7897801478113
 40
338.7897801478113
 40
392.3004606237686
 40
392.3004606237686
 40
392.3004606237686
 40
401.1874606237686
 40
401.1874606237686
 40
401.1874606237686
 40
454.6979331034618
 40
454.6979331034618
 40
454.6979331034618
 40
454.6979331034618
 10
215.7601236111111
 20
29.92790277777777
 30
0.0
 10
217.1878152777778
 20
27.37696666666666
 30
0.0
 10
213.4088597222222
 20
26.20080555555555
 30
0.0
 10
211.7843180555556
 20
26.20080555555555
 30
0.0
 10
211.7843180555556
 20
26.46362499999999
 30
0.0
 10
211.7843180555556
 20
26.72644444444444
 30
0.0
 10
211.7843180555556
 20
26.98926388888889
 30
0.0
 10
209.5960375
 20
26.98702962962963
 30
0.0
 10
207.4077569444445
 20
26.98479537037037
 30
0.0
 10
205.2194763888889
 20
26.98256111111111
 30
0.0
 10
205.2194763888889
 20
26.32921666666666
 30
0.0
 10
205.2194763888889
 20
25.67587222222221
 30
0.0
 10
205.2194763888889
 20
25.02252777777777
 30
0.0
 10
199.6659310185185
 20
25.02252777777777
 30
0.0
 10
194.1123856481481
 20
25.02252777777777
 30
0.0
 10
188.5588402777778
 20
25.02252777777777
 30
0.0
 10
188.5588402777778
 20
25.67587222222221
 30
0.0
 10
188.5588402777778
 20
26.32921666666666
 30
0.0
 10
188.5588402777778
 20
26.98256111111111
 30
0.0
 10
186.3704421296297
 20
26.98256111111111
 30
0.0
 10
184.1820439814815
 20
26.98256111111111
 30
0.0
 10
181.9936458333333
 20
26.98256111111111
 30
0.0
 10
181.9936458333333
 20
26.72103518518518
 30
0.0
 10
181.9936458333333
 20
26.45950925925926
 30
0.0
 10
181.9936458333333
 20
26.19798333333333
 30
0.0
 10
180.3680458333333
 20
26.19798333333333
 30
0.0
 10
176.5894430555556
 20
27.3730861111111
 30
0.0
 10
178.0178402777778
 20
29.92437499999999
 30
0.0
 10
182.6758004629629
 20
30.05584351851851
 30
0.0
 10
187.3337606481481
 20
30.18731203703703
 30
0.0
 10
191.9917208333333
 20
30.31878055555555
 30
0.0
 10
192.8560263888889
 20
30.31878055555555
 30
0.0
 10
193.5577013888889
 20
31.02045555555555
 30
0.0
 10
193.5577013888889
 20
31.88828888888888
 30
0.0
 10
193.5577013888889
 20
32.75259444444444
 30
0.0
 10
192.8560263888889
 20
33.45391666666666
 30
0.0
 10
191.9917208333333
 20
33.45391666666666
 30
0.0
 10
187.3337606481482
 20
33.58432685185185
 30
0.0
 10
182.6758004629629
 20
33.71473703703703
 30
0.0
 10
178.0178402777778
 20
33.84514722222222
 30
0.0
 10
176.5894430555556
 20
36.39678888888889
 30
0.0
 10
180.3680458333333
 20
37.57153888888888
 30
0.0
 10
181.9936458333333
 20
37.57153888888888
 30
0.0
 10
181.9936458333333
 20
37.30895462962962
 30
0.0
 10
181.9936458333333
 20
37.04637037037037
 30
0.0
 10
181.9936458333333
 20
36.78378611111111
 30
0.0
 10
184.1820439814815
 20
36.78484444444444
 30
0.0
 10
186.3704421296297
 20
36.78590277777777
 30
0.0
 10
188.5588402777778
 20
36.7869611111111
 30
0.0
 10
188.5588402777778
 20
37.44042314814814
 30
0.0
 10
188.5588402777778
 20
38.09388518518518
 30
0.0
 10
188.5588402777778
 20
38.74734722222222
 30
0.0
 10
194.1123856481481
 20
38.74734722222222
 30
0.0
 10
199.6659310185185
 20
38.74734722222222
 30
0.0
 10
205.2194763888889
 20
38.74734722222222
 30
0.0
 10
205.2194763888889
 20
38.09506111111111
 30
0.0
 10
205.2194763888889
 20
37.442775
 30
0.0
 10
205.2194763888889
 20
36.79048888888889
 30
0.0
 10
207.4077569444445
 20
36.79048888888889
 30
0.0
 10
209.5960375
 20
36.79048888888889
 30
0.0
 10
211.7843180555556
 20
36.79048888888889
 30
0.0
 10
211.7843180555556
 20
37.05224999999999
 30
0.0
 10
211.7843180555556
 20
37.31401111111111
 30
0.0
 10
211.7843180555556
 20
37.57577222222222
 30
0.0
 10
213.4088597222222
 20
37.57577222222222
 30
0.0
 10
217.1878152777778
 20
36.39961111111111
 30
0.0
 10
215.7601236111111
 20
33.84832222222222
 30
0.0
 10
209.4690375
 20
33.7168537037037
 30
0.0
 10
203.1779513888889
 20
33.58538518518518
 30
0.0
 10
196.8868652777778
 20
33.45391666666666
 30
0.0
 10
196.8868652777777
 20
32.4088712962963
 30
0.0
 10
196.8868652777777
 20
31.36382592592593
 30
0.0
 10
196.8868652777778
 20
30.31878055555555
 30
0.0
 10
203.1779513888889
 20
30.18848796296296
 30
0.0
 10
209.4690375
 20
30.05819537037037
 30
0.0
 10
215.7601236111111
 20
29.92790277777777
 30
0.0
  0
SPLINE
  5
1F7
330
1F
100
AcDbEntity
  8
DEFAULT
 62
     1
100
AcDbSpline
210
0.0
220
0.0
230
1.0
 70
    11
 71
     3
 72
    17
 73
    13
 74
     0
 42
0.000000001
 43
0.0000000001
 40
0.0
 40
0.0
 40
0.0
 40
0.0
 40
1.0
 40
1.0
 40
1.0
 40
2.0
 40
2.0
 40
2.0
 40
3.0
 40
3.0
 40
3.0
 40
4.0
 40
4.0
 40
4.0
 40
4.0
 10
193.78422
 20
91.05473138888887
 30
0.0
 10
192.6747338888889
 20
91.05473138888887
 30
0.0
 10
191.7723283333333
 20
91.95678416666665
 30
0.0
 10
191.7723283333333
 20
93.07015083333333
 30
0.0
 10
191.7723283333333
 20
94.18034249999998
 30
0.0
 10
192.6747338888889
 20
95.08239527777775
 30
0.0
 10
193.78422
 20
95.08239527777775
 30
0.0
 10
194.8975866666667
 20
95.08239527777775
 30
0.0
 10
195.7999922222222
 20
94.18034249999998
 30
0.0
 10
195.7999922222222
 20
93.07015083333333
 30
0.0
 10
195.7999922222222
 20
91.95678416666665
 30
0.0
 10
194.8975866666667
 20
91.05473138888887
 30
0.0
 10
193.78422
 20
91.05473138888887
 30
0.0
  0
SPLINE
  5
1F8
330
1F
100
AcDbEntity
  8
DEFAULT
 62
     1
100
AcDbSpline
210
0.0
220
0.0
230
1.0
 70
    11
 71
     3
 72
    29
 73
    25
 74
     0
 42
0.000000001
 43
0.0000000001
 40
0.0
 40
0.0
 40
0.0
 40
0.0
 40
5.154000000000025
 40
5.154000000000025
 40
5.154000000000025
 40
6.154000000000025
 40
6.154000000000025
 40
6.154000000000025
 40
7.154000000000025
 40
7.154000000000025
 40
7.154000000000025
 40
8.154000000000025
 40
8.154000000000025
 40
8.154000000000025
 40
9.154000000000025
 40
9.154000000000025
 40
9.154000000000025
 40
14.31800000000007
 40
14.31800000000007
 40
14.31800000000007
 40
15.31800000000007
 40
15.31800000000007
 40
15.31800000000007
 40
16.31800000000007
 40
16.31800000000007
 40
16.31800000000007
 40
16.31800000000007
 10
186.6524997222222
 20
90.04187111111109
 30
0.0
 10
186.6524997222222
 20
90.64794333333333
 30
0.0
 10
186.6524997222222
 20
91.25401555555555
 30
0.0
 10
186.6524997222222
 20
91.86008777777778
 30
0.0
 10
186.7040052777778
 20
91.88125444444444
 30
0.0
 10
186.7488080555555
 20
91.90206833333332
 30
0.0
 10
186.7974913888889
 20
91.92993777777777
 30
0.0
 10
187.2021275
 20
92.14724888888887
 30
0.0
 10
187.4712969444444
 20
92.57622666666666
 30
0.0
 10
187.4712969444444
 20
93.06694055555555
 30
0.0
 10
187.4712969444444
 20
93.55800722222222
 30
0.0
 10
187.2021275
 20
93.9866322222222
 30
0.0
 10
186.7974913888889
 20
94.20817666666665
 30
0.0
 10
186.7488080555555
 20
94.23251833333332
 30
0.0
 10
186.7040052777778
 20
94.25262666666666
 30
0.0
 10
186.6524997222222
 20
94.27344055555554
 30
0.0
 10
186.6524997222222
 20
94.88068870370368
 30
0.0
 10
186.6524997222222
 20
95.48793685185183
 30
0.0
 10
186.6524997222222
 20
96.095185
 30
0.0
 10
188.1182913888889
 20
95.86729055555554
 30
0.0
 10
189.2380080555555
 20
94.59482111111109
 30
0.0
 10
189.2380080555555
 20
93.06694055555555
 30
0.0
 10
189.2380080555555
 20
91.53870722222221
 30
0.0
 10
188.1182913888889
 20
90.26976555555554
 30
0.0
 10
186.6524997222222
 20
90.04187111111109
 30
0.0
  0
SPLINE
  5
1F9
330
1F
100
AcDbEntity
  8
DEFAULT
 62
     1
100
AcDbSpline
210
0.0
220
0.0
230
1.0
 70
    11
 71
     3
 72
    29
 73
    25
 74
     0
 42
0.000000001
 43
0.0000000001
 40
0.0
 40
0.0
 40
0.0
 40
0.0
 40
1.0
 40
1.0
 40
1.0
 40
2.0
 40
2.0
 40
2.0
 40
3.0
 40
3.0
 40
3.0
 40
4.0
 40
4.0
 40
4.0
 40
9.186000000000007
 40
9.186000000000007
 40
9.186000000000007
 40
10.18600000000001
 40
10.18600000000001
 40
10.18600000000001
 40
11.18600000000001
 40
11.18600000000001
 40
11.18600000000001
 40
16.36199999999999
 40
16.36199999999999
 40
16.36199999999999
 40
16.36199999999999
 10
185.6599947222222
 20
94.2593647222222
 30
0.0
 10
185.6042558333333
 20
94.23255361111109
 30
0.0
 10
185.5523975
 20
94.2039786111111
 30
0.0
 10
185.5008919444444
 20
94.16940638888887
 30
0.0
 10
185.1276530555555
 20
93.94539249999998
 30
0.0
 10
184.8856475
 20
93.53334805555554
 30
0.0
 10
184.8856475
 20
93.06697583333332
 30
0.0
 10
184.8856475
 20
92.6037786111111
 30
0.0
 10
185.1276530555555
 20
92.19243972222222
 30
0.0
 10
185.5008919444444
 20
91.96772027777777
 30
0.0
 10
185.5523975
 20
91.93314805555553
 30
0.0
 10
185.6042558333333
 20
91.90492583333332
 30
0.0
 10
185.6599947222222
 20
91.8812897222222
 30
0.0
 10
185.6599947222222
 20
91.27145453703702
 30
0.0
 10
185.6599947222222
 20
90.66161935185183
 30
0.0
 10
185.6599947222222
 20
90.05178416666665
 30
0.0
 10
184.2181919444444
 20
90.29802305555555
 30
0.0
 10
183.1189363888889
 20
91.55285361111109
 30
0.0
 10
183.1189363888889
 20
93.06697583333332
 30
0.0
 10
183.1189363888889
 20
94.58145083333332
 30
0.0
 10
184.2181919444444
 20
95.83945638888886
 30
0.0
 10
185.6599947222222
 20
96.08534249999998
 30
0.0
 10
185.6599947222222
 20
95.47668324074073
 30
0.0
 10
185.6599947222222
 20
94.86802398148147
 30
0.0
 10
185.6599947222222
 20
94.2593647222222
 30
0.0
  0
POLYLINE
  5
1FA
330
1F
100
AcDbEntity
  8
DEFAULT
 62
     1
100
AcDb2dPolyline
 66
     1
 10
0.0
 20
0.0
 30
0.0
 70
     1
  0
VERTEX
  5
1FB
330
1FA
100
AcDbEntity
  8
DEFAULT
 62
     1
100
AcDbVertex
100
AcDb2dVertex
 10
201.2207755555555
 20
96.0087897222222
 30
0.0
  0
VERTEX
  5
1FC
330
1FA
100
AcDbEntity
  8
DEFAULT
 62
     1
100
AcDbVertex
100
AcDb2dVertex
 10
201.2207755555555
 20
101.8895952777778
 30
0.0
  0
VERTEX
  5
1FD
330
1FA
100
AcDbEntity
  8
DEFAULT
 62
     1
100
AcDbVertex
100
AcDb2dVertex
 10
193.3795838888889
 20
101.8895952777778
 30
0.0
  0
VERTEX
  5
1FE
330
1FA
100
AcDbEntity
  8
DEFAULT
 62
     1
100
AcDbVertex
100
AcDb2dVertex
 10
193.3795838888889
 20
98.94742861111109
 30
0.0
  0
VERTEX
  5
1FF
330
1FA
100
AcDbEntity
  8
DEFAULT
 62
     1
100
AcDbVertex
100
AcDb2dVertex
 10
185.5390977777778
 20
98.94742861111109
 30
0.0
  0
VERTEX
  5
200
330
1FA
100
AcDbEntity
  8
DEFAULT
 62
     1
100
AcDbVertex
100
AcDb2dVertex
 10
185.5390977777778
 20
101.8895952777778
 30
0.0
  0
VERTEX
  5
201
330
1FA
100
AcDbEntity
  8
DEFAULT
 62
     1
100
AcDbVertex
100
AcDb2dVertex
 10
177.7014338888889
 20
101.8895952777778
 30
0.0
  0
VERTEX
  5
202
330
1FA
100
AcDbEntity
  8
DEFAULT
 62
     1
100
AcDbVertex
100
AcDb2dVertex
 10
177.7014338888889
 20
96.0087897222222
 30
0.0
  0
VERTEX
  5
203
330
1FA
100
AcDbEntity
  8
DEFAULT
 62
     1
100
AcDbVertex
100
AcDb2dVertex
 10
180.6400727777778
 20
96.0087897222222
 30
0.0
  0
VERTEX
  5
204
330
1FA
100
AcDbEntity
  8
DEFAULT
 62
     1
100
AcDbVertex
100
AcDb2dVertex
 10
180.6400727777778
 20
90.12833694444443
 30
0.0
  0
VERTEX
  5
205
330
1FA
100
AcDbEntity
  8
DEFAULT
 62
     1
100
AcDbVertex
100
AcDb2dVertex
 10
177.7014338888889
 20
90.12833694444443
 30
0.0
  0
VERTEX
  5
206
330
1FA
100
AcDbEntity
  8
DEFAULT
 62
     1
100
AcDbVertex
100
AcDb2dVertex
 10
177.7014338888889
 20
84.24753138888887
 30
0.0
  0
VERTEX
  5
207
330
1FA
100
AcDbEntity
  8
DEFAULT
 62
     1
100
AcDbVertex
100
AcDb2dVertex
 10
180.6400727777778
 20
84.24753138888887
 30
0.0
  0
VERTEX
  5
208
330
1FA
100
AcDbEntity
  8
DEFAULT
 62
     1
100
AcDbVertex
100
AcDb2dVertex
 10
180.6400727777778
 20
78.3702536111111
 30
0.0
  0
VERTEX
  5
209
330
1FA
100
AcDbEntity
  8
DEFAULT
 62
     1
100
AcDbVertex
100
AcDb2dVertex
 10
177.7014338888889
 20
78.3702536111111
 30
0.0
  0
VERTEX
  5
20A
330
1FA
100
AcDbEntity
  8
DEFAULT
 62
     1
100
AcDbVertex
100
AcDb2dVertex
 10
177.7014338888889
 20
71.9994397222222
 30
0.0
  0
VERTEX
  5
20B
330
1FA
100
AcDbEntity
  8
DEFAULT
 62
     1
100
AcDbVertex
100
AcDb2dVertex
 10
185.0515588888888
 20
71.9994397222222
 30
0.0
  0
VERTEX
  5
20C
330
1FA
100
AcDbEntity
  8
DEFAULT
 62
     1
100
AcDbVertex
100
AcDb2dVertex
 10
185.0515588888888
 20
84.89029249999999
 30
0.0
  0
VERTEX
  5
20D
330
1FA
100
AcDbEntity
  8
DEFAULT
 62
     1
100
AcDbVertex
100
AcDb2dVertex
 10
187.9901977777778
 20
84.89029249999999
 30
0.0
  0
VERTEX
  5
20E
330
1FA
100
AcDbEntity
  8
DEFAULT
 62
     1
100
AcDbVertex
100
AcDb2dVertex
 10
187.9901977777778
 20
81.9484786111111
 30
0.0
  0
VERTEX
  5
20F
330
1FA
100
AcDbEntity
  8
DEFAULT
 62
     1
100
AcDbVertex
100
AcDb2dVertex
 10
190.9288366666667
 20
81.9484786111111
 30
0.0
  0
VERTEX
  5
210
330
1FA
100
AcDbEntity
  8
DEFAULT
 62
     1
100
AcDbVertex
100
AcDb2dVertex
 10
190.9288366666667
 20
84.89029249999999
 30
0.0
  0
VERTEX
  5
211
330
1FA
100
AcDbEntity
  8
DEFAULT
 62
     1
100
AcDbVertex
100
AcDb2dVertex
 10
193.8706505555555
 20
84.89029249999999
 30
0.0
  0
VERTEX
  5
212
330
1FA
100
AcDbEntity
  8
DEFAULT
 62
     1
100
AcDbVertex
100
AcDb2dVertex
 10
193.8706505555555
 20
71.9994397222222
 30
0.0
  0
VERTEX
  5
213
330
1FA
100
AcDbEntity
  8
DEFAULT
 62
     1
100
AcDbVertex
100
AcDb2dVertex
 10
201.2207755555555
 20
71.9994397222222
 30
0.0
  0
VERTEX
  5
214
330
1FA
100
AcDbEntity
  8
DEFAULT
 62
     1
100
AcDbVertex
100
AcDb2dVertex
 10
201.2207755555555
 20
78.3702536111111
 30
0.0
  0
VERTEX
  5
215
330
1FA
100
AcDbEntity
  8
DEFAULT
 62
     1
100
AcDbVertex
100
AcDb2dVertex
 10
198.2786088888888
 20
78.3702536111111
 30
0.0
  0
VERTEX
  5
216
330
1FA
100
AcDbEntity
  8
DEFAULT
 62
     1
100
AcDbVertex
100
AcDb2dVertex
 10
198.2786088888888
 20
84.24753138888887
 30
0.0
  0
VERTEX
  5
217
330
1FA
100
AcDbEntity
  8
DEFAULT
 62
     1
100
AcDbVertex
100
AcDb2dVertex
 10
201.2207755555555
 20
84.24753138888887
 30
0.0
  0
VERTEX
  5
218
330
1FA
100
AcDbEntity
  8
DEFAULT
 62
     1
100
AcDbVertex
100
AcDb2dVertex
 10
201.2207755555555
 20
90.12833694444443
 30
0.0
  0
VERTEX
  5
219
330
1FA
100
AcDbEntity
  8
DEFAULT
 62
     1
100
AcDbVertex
100
AcDb2dVertex
 10
198.2786088888888
 20
90.12833694444443
 30
0.0
  0
VERTEX
  5
21A
330
1FA
100
AcDbEntity
  8
DEFAULT
 62
     1
100
AcDbVertex
100
AcDb2dVertex
 10
198.2786088888888
 20
96.0087897222222
 30
0.0
  0
SEQEND
  5
21B
330
1FA
100
AcDbEntity
  8
DEFAULT
 62
     1
  0
POLYLINE
  5
21C
330
1F
100
AcDbEntity
  8
DEFAULT
 62
     1
100
AcDb2dPolyline
 66
     1
 10
0.0
 20
0.0
 30
0.0
 70
     1
  0
VERTEX
  5
21D
330
21C
100
AcDbEntity
  8
DEFAULT
 62
     1
100
AcDbVertex
100
AcDb2dVertex
 10
106.7025777777778
 20
5.827888888888888
 30
0.0
  0
VERTEX
  5
21E
330
21C
100
AcDbEntity
  8
DEFAULT
 62
     1
100
AcDbVertex
100
AcDb2dVertex
 10
6.702777777777778
 20
5.827888888888888
 30
0.0
  0
VERTEX
  5
21F
330
21C
100
AcDbEntity
  8
DEFAULT
 62
     1
100
AcDbVertex
100
AcDb2dVertex
 10
6.702777777777778
 20
105.8276888888889
 30
0.0
  0
VERTEX
  5
220
330
21C
100
AcDbEntity
  8
DEFAULT
 62
     1
100
AcDbVertex
100
AcDb2dVertex
 10
106.7025777777778
 20
105.8276888888889
 30
0.0
  0
SEQEND
  5
221
330
21C
100
AcDbEntity
  8
DEFAULT
 62
     1
  0
SPLINE
  5
222
330
1F
100
AcDbEntity
  8
DEFAULT
 62
     1
100
AcDbSpline
210
0.0
220
0.0
230
1.0
 70
    11
 71
     3
 72
    17
 73
    13
 74
     0
 42
0.000000001
 43
0.0000000001
 40
0.0
 40
0.0
 40
0.0
 40
0.0
 40
1.0
 40
1.0
 40
1.0
 40
2.0
 40
2.0
 40
2.0
 40
3.0
 40
3.0
 40
3.0
 40
4.0
 40
4.0
 40
4.0
 40
4.0
 10
25.02415055555555
 20
32.77129166666666
 30
0.0
 10
23.89878944444444
 20
32.77129166666666
 30
0.0
 10
22.98862277777778
 20
33.68145833333333
 30
0.0
 10
22.98862277777778
 20
34.80681944444444
 30
0.0
 10
22.98862277777778
 20
35.92865277777777
 30
0.0
 10
23.89878944444444
 20
36.83881944444444
 30
0.0
 10
25.02415055555555
 20
36.83881944444444
 30
0.0
 10
26.14598388888889
 20
36.83881944444444
 30
0.0
 10
27.05615055555556
 20
35.92865277777777
 30
0.0
 10
27.05615055555556
 20
34.80681944444444
 30
0.0
 10
27.05615055555556
 20
33.68145833333333
 30
0.0
 10
26.14598388888889
 20
32.77129166666666
 30
0.0
 10
25.02415055555555
 20
32.77129166666666
 30
0.0
  0
POLYLINE
  5
223
330
1F
100
AcDbEntity
  8
DEFAULT
 62
     1
100
AcDb2dPolyline
 66
     1
 10
0.0
 20
0.0
 30
0.0
 70
     1
  0
VERTEX
  5
224
330
223
100
AcDbEntity
  8
DEFAULT
 62
     1
100
AcDbVertex
100
AcDb2dVertex
 10
36.78223388888889
 20
32.19270083333333
 30
0.0
  0
VERTEX
  5
225
330
223
100
AcDbEntity
  8
DEFAULT
 62
     1
100
AcDbVertex
100
AcDb2dVertex
 10
33.843595
 20
32.19270083333333
 30
0.0
  0
VERTEX
  5
226
330
223
100
AcDbEntity
  8
DEFAULT
 62
     1
100
AcDbVertex
100
AcDb2dVertex
 10
33.843595
 20
38.74731194444444
 30
0.0
  0
VERTEX
  5
227
330
223
100
AcDbEntity
  8
DEFAULT
 62
     1
100
AcDbVertex
100
AcDb2dVertex
 10
16.20117833333333
 20
38.74731194444444
 30
0.0
  0
VERTEX
  5
228
330
223
100
AcDbEntity
  8
DEFAULT
 62
     1
100
AcDbVertex
100
AcDb2dVertex
 10
16.20117833333333
 20
32.19270083333333
 30
0.0
  0
VERTEX
  5
229
330
223
100
AcDbEntity
  8
DEFAULT
 62
     1
100
AcDbVertex
100
AcDb2dVertex
 10
13.26253944444444
 20
32.19270083333333
 30
0.0
  0
VERTEX
  5
22A
330
223
100
AcDbEntity
  8
DEFAULT
 62
     1
100
AcDbVertex
100
AcDb2dVertex
 10
13.26253944444444
 20
24.66089527777778
 30
0.0
  0
VERTEX
  5
22B
330
223
100
AcDbEntity
  8
DEFAULT
 62
     1
100
AcDbVertex
100
AcDb2dVertex
 10
16.20117833333333
 20
24.66089527777778
 30
0.0
  0
VERTEX
  5
22C
330
223
100
AcDbEntity
  8
DEFAULT
 62
     1
100
AcDbVertex
100
AcDb2dVertex
 10
16.19765055555555
 20
17.1326175
 30
0.0
  0
VERTEX
  5
22D
330
223
100
AcDbEntity
  8
DEFAULT
 62
     1
100
AcDbVertex
100
AcDb2dVertex
 10
21.10126166666667
 20
17.1326175
 30
0.0
  0
VERTEX
  5
22E
330
223
100
AcDbEntity
  8
DEFAULT
 62
     1
100
AcDbVertex
100
AcDb2dVertex
 10
21.10126166666667
 20
14.19045083333333
 30
0.0
  0
VERTEX
  5
22F
330
223
100
AcDbEntity
  8
DEFAULT
 62
     1
100
AcDbVertex
100
AcDb2dVertex
 10
28.93998388888889
 20
14.19045083333333
 30
0.0
  0
VERTEX
  5
230
330
223
100
AcDbEntity
  8
DEFAULT
 62
     1
100
AcDbVertex
100
AcDb2dVertex
 10
28.93998388888889
 20
17.1326175
 30
0.0
  0
VERTEX
  5
231
330
223
100
AcDbEntity
  8
DEFAULT
 62
     1
100
AcDbVertex
100
AcDb2dVertex
 10
33.84712277777778
 20
17.1326175
 30
0.0
  0
VERTEX
  5
232
330
223
100
AcDbEntity
  8
DEFAULT
 62
     1
100
AcDbVertex
100
AcDb2dVertex
 10
33.843595
 20
24.66089527777778
 30
0.0
  0
VERTEX
  5
233
330
223
100
AcDbEntity
  8
DEFAULT
 62
     1
100
AcDbVertex
100
AcDb2dVertex
 10
36.78223388888889
 20
24.66089527777778
 30
0.0
  0
SEQEND
  5
234
330
223
100
AcDbEntity
  8
DEFAULT
 62
     1
  0
POLYLINE
  5
235
330
1F
100
AcDbEntity
  8
DEFAULT
 62
     1
100
AcDb2dPolyline
 66
     1
 10
0.0
 20
0.0
 30
0.0
 70
     1
  0
VERTEX
  5
236
330
235
100
AcDbEntity
  8
DEFAULT
 62
     1
100
AcDbVertex
100
AcDb2dVertex
 10
87.47819972222221
 20
70.56363416666666
 30
0.0
  0
VERTEX
  5
237
330
235
100
AcDbEntity
  8
DEFAULT
 62
     1
100
AcDbVertex
100
AcDb2dVertex
 10
95.28164416666665
 20
70.56363416666666
 30
0.0
  0
VERTEX
  5
238
330
235
100
AcDbEntity
  8
DEFAULT
 62
     1
100
AcDbVertex
100
AcDb2dVertex
 10
95.28164416666665
 20
67.6214675
 30
0.0
  0
VERTEX
  5
239
330
235
100
AcDbEntity
  8
DEFAULT
 62
     1
100
AcDbVertex
100
AcDb2dVertex
 10
100.1429219444444
 20
67.6214675
 30
0.0
  0
VERTEX
  5
23A
330
235
100
AcDbEntity
  8
DEFAULT
 62
     1
100
AcDbVertex
100
AcDb2dVertex
 10
100.1429219444444
 20
43.1245786111111
 30
0.0
  0
VERTEX
  5
23B
330
235
100
AcDbEntity
  8
DEFAULT
 62
     1
100
AcDbVertex
100
AcDb2dVertex
 10
95.28164416666665
 20
43.1245786111111
 30
0.0
  0
VERTEX
  5
23C
330
235
100
AcDbEntity
  8
DEFAULT
 62
     1
100
AcDbVertex
100
AcDb2dVertex
 10
95.28164416666665
 20
40.18593972222222
 30
0.0
  0
VERTEX
  5
23D
330
235
100
AcDbEntity
  8
DEFAULT
 62
     1
100
AcDbVertex
100
AcDb2dVertex
 10
87.47819972222221
 20
40.18593972222222
 30
0.0
  0
VERTEX
  5
23E
330
235
100
AcDbEntity
  8
DEFAULT
 62
     1
100
AcDbVertex
100
AcDb2dVertex
 10
87.47819972222221
 20
43.1245786111111
 30
0.0
  0
VERTEX
  5
23F
330
235
100
AcDbEntity
  8
DEFAULT
 62
     1
100
AcDbVertex
100
AcDb2dVertex
 10
79.67122749999999
 20
43.1245786111111
 30
0.0
  0
VERTEX
  5
240
330
235
100
AcDbEntity
  8
DEFAULT
 62
     1
100
AcDbVertex
100
AcDb2dVertex
 10
79.67122749999999
 20
49.98610638888889
 30
0.0
  0
VERTEX
  5
241
330
235
100
AcDbEntity
  8
DEFAULT
 62
     1
100
AcDbVertex
100
AcDb2dVertex
 10
76.72906083333332
 20
49.98610638888889
 30
0.0
  0
VERTEX
  5
242
330
235
100
AcDbEntity
  8
DEFAULT
 62
     1
100
AcDbVertex
100
AcDb2dVertex
 10
76.72906083333332
 20
60.76699527777777
 30
0.0
  0
VERTEX
  5
243
330
235
100
AcDbEntity
  8
DEFAULT
 62
     1
100
AcDbVertex
100
AcDb2dVertex
 10
79.67122749999999
 20
60.76699527777777
 30
0.0
  0
VERTEX
  5
244
330
235
100
AcDbEntity
  8
DEFAULT
 62
     1
100
AcDbVertex
100
AcDb2dVertex
 10
79.67122749999999
 20
67.6214675
 30
0.0
  0
VERTEX
  5
245
330
235
100
AcDbEntity
  8
DEFAULT
 62
     1
100
AcDbVertex
100
AcDb2dVertex
 10
87.47819972222221
 20
67.6214675
 30
0.0
  0
SEQEND
  5
246
330
235
100
AcDbEntity
  8
DEFAULT
 62
     1
  0
POLYLINE
  5
247
330
1F
100
AcDbEntity
  8
DEFAULT
 62
     1
100
AcDb2dPolyline
 66
     1
 10
0.0
 20
0.0
 30
0.0
 70
     1
  0
VERTEX
  5
248
330
247
100
AcDbEntity
  8
DEFAULT
 62
     1
100
AcDbVertex
100
AcDb2dVertex
 10
69.3113436111111
 20
43.12330861111111
 30
0.0
  0
VERTEX
  5
249
330
247
100
AcDbEntity
  8
DEFAULT
 62
     1
100
AcDbVertex
100
AcDb2dVertex
 10
63.91842972222221
 20
43.12330861111111
 30
0.0
  0
VERTEX
  5
24A
330
247
100
AcDbEntity
  8
DEFAULT
 62
     1
100
AcDbVertex
100
AcDb2dVertex
 10
63.91842972222221
 20
40.18466972222222
 30
0.0
  0
VERTEX
  5
24B
330
247
100
AcDbEntity
  8
DEFAULT
 62
     1
100
AcDbVertex
100
AcDb2dVertex
 10
55.58652416666666
 20
40.18466972222222
 30
0.0
  0
VERTEX
  5
24C
330
247
100
AcDbEntity
  8
DEFAULT
 62
     1
100
AcDbVertex
100
AcDb2dVertex
 10
55.58652416666666
 20
49.98236694444444
 30
0.0
  0
VERTEX
  5
24D
330
247
100
AcDbEntity
  8
DEFAULT
 62
     1
100
AcDbVertex
100
AcDb2dVertex
 10
58.52869083333332
 20
49.98236694444444
 30
0.0
  0
VERTEX
  5
24E
330
247
100
AcDbEntity
  8
DEFAULT
 62
     1
100
AcDbVertex
100
AcDb2dVertex
 10
58.52869083333332
 20
60.76325583333333
 30
0.0
  0
VERTEX
  5
24F
330
247
100
AcDbEntity
  8
DEFAULT
 62
     1
100
AcDbVertex
100
AcDb2dVertex
 10
55.58652416666666
 20
60.76325583333333
 30
0.0
  0
VERTEX
  5
250
330
247
100
AcDbEntity
  8
DEFAULT
 62
     1
100
AcDbVertex
100
AcDb2dVertex
 10
55.58652416666666
 20
70.5648336111111
 30
0.0
  0
VERTEX
  5
251
330
247
100
AcDbEntity
  8
DEFAULT
 62
     1
100
AcDbVertex
100
AcDb2dVertex
 10
63.91842972222221
 20
70.5648336111111
 30
0.0
  0
VERTEX
  5
252
330
247
100
AcDbEntity
  8
DEFAULT
 62
     1
100
AcDbVertex
100
AcDb2dVertex
 10
63.91842972222221
 20
67.62266694444445
 30
0.0
  0
VERTEX
  5
253
330
247
100
AcDbEntity
  8
DEFAULT
 62
     1
100
AcDbVertex
100
AcDb2dVertex
 10
69.3113436111111
 20
67.62266694444445
 30
0.0
  0
VERTEX
  5
254
330
247
100
AcDbEntity
  8
DEFAULT
 62
     1
100
AcDbVertex
100
AcDb2dVertex
 10
69.3113436111111
 20
70.5648336111111
 30
0.0
  0
VERTEX
  5
255
330
247
100
AcDbEntity
  8
DEFAULT
 62
     1
100
AcDbVertex
100
AcDb2dVertex
 10
76.6614686111111
 20
70.5648336111111
 30
0.0
  0
VERTEX
  5
256
330
247
100
AcDbEntity
  8
DEFAULT
 62
     1
100
AcDbVertex
100
AcDb2dVertex
 10
77.35291305555555
 20
69.87021416666666
 30
0.0
  0
VERTEX
  5
257
330
247
100
AcDbEntity
  8
DEFAULT
 62
     1
100
AcDbVertex
100
AcDb2dVertex
 10
77.35291305555555
 20
65.3754725
 30
0.0
  0
VERTEX
  5
258
330
247
100
AcDbEntity
  8
DEFAULT
 62
     1
100
AcDbVertex
100
AcDb2dVertex
 10
76.6614686111111
 20
64.68438083333334
 30
0.0
  0
VERTEX
  5
259
330
247
100
AcDbEntity
  8
DEFAULT
 62
     1
100
AcDbVertex
100
AcDb2dVertex
 10
70.78066305555554
 20
64.68438083333334
 30
0.0
  0
VERTEX
  5
25A
330
247
100
AcDbEntity
  8
DEFAULT
 62
     1
100
AcDbVertex
100
AcDb2dVertex
 10
70.78066305555554
 20
58.8000475
 30
0.0
  0
VERTEX
  5
25B
330
247
100
AcDbEntity
  8
DEFAULT
 62
     1
100
AcDbVertex
100
AcDb2dVertex
 10
74.70108249999998
 20
58.8000475
 30
0.0
  0
VERTEX
  5
25C
330
247
100
AcDbEntity
  8
DEFAULT
 62
     1
100
AcDbVertex
100
AcDb2dVertex
 10
75.39252694444443
 20
58.10860305555555
 30
0.0
  0
VERTEX
  5
25D
330
247
100
AcDbEntity
  8
DEFAULT
 62
     1
100
AcDbVertex
100
AcDb2dVertex
 10
75.39252694444443
 20
52.63419749999999
 30
0.0
  0
VERTEX
  5
25E
330
247
100
AcDbEntity
  8
DEFAULT
 62
     1
100
AcDbVertex
100
AcDb2dVertex
 10
74.70108249999998
 20
51.93922527777777
 30
0.0
  0
VERTEX
  5
25F
330
247
100
AcDbEntity
  8
DEFAULT
 62
     1
100
AcDbVertex
100
AcDb2dVertex
 10
70.78066305555554
 20
51.93922527777777
 30
0.0
  0
VERTEX
  5
260
330
247
100
AcDbEntity
  8
DEFAULT
 62
     1
100
AcDbVertex
100
AcDb2dVertex
 10
70.78066305555554
 20
46.06230027777777
 30
0.0
  0
VERTEX
  5
261
330
247
100
AcDbEntity
  8
DEFAULT
 62
     1
100
AcDbVertex
100
AcDb2dVertex
 10
76.6614686111111
 20
46.06230027777777
 30
0.0
  0
VERTEX
  5
262
330
247
100
AcDbEntity
  8
DEFAULT
 62
     1
100
AcDbVertex
100
AcDb2dVertex
 10
77.35291305555555
 20
45.37050305555555
 30
0.0
  0
VERTEX
  5
263
330
247
100
AcDbEntity
  8
DEFAULT
 62
     1
100
AcDbVertex
100
AcDb2dVertex
 10
77.35291305555555
 20
40.87611416666666
 30
0.0
  0
VERTEX
  5
264
330
247
100
AcDbEntity
  8
DEFAULT
 62
     1
100
AcDbVertex
100
AcDb2dVertex
 10
76.6614686111111
 20
40.18466972222222
 30
0.0
  0
VERTEX
  5
265
330
247
100
AcDbEntity
  8
DEFAULT
 62
     1
100
AcDbVertex
100
AcDb2dVertex
 10
69.3113436111111
 20
40.18466972222222
 30
0.0
  0
SEQEND
  5
266
330
247
100
AcDbEntity
  8
DEFAULT
 62
     1
  0
SPLINE
  5
267
330
1F
100
AcDbEntity
  8
DEFAULT
 62
     1
100
AcDbSpline
210
0.0
220
0.0
230
1.0
 70
    11
 71
     3
 72
    17
 73
    13
 74
     0
 42
0.000000001
 43
0.0000000001
 40
0.0
 40
0.0
 40
0.0
 40
0.0
 40
1.0
 40
1.0
 40
1.0
 40
2.0
 40
2.0
 40
2.0
 40
3.0
 40
3.0
 40
3.0
 40
4.0
 40
4.0
 40
4.0
 40
4.0
 10
75.09033749999999
 20
79.64353444444444
 30
0.0
 10
75.09033749999999
 20
82.48692333333332
 30
0.0
 10
77.39080138888887
 20
84.79056222222222
 30
0.0
 10
80.23383749999999
 20
84.79056222222222
 30
0.0
 10
83.0736986111111
 20
84.79056222222222
 30
0.0
 10
85.37769027777777
 20
82.48692333333332
 30
0.0
 10
85.37769027777777
 20
79.64353444444444
 30
0.0
 10
85.37769027777777
 20
76.80367333333332
 30
0.0
 10
83.0736986111111
 20
74.50003444444444
 30
0.0
 10
80.23383749999999
 20
74.50003444444444
 30
0.0
 10
77.39080138888887
 20
74.50003444444444
 30
0.0
 10
75.09033749999999
 20
76.80367333333332
 30
0.0
 10
75.09033749999999
 20
79.64353444444444
 30
0.0
  0
POLYLINE
  5
268
330
1F
100
AcDbEntity
  8
DEFAULT
 62
     1
100
AcDb2dPolyline
 66
     1
 10
0.0
 20
0.0
 30
0.0
 70
     1
  0
VERTEX
  5
269
330
268
100
AcDbEntity
  8
DEFAULT
 62
     1
100
AcDbVertex
100
AcDb2dVertex
 10
66.82140277777776
 20
90.12801944444443
 30
0.0
  0
VERTEX
  5
26A
330
268
100
AcDbEntity
  8
DEFAULT
 62
     1
100
AcDbVertex
100
AcDb2dVertex
 10
66.82140277777776
 20
84.24721388888888
 30
0.0
  0
VERTEX
  5
26B
330
268
100
AcDbEntity
  8
DEFAULT
 62
     1
100
AcDbVertex
100
AcDb2dVertex
 10
63.8824111111111
 20
84.24721388888888
 30
0.0
  0
VERTEX
  5
26C
330
268
100
AcDbEntity
  8
DEFAULT
 62
     1
100
AcDbVertex
100
AcDb2dVertex
 10
63.8824111111111
 20
78.3699361111111
 30
0.0
  0
VERTEX
  5
26D
330
268
100
AcDbEntity
  8
DEFAULT
 62
     1
100
AcDbVertex
100
AcDb2dVertex
 10
66.82140277777776
 20
78.3699361111111
 30
0.0
  0
VERTEX
  5
26E
330
268
100
AcDbEntity
  8
DEFAULT
 62
     1
100
AcDbVertex
100
AcDb2dVertex
 10
66.82140277777776
 20
72.00229722222221
 30
0.0
  0
VERTEX
  5
26F
330
268
100
AcDbEntity
  8
DEFAULT
 62
     1
100
AcDbVertex
100
AcDb2dVertex
 10
85.37751388888887
 20
72.00229722222221
 30
0.0
  0
VERTEX
  5
270
330
268
100
AcDbEntity
  8
DEFAULT
 62
     1
100
AcDbVertex
100
AcDb2dVertex
 10
88.43609722222222
 20
74.08015833333332
 30
0.0
  0
VERTEX
  5
271
330
268
100
AcDbEntity
  8
DEFAULT
 62
     1
100
AcDbVertex
100
AcDb2dVertex
 10
88.43609722222222
 20
101.8896305555556
 30
0.0
  0
VERTEX
  5
272
330
268
100
AcDbEntity
  8
DEFAULT
 62
     1
100
AcDbVertex
100
AcDb2dVertex
 10
81.88113333333332
 20
101.8896305555556
 30
0.0
  0
VERTEX
  5
273
330
268
100
AcDbEntity
  8
DEFAULT
 62
     1
100
AcDbVertex
100
AcDb2dVertex
 10
81.88113333333332
 20
98.95099166666665
 30
0.0
  0
VERTEX
  5
274
330
268
100
AcDbEntity
  8
DEFAULT
 62
     1
100
AcDbVertex
100
AcDb2dVertex
 10
74.34932777777777
 20
98.95099166666665
 30
0.0
  0
VERTEX
  5
275
330
268
100
AcDbEntity
  8
DEFAULT
 62
     1
100
AcDbVertex
100
AcDb2dVertex
 10
74.34932777777777
 20
101.8896305555556
 30
0.0
  0
VERTEX
  5
276
330
268
100
AcDbEntity
  8
DEFAULT
 62
     1
100
AcDbVertex
100
AcDb2dVertex
 10
66.82140277777776
 20
101.8896305555556
 30
0.0
  0
VERTEX
  5
277
330
268
100
AcDbEntity
  8
DEFAULT
 62
     1
100
AcDbVertex
100
AcDb2dVertex
 10
66.82140277777776
 20
96.008825
 30
0.0
  0
VERTEX
  5
278
330
268
100
AcDbEntity
  8
DEFAULT
 62
     1
100
AcDbVertex
100
AcDb2dVertex
 10
63.8824111111111
 20
96.008825
 30
0.0
  0
VERTEX
  5
279
330
268
100
AcDbEntity
  8
DEFAULT
 62
     1
100
AcDbVertex
100
AcDb2dVertex
 10
63.8824111111111
 20
90.12801944444443
 30
0.0
  0
SEQEND
  5
27A
330
268
100
AcDbEntity
  8
DEFAULT
 62
     1
  0
SPLINE
  5
27B
330
1F
100
AcDbEntity
  8
DEFAULT
 62
     1
100
AcDbSpline
210
0.0
220
0.0
230
1.0
 70
    11
 71
     3
 72
    17
 73
    13
 74
     0
 42
0.000000001
 43
0.0000000001
 40
0.0
 40
0.0
 40
0.0
 40
0.0
 40
1.0
 40
1.0
 40
1.0
 40
2.0
 40
2.0
 40
2.0
 40
3.0
 40
3.0
 40
3.0
 40
4.0
 40
4.0
 40
4.0
 40
4.0
 10
21.46465805555555
 20
74.50003444444444
 30
0.0
 10
18.62479694444444
 20
74.50003444444444
 30
0.0
 10
16.32115805555556
 20
76.80367333333332
 30
0.0
 10
16.32115805555556
 20
79.64353444444444
 30
0.0
 10
16.32115805555556
 20
82.48692333333332
 30
0.0
 10
18.62479694444444
 20
84.79056222222222
 30
0.0
 10
21.46465805555555
 20
84.79056222222222
 30
0.0
 10
24.30804694444445
 20
84.79056222222222
 30
0.0
 10
26.60815805555555
 20
82.48692333333332
 30
0.0
 10
26.60815805555555
 20
79.64353444444444
 30
0.0
 10
26.60815805555555
 20
76.80367333333332
 30
0.0
 10
24.30804694444445
 20
74.50003444444444
 30
0.0
 10
21.46465805555555
 20
74.50003444444444
 30
0.0
  0
POLYLINE
  5
27C
330
1F
100
AcDbEntity
  8
DEFAULT
 62
     1
100
AcDb2dPolyline
 66
     1
 10
0.0
 20
0.0
 30
0.0
 70
     1
  0
VERTEX
  5
27D
330
27C
100
AcDbEntity
  8
DEFAULT
 62
     1
100
AcDbVertex
100
AcDb2dVertex
 10
37.81594333333333
 20
90.12801944444443
 30
0.0
  0
VERTEX
  5
27E
330
27C
100
AcDbEntity
  8
DEFAULT
 62
     1
100
AcDbVertex
100
AcDb2dVertex
 10
37.81594333333333
 20
96.008825
 30
0.0
  0
VERTEX
  5
27F
330
27C
100
AcDbEntity
  8
DEFAULT
 62
     1
100
AcDbVertex
100
AcDb2dVertex
 10
34.87730444444444
 20
96.008825
 30
0.0
  0
VERTEX
  5
280
330
27C
100
AcDbEntity
  8
DEFAULT
 62
     1
100
AcDbVertex
100
AcDb2dVertex
 10
34.87730444444444
 20
101.8896305555556
 30
0.0
  0
VERTEX
  5
281
330
27C
100
AcDbEntity
  8
DEFAULT
 62
     1
100
AcDbVertex
100
AcDb2dVertex
 10
27.34902666666666
 20
101.8896305555556
 30
0.0
  0
VERTEX
  5
282
330
27C
100
AcDbEntity
  8
DEFAULT
 62
     1
100
AcDbVertex
100
AcDb2dVertex
 10
27.34902666666666
 20
98.95099166666665
 30
0.0
  0
VERTEX
  5
283
330
27C
100
AcDbEntity
  8
DEFAULT
 62
     1
100
AcDbVertex
100
AcDb2dVertex
 10
19.81722111111111
 20
98.95099166666665
 30
0.0
  0
VERTEX
  5
284
330
27C
100
AcDbEntity
  8
DEFAULT
 62
     1
100
AcDbVertex
100
AcDb2dVertex
 10
19.81722111111111
 20
101.8896305555556
 30
0.0
  0
VERTEX
  5
285
330
27C
100
AcDbEntity
  8
DEFAULT
 62
     1
100
AcDbVertex
100
AcDb2dVertex
 10
13.26261
 20
101.8896305555556
 30
0.0
  0
VERTEX
  5
286
330
27C
100
AcDbEntity
  8
DEFAULT
 62
     1
100
AcDbVertex
100
AcDb2dVertex
 10
13.26261
 20
74.08015833333332
 30
0.0
  0
VERTEX
  5
287
330
27C
100
AcDbEntity
  8
DEFAULT
 62
     1
100
AcDbVertex
100
AcDb2dVertex
 10
16.32119333333333
 20
72.00229722222221
 30
0.0
  0
VERTEX
  5
288
330
27C
100
AcDbEntity
  8
DEFAULT
 62
     1
100
AcDbVertex
100
AcDb2dVertex
 10
34.87730444444444
 20
72.00229722222221
 30
0.0
  0
VERTEX
  5
289
330
27C
100
AcDbEntity
  8
DEFAULT
 62
     1
100
AcDbVertex
100
AcDb2dVertex
 10
34.87730444444444
 20
78.3699361111111
 30
0.0
  0
VERTEX
  5
28A
330
27C
100
AcDbEntity
  8
DEFAULT
 62
     1
100
AcDbVertex
100
AcDb2dVertex
 10
37.81594333333333
 20
78.3699361111111
 30
0.0
  0
VERTEX
  5
28B
330
27C
100
AcDbEntity
  8
DEFAULT
 62
     1
100
AcDbVertex
100
AcDb2dVertex
 10
37.81594333333333
 20
84.24721388888888
 30
0.0
  0
VERTEX
  5
28C
330
27C
100
AcDbEntity
  8
DEFAULT
 62
     1
100
AcDbVertex
100
AcDb2dVertex
 10
34.87730444444444
 20
84.24721388888888
 30
0.0
  0
VERTEX
  5
28D
330
27C
100
AcDbEntity
  8
DEFAULT
 62
     1
100
AcDbVertex
100
AcDb2dVertex
 10
34.87730444444444
 20
90.12801944444443
 30
0.0
  0
SEQEND
  5
28E
330
27C
100
AcDbEntity
  8
DEFAULT
 62
     1
  0
SPLINE
  5
28F
330
1F
100
AcDbEntity
  8
DEFAULT
 62
     1
100
AcDbSpline
210
0.0
220
0.0
230
1.0
 70
    11
 71
     3
 72
    80
 73
    76
 74
     0
 42
0.000000001
 43
0.0000000001
 40
53.51047247969316
 40
53.51047247969316
 40
53.51047247969316
 40
53.51047247969316
 40
54.51047247969316
 40
54.51047247969316
 40
54.51047247969316
 40
56.74547247969316
 40
56.74547247969316
 40
56.74547247969316
 40
75.35448217929834
 40
75.35448217929834
 40
75.35448217929834
 40
80.91048217929834
 40
80.91048217929834
 40
80.91048217929834
 40
128.1374821792983
 40
128.1374821792983
 40
128.1374821792983
 40
133.6934821792983
 40
133.6934821792983
 40
133.6934821792983
 40
152.3034821792983
 40
152.3034821792983
 40
152.3034821792983
 40
154.5274821792983
 40
154.5274821792983
 40
154.5274821792983
 40
155.5274821792983
 40
155.5274821792983
 40
155.5274821792983
 40
195.1542565244302
 40
195.1542565244302
 40
195.1542565244302
 40
196.1542565244302
 40
196.1542565244302
 40
196.1542565244302
 40
197.1542565244302
 40
197.1542565244302
 40
197.1542565244302
 40
236.7807779715621
 40
236.7807779715621
 40
236.7807779715621
 40
237.7807779715621
 40
237.7807779715621
 40
237.7807779715621
 40
240.0137779715621
 40
240.0137779715621
 40
240.0137779715621
 40
258.6237801478113
 40
258.6237801478113
 40
258.6237801478113
 40
264.1807801478113
 40
264.1807801478113
 40
264.1807801478113
 40
311.4077801478113
 40
311.4077801478113
 40
311.4077801478113
 40
316.9547801478113
 40
316.9547801478113
 40
316.9547801478113
 40
335.5637801478113
 40
335.5637801478113
 40
335.5637801478113
 40
337.7897801478113
 40
337.7897801478113
 40
337.7897801478113
 40
338.7897801478113
 40
338.7897801478113
 40
338.7897801478113
 40
392.3004606237686
 40
392.3004606237686
 40
392.3004606237686
 40
401.1874606237686
 40
401.1874606237686
 40
401.1874606237686
 40
454.6979331034618
 40
454.6979331034618
 40
454.6979331034618
 40
454.6979331034618
 10
39.40570111111111
 20
18.58525055555555
 30
0.0
 10
37.97800944444444
 20
21.13618666666667
 30
0.0
 10
41.75661222222222
 20
22.31234777777777
 30
0.0
 10
43.38150666666666
 20
22.31234777777777
 30
0.0
 10
43.38150666666666
 20
22.04952833333333
 30
0.0
 10
43.38150666666666
 20
21.78670888888889
 30
0.0
 10
43.38150666666666
 20
21.52388944444444
 30
0.0
 10
45.56978722222221
 20
21.5261237037037
 30
0.0
 10
47.75806777777777
 20
21.52835796296296
 30
0.0
 10
49.94634833333333
 20
21.53059222222222
 30
0.0
 10
49.94634833333333
 20
22.18393666666666
 30
0.0
 10
49.94634833333333
 20
22.83728111111111
 30
0.0
 10
49.94634833333333
 20
23.49062555555555
 30
0.0
 10
55.4998937037037
 20
23.49062555555555
 30
0.0
 10
61.05343907407407
 20
23.49062555555555
 30
0.0
 10
66.60698444444444
 20
23.49062555555555
 30
0.0
 10
66.60698444444444
 20
22.83728111111111
 30
0.0
 10
66.60698444444444
 20
22.18393666666666
 30
0.0
 10
66.60698444444444
 20
21.53059222222222
 30
0.0
 10
68.79538259259259
 20
21.53059222222221
 30
0.0
 10
70.98378074074073
 20
21.53059222222221
 30
0.0
 10
73.17217888888888
 20
21.53059222222222
 30
0.0
 10
73.17217888888888
 20
21.79211814814815
 30
0.0
 10
73.17217888888888
 20
22.05364407407407
 30
0.0
 10
73.17217888888888
 20
22.31517
 30
0.0
 10
74.79742611111111
 20
22.31517
 30
0.0
 10
78.57602888888889
 20
21.14006722222222
 30
0.0
 10
77.14798444444445
 20
18.58877833333333
 30
0.0
 10
72.49002425925926
 20
18.45730981481481
 30
0.0
 10
67.83206407407407
 20
18.3258412962963
 30
0.0
 10
63.17410388888889
 20
18.19437277777778
 30
0.0
 10
62.30979833333332
 20
18.19437277777778
 30
0.0
 10
61.60812333333333
 20
17.49269777777777
 30
0.0
 10
61.60812333333333
 20
16.62486444444444
 30
0.0
 10
61.60812333333333
 20
15.76055888888889
 30
0.0
 10
62.30979833333332
 20
15.05923666666667
 30
0.0
 10
63.17410388888889
 20
15.05923666666667
 30
0.0
 10
67.83206407407407
 20
14.92882648148148
 30
0.0
 10
72.49002425925926
 20
14.7984162962963
 30
0.0
 10
77.14798444444445
 20
14.66800611111111
 30
0.0
 10
78.57602888888889
 20
12.11636444444444
 30
0.0
 10
74.79742611111111
 20
10.94161444444444
 30
0.0
 10
73.17217888888888
 20
10.94161444444444
 30
0.0
 10
73.17217888888888
 20
11.2041987037037
 30
0.0
 10
73.17217888888888
 20
11.46678296296296
 30
0.0
 10
73.17217888888888
 20
11.72936722222222
 30
0.0
 10
70.98378074074073
 20
11.72830888888888
 30
0.0
 10
68.79538259259259
 20
11.72725055555555
 30
0.0
 10
66.60698444444444
 20
11.72619222222222
 30
0.0
 10
66.60698444444444
 20
11.07273018518518
 30
0.0
 10
66.60698444444444
 20
10.41926814814815
 30
0.0
 10
66.60698444444444
 20
9.765806111111111
 30
0.0
 10
61.05343907407407
 20
9.765806111111111
 30
0.0
 10
55.4998937037037
 20
9.765806111111111
 30
0.0
 10
49.94634833333333
 20
9.765806111111111
 30
0.0
 10
49.94634833333333
 20
10.41809222222222
 30
0.0
 10
49.94634833333333
 20
11.07037833333333
 30
0.0
 10
49.94634833333333
 20
11.72266444444445
 30
0.0
 10
47.75806777777777
 20
11.72266444444445
 30
0.0
 10
45.56978722222221
 20
11.72266444444445
 30
0.0
 10
43.38150666666666
 20
11.72266444444445
 30
0.0
 10
43.38150666666666
 20
11.46090333333333
 30
0.0
 10
43.38150666666666
 20
11.19914222222222
 30
0.0
 10
43.38150666666666
 20
10.93738111111111
 30
0.0
 10
41.75661222222222
 20
10.93738111111111
 30
0.0
 10
37.97800944444444
 20
12.11354222222222
 30
0.0
 10
39.40570111111111
 20
14.66483111111111
 30
0.0
 10
45.69678722222222
 20
14.79629962962963
 30
0.0
 10
51.98787333333333
 20
14.92776814814815
 30
0.0
 10
58.27895944444444
 20
15.05923666666667
 30
0.0
 10
58.27895944444444
 20
16.10428203703704
 30
0.0
 10
58.27895944444444
 20
17.14932740740741
 30
0.0
 10
58.27895944444444
 20
18.19437277777778
 30
0.0
 10
51.98787333333333
 20
18.32466537037037
 30
0.0
 10
45.69678722222221
 20
18.45495796296296
 30
0.0
 10
39.40570111111111
 20
18.58525055555555
 30
0.0
  0
SPLINE
  5
290
330
1F
100
AcDbEntity
  8
DEFAULT
 62
     1
100
AcDbSpline
210
0.0
220
0.0
230
1.0
 70
    11
 71
     3
 72
    80
 73
    76
 74
     0
 42
0.000000001
 43
0.0000000001
 40
53.51047247969316
 40
53.51047247969316
 40
53.51047247969316
 40
53.51047247969316
 40
54.51047247969316
 40
54.51047247969316
 40
54.51047247969316
 40
56.74547247969316
 40
56.74547247969316
 40
56.74547247969316
 40
75.35448217929833
 40
75.35448217929833
 40
75.35448217929833
 40
80.91048217929833
 40
80.91048217929833
 40
80.91048217929833
 40
128.1374821792983
 40
128.1374821792983
 40
128.1374821792983
 40
133.6934821792983
 40
133.6934821792983
 40
133.6934821792983
 40
152.3034821792983
 40
152.3034821792983
 40
152.3034821792983
 40
154.5274821792983
 40
154.5274821792983
 40
154.5274821792983
 40
155.5274821792983
 40
155.5274821792983
 40
155.5274821792983
 40
195.1542565244302
 40
195.1542565244302
 40
195.1542565244302
 40
196.1542565244302
 40
196.1542565244302
 40
196.1542565244302
 40
197.1542565244302
 40
197.1542565244302
 40
197.1542565244302
 40
236.780777971562
 40
236.780777971562
 40
236.780777971562
 40
237.780777971562
 40
237.780777971562
 40
237.780777971562
 40
240.013777971562
 40
240.013777971562
 40
240.013777971562
 40
258.6237801478113
 40
258.6237801478113
 40
258.6237801478113
 40
264.1807801478113
 40
264.1807801478113
 40
264.1807801478113
 40
311.4077801478113
 40
311.4077801478113
 40
311.4077801478113
 40
316.9547801478113
 40
316.9547801478113
 40
316.9547801478113
 40
335.5637801478113
 40
335.5637801478113
 40
335.5637801478113
 40
337.7897801478113
 40
337.7897801478113
 40
337.7897801478113
 40
338.7897801478113
 40
338.7897801478113
 40
338.7897801478113
 40
392.3004606237686
 40
392.3004606237686
 40
392.3004606237686
 40
401.1874606237686
 40
401.1874606237686
 40
401.1874606237686
 40
454.6979331034618
 40
454.6979331034618
 40
454.6979331034618
 40
454.6979331034618
 10
77.14826666666666
 20
29.92790277777777
 30
0.0
 10
78.57595833333332
 20
27.37696666666666
 30
0.0
 10
74.79735555555555
 20
26.20080555555555
 30
0.0
 10
73.17246111111109
 20
26.20080555555555
 30
0.0
 10
73.17246111111109
 20
26.46362499999999
 30
0.0
 10
73.17246111111109
 20
26.72644444444444
 30
0.0
 10
73.17246111111109
 20
26.98926388888889
 30
0.0
 10
70.98418055555554
 20
26.98702962962963
 30
0.0
 10
68.79589999999997
 20
26.98479537037037
 30
0.0
 10
66.60761944444444
 20
26.98256111111111
 30
0.0
 10
66.60761944444444
 20
26.32921666666666
 30
0.0
 10
66.60761944444444
 20
25.67587222222221
 30
0.0
 10
66.60761944444444
 20
25.02252777777777
 30
0.0
 10
61.05407407407407
 20
25.02252777777777
 30
0.0
 10
55.50052870370371
 20
25.02252777777777
 30
0.0
 10
49.94698333333333
 20
25.02252777777777
 30
0.0
 10
49.94698333333333
 20
25.67587222222221
 30
0.0
 10
49.94698333333333
 20
26.32921666666666
 30
0.0
 10
49.94698333333333
 20
26.98256111111111
 30
0.0
 10
47.75858518518518
 20
26.98256111111111
 30
0.0
 10
45.57018703703704
 20
26.98256111111111
 30
0.0
 10
43.38178888888888
 20
26.98256111111111
 30
0.0
 10
43.38178888888888
 20
26.72103518518518
 30
0.0
 10
43.38178888888888
 20
26.45950925925926
 30
0.0
 10
43.38178888888888
 20
26.19798333333333
 30
0.0
 10
41.75618888888888
 20
26.19798333333333
 30
0.0
 10
37.97793888888888
 20
27.3730861111111
 30
0.0
 10
39.40598333333332
 20
29.92437499999999
 30
0.0
 10
44.06394351851851
 20
30.05584351851851
 30
0.0
 10
48.7219037037037
 20
30.18731203703703
 30
0.0
 10
53.37986388888888
 20
30.31878055555555
 30
0.0
 10
54.24416944444443
 20
30.31878055555555
 30
0.0
 10
54.94584444444443
 20
31.02045555555555
 30
0.0
 10
54.94584444444443
 20
31.88828888888888
 30
0.0
 10
54.94584444444443
 20
32.75259444444444
 30
0.0
 10
54.24416944444443
 20
33.45391666666666
 30
0.0
 10
53.37986388888888
 20
33.45391666666666
 30
0.0
 10
48.7219037037037
 20
33.58432685185185
 30
0.0
 10
44.06394351851851
 20
33.71473703703703
 30
0.0
 10
39.40598333333332
 20
33.84514722222222
 30
0.0
 10
37.97793888888888
 20
36.39678888888889
 30
0.0
 10
41.75618888888888
 20
37.57153888888888
 30
0.0
 10
43.38178888888888
 20
37.57153888888888
 30
0.0
 10
43.38178888888888
 20
37.30895462962962
 30
0.0
 10
43.38178888888888
 20
37.04637037037037
 30
0.0
 10
43.38178888888888
 20
36.78378611111111
 30
0.0
 10
45.57018703703704
 20
36.78484444444444
 30
0.0
 10
47.75858518518518
 20
36.78590277777777
 30
0.0
 10
49.94698333333333
 20
36.7869611111111
 30
0.0
 10
49.94698333333333
 20
37.44042314814814
 30
0.0
 10
49.94698333333333
 20
38.09388518518518
 30
0.0
 10
49.94698333333333
 20
38.74734722222222
 30
0.0
 10
55.5005287037037
 20
38.74734722222222
 30
0.0
 10
61.05407407407407
 20
38.74734722222222
 30
0.0
 10
66.60761944444444
 20
38.74734722222222
 30
0.0
 10
66.60761944444444
 20
38.09506111111111
 30
0.0
 10
66.60761944444444
 20
37.442775
 30
0.0
 10
66.60761944444444
 20
36.79048888888889
 30
0.0
 10
68.79589999999997
 20
36.79048888888889
 30
0.0
 10
70.98418055555554
 20
36.79048888888889
 30
0.0
 10
73.17246111111109
 20
36.79048888888889
 30
0.0
 10
73.17246111111109
 20
37.05224999999999
 30
0.0
 10
73.17246111111109
 20
37.31401111111111
 30
0.0
 10
73.17246111111109
 20
37.57577222222222
 30
0.0
 10
74.79735555555555
 20
37.57577222222222
 30
0.0
 10
78.57595833333332
 20
36.39961111111111
 30
0.0
 10
77.14826666666666
 20
33.84832222222222
 30
0.0
 10
70.85718055555554
 20
33.7168537037037
 30
0.0
 10
64.56609444444443
 20
33.58538518518518
 30
0.0
 10
58.27500833333333
 20
33.45391666666666
 30
0.0
 10
58.27500833333333
 20
32.4088712962963
 30
0.0
 10
58.27500833333333
 20
31.36382592592593
 30
0.0
 10
58.27500833333333
 20
30.31878055555555
 30
0.0
 10
64.56609444444443
 20
30.18848796296296
 30
0.0
 10
70.85718055555554
 20
30.05819537037037
 30
0.0
 10
77.14826666666666
 20
29.92790277777777
 30
0.0
  0
SPLINE
  5
291
330
1F
100
AcDbEntity
  8
DEFAULT
 62
     1
100
AcDbSpline
210
0.0
220
0.0
230
1.0
 70
    11
 71
     3
 72
    17
 73
    13
 74
     0
 42
0.000000001
 43
0.0000000001
 40
0.0
 40
0.0
 40
0.0
 40
0.0
 40
1.0
 40
1.0
 40
1.0
 40
2.0
 40
2.0
 40
2.0
 40
3.0
 40
3.0
 40
3.0
 40
4.0
 40
4.0
 40
4.0
 40
4.0
 10
21.61642305555555
 20
56.53193333333333
 30
0.0
 10
18.77656194444445
 20
56.53193333333333
 30
0.0
 10
16.47645083333333
 20
58.83557222222221
 30
0.0
 10
16.47645083333333
 20
61.67543333333333
 30
0.0
 10
16.47645083333333
 20
64.51882222222221
 30
0.0
 10
18.77656194444445
 20
66.81893333333332
 30
0.0
 10
21.61642305555555
 20
66.81893333333332
 30
0.0
 10
24.45981194444444
 20
66.81893333333332
 30
0.0
 10
26.75992305555555
 20
64.51882222222221
 30
0.0
 10
26.75992305555555
 20
61.67543333333333
 30
0.0
 10
26.75992305555555
 20
58.83557222222221
 30
0.0
 10
24.45981194444444
 20
56.53193333333333
 30
0.0
 10
21.61642305555555
 20
56.53193333333333
 30
0.0
  0
POLYLINE
  5
292
330
1F
100
AcDbEntity
  8
DEFAULT
 62
     1
100
AcDb2dPolyline
 66
     1
 10
0.0
 20
0.0
 30
0.0
 70
     1
  0
VERTEX
  5
293
330
292
100
AcDbEntity
  8
DEFAULT
 62
     1
100
AcDbVertex
100
AcDb2dVertex
 10
19.46098611111111
 20
40.46643333333333
 30
0.0
  0
VERTEX
  5
294
330
292
100
AcDbEntity
  8
DEFAULT
 62
     1
100
AcDbVertex
100
AcDb2dVertex
 10
24.85143055555555
 20
40.46643333333333
 30
0.0
  0
VERTEX
  5
295
330
292
100
AcDbEntity
  8
DEFAULT
 62
     1
100
AcDbVertex
100
AcDb2dVertex
 10
24.85143055555555
 20
43.4086
 30
0.0
  0
VERTEX
  5
296
330
292
100
AcDbEntity
  8
DEFAULT
 62
     1
100
AcDbVertex
100
AcDb2dVertex
 10
33.18404166666667
 20
43.4086
 30
0.0
  0
VERTEX
  5
297
330
292
100
AcDbEntity
  8
DEFAULT
 62
     1
100
AcDbVertex
100
AcDb2dVertex
 10
33.18404166666667
 20
51.21557222222221
 30
0.0
  0
VERTEX
  5
298
330
292
100
AcDbEntity
  8
DEFAULT
 62
     1
100
AcDbVertex
100
AcDb2dVertex
 10
30.24540277777777
 20
51.21557222222221
 30
0.0
  0
VERTEX
  5
299
330
292
100
AcDbEntity
  8
DEFAULT
 62
     1
100
AcDbVertex
100
AcDb2dVertex
 10
30.24540277777777
 20
59.01901666666666
 30
0.0
  0
VERTEX
  5
29A
330
292
100
AcDbEntity
  8
DEFAULT
 62
     1
100
AcDbVertex
100
AcDb2dVertex
 10
33.18404166666667
 20
59.01901666666666
 30
0.0
  0
VERTEX
  5
29B
330
292
100
AcDbEntity
  8
DEFAULT
 62
     1
100
AcDbVertex
100
AcDb2dVertex
 10
33.18404166666667
 20
66.81893333333333
 30
0.0
  0
VERTEX
  5
29C
330
292
100
AcDbEntity
  8
DEFAULT
 62
     1
100
AcDbVertex
100
AcDb2dVertex
 10
29.71976388888889
 20
70.28321111111111
 30
0.0
  0
VERTEX
  5
29D
330
292
100
AcDbEntity
  8
DEFAULT
 62
     1
100
AcDbVertex
100
AcDb2dVertex
 10
16.02845833333333
 20
70.28321111111111
 30
0.0
  0
VERTEX
  5
29E
330
292
100
AcDbEntity
  8
DEFAULT
 62
     1
100
AcDbVertex
100
AcDb2dVertex
 10
13.26268055555555
 20
67.51037777777778
 30
0.0
  0
VERTEX
  5
29F
330
292
100
AcDbEntity
  8
DEFAULT
 62
     1
100
AcDbVertex
100
AcDb2dVertex
 10
13.26268055555555
 20
56.50018333333333
 30
0.0
  0
VERTEX
  5
2A0
330
292
100
AcDbEntity
  8
DEFAULT
 62
     1
100
AcDbVertex
100
AcDb2dVertex
 10
14.64556944444444
 20
55.11376666666666
 30
0.0
  0
VERTEX
  5
2A1
330
292
100
AcDbEntity
  8
DEFAULT
 62
     1
100
AcDbVertex
100
AcDb2dVertex
 10
14.64556944444444
 20
43.4086
 30
0.0
  0
VERTEX
  5
2A2
330
292
100
AcDbEntity
  8
DEFAULT
 62
     1
100
AcDbVertex
100
AcDb2dVertex
 10
19.46098611111111
 20
43.4086
 30
0.0
  0
SEQEND
  5
2A3
330
292
100
AcDbEntity
  8
DEFAULT
 62
     1
  0
SPLINE
  5
2A4
330
1F
100
AcDbEntity
  8
DEFAULT
 62
     1
100
AcDbSpline
210
0.0
220
0.0
230
1.0
 70
    11
 71
     3
 72
    17
 73
    13
 74
     0
 42
0.000000001
 43
0.0000000001
 40
0.0
 40
0.0
 40
0.0
 40
0.0
 40
1.0
 40
1.0
 40
1.0
 40
2.0
 40
2.0
 40
2.0
 40
3.0
 40
3.0
 40
3.0
 40
4.0
 40
4.0
 40
4.0
 40
4.0
 10
41.40711527777777
 20
61.67546861111111
 30
0.0
 10
41.40711527777777
 20
64.5188575
 30
0.0
 10
43.70757916666666
 20
66.81896861111112
 30
0.0
 10
46.55061527777777
 20
66.81896861111112
 30
0.0
 10
49.39047638888889
 20
66.81896861111112
 30
0.0
 10
51.69058749999999
 20
64.5188575
 30
0.0
 10
51.69058749999999
 20
61.67546861111111
 30
0.0
 10
51.69058749999999
 20
58.83560749999999
 30
0.0
 10
49.39047638888889
 20
56.5319686111111
 30
0.0
 10
46.55061527777777
 20
56.5319686111111
 30
0.0
 10
43.70757916666666
 20
56.5319686111111
 30
0.0
 10
41.40711527777777
 20
58.83560749999999
 30
0.0
 10
41.40711527777777
 20
61.67546861111111
 30
0.0
  0
POLYLINE
  5
2A5
330
1F
100
AcDbEntity
  8
DEFAULT
 62
     1
100
AcDb2dPolyline
 66
     1
 10
0.0
 20
0.0
 30
0.0
 70
     1
  0
VERTEX
  5
2A6
330
2A5
100
AcDbEntity
  8
DEFAULT
 62
     1
100
AcDbVertex
100
AcDb2dVertex
 10
48.7060875
 20
43.40856472222222
 30
0.0
  0
VERTEX
  5
2A7
330
2A5
100
AcDbEntity
  8
DEFAULT
 62
     1
100
AcDbVertex
100
AcDb2dVertex
 10
53.52185694444444
 20
43.40856472222222
 30
0.0
  0
VERTEX
  5
2A8
330
2A5
100
AcDbEntity
  8
DEFAULT
 62
     1
100
AcDbVertex
100
AcDb2dVertex
 10
53.52185694444444
 20
55.11373138888889
 30
0.0
  0
VERTEX
  5
2A9
330
2A5
100
AcDbEntity
  8
DEFAULT
 62
     1
100
AcDbVertex
100
AcDb2dVertex
 10
54.90439305555555
 20
56.50014805555554
 30
0.0
  0
VERTEX
  5
2AA
330
2A5
100
AcDbEntity
  8
DEFAULT
 62
     1
100
AcDbVertex
100
AcDb2dVertex
 10
54.90439305555555
 20
67.5103425
 30
0.0
  0
VERTEX
  5
2AB
330
2A5
100
AcDbEntity
  8
DEFAULT
 62
     1
100
AcDbVertex
100
AcDb2dVertex
 10
52.13861527777777
 20
70.28317583333333
 30
0.0
  0
VERTEX
  5
2AC
330
2A5
100
AcDbEntity
  8
DEFAULT
 62
     1
100
AcDbVertex
100
AcDb2dVertex
 10
38.44730972222222
 20
70.28317583333333
 30
0.0
  0
VERTEX
  5
2AD
330
2A5
100
AcDbEntity
  8
DEFAULT
 62
     1
100
AcDbVertex
100
AcDb2dVertex
 10
34.98338472222222
 20
66.81889805555555
 30
0.0
  0
VERTEX
  5
2AE
330
2A5
100
AcDbEntity
  8
DEFAULT
 62
     1
100
AcDbVertex
100
AcDb2dVertex
 10
34.98338472222222
 20
59.01898138888888
 30
0.0
  0
VERTEX
  5
2AF
330
2A5
100
AcDbEntity
  8
DEFAULT
 62
     1
100
AcDbVertex
100
AcDb2dVertex
 10
37.92202361111111
 20
59.01898138888888
 30
0.0
  0
VERTEX
  5
2B0
330
2A5
100
AcDbEntity
  8
DEFAULT
 62
     1
100
AcDbVertex
100
AcDb2dVertex
 10
37.92202361111111
 20
51.21553694444444
 30
0.0
  0
VERTEX
  5
2B1
330
2A5
100
AcDbEntity
  8
DEFAULT
 62
     1
100
AcDbVertex
100
AcDb2dVertex
 10
34.98338472222222
 20
51.21553694444444
 30
0.0
  0
VERTEX
  5
2B2
330
2A5
100
AcDbEntity
  8
DEFAULT
 62
     1
100
AcDbVertex
100
AcDb2dVertex
 10
34.98338472222222
 20
43.40856472222222
 30
0.0
  0
VERTEX
  5
2B3
330
2A5
100
AcDbEntity
  8
DEFAULT
 62
     1
100
AcDbVertex
100
AcDb2dVertex
 10
43.31564305555555
 20
43.40856472222222
 30
0.0
  0
VERTEX
  5
2B4
330
2A5
100
AcDbEntity
  8
DEFAULT
 62
     1
100
AcDbVertex
100
AcDb2dVertex
 10
43.31564305555555
 20
40.46639805555555
 30
0.0
  0
VERTEX
  5
2B5
330
2A5
100
AcDbEntity
  8
DEFAULT
 62
     1
100
AcDbVertex
100
AcDb2dVertex
 10
48.7060875
 20
40.46639805555555
 30
0.0
  0
SEQEND
  5
2B6
330
2A5
100
AcDbEntity
  8
DEFAULT
 62
     1
  0
SPLINE
  5
2B7
330
1F
100
AcDbEntity
  8
DEFAULT
 62
     1
100
AcDbSpline
210
0.0
220
0.0
230
1.0
 70
    11
 71
     3
 72
    17
 73
    13
 74
     0
 42
0.000000001
 43
0.0000000001
 40
0.0
 40
0.0
 40
0.0
 40
0.0
 40
1.0
 40
1.0
 40
1.0
 40
2.0
 40
2.0
 40
2.0
 40
3.0
 40
3.0
 40
3.0
 40
4.0
 40
4.0
 40
4.0
 40
4.0
 10
55.17232777777777
 20
91.05473138888887
 30
0.0
 10
54.06284166666666
 20
91.05473138888887
 30
0.0
 10
53.16043611111111
 20
91.95678416666665
 30
0.0
 10
53.16043611111111
 20
93.07015083333333
 30
0.0
 10
53.16043611111111
 20
94.18034249999998
 30
0.0
 10
54.06284166666666
 20
95.08239527777775
 30
0.0
 10
55.17232777777777
 20
95.08239527777775
 30
0.0
 10
56.28569444444445
 20
95.08239527777775
 30
0.0
 10
57.1881
 20
94.18034249999998
 30
0.0
 10
57.1881
 20
93.07015083333333
 30
0.0
 10
57.1881
 20
91.95678416666665
 30
0.0
 10
56.28569444444445
 20
91.05473138888887
 30
0.0
 10
55.17232777777777
 20
91.05473138888887
 30
0.0
  0
SPLINE
  5
2B8
330
1F
100
AcDbEntity
  8
DEFAULT
 62
     1
100
AcDbSpline
210
0.0
220
0.0
230
1.0
 70
    11
 71
     3
 72
    29
 73
    25
 74
     0
 42
0.000000001
 43
0.0000000001
 40
0.0
 40
0.0
 40
0.0
 40
0.0
 40
5.154000000000025
 40
5.154000000000025
 40
5.154000000000025
 40
6.154000000000025
 40
6.154000000000025
 40
6.154000000000025
 40
7.154000000000025
 40
7.154000000000025
 40
7.154000000000025
 40
8.154000000000025
 40
8.154000000000025
 40
8.154000000000025
 40
9.154000000000025
 40
9.154000000000025
 40
9.154000000000025
 40
14.31800000000007
 40
14.31800000000007
 40
14.31800000000007
 40
15.31800000000007
 40
15.31800000000007
 40
15.31800000000007
 40
16.31800000000007
 40
16.31800000000007
 40
16.31800000000007
 40
16.31800000000007
 10
48.04064277777778
 20
90.04187111111109
 30
0.0
 10
48.04064277777778
 20
90.64794333333333
 30
0.0
 10
48.04064277777778
 20
91.25401555555555
 30
0.0
 10
48.04064277777778
 20
91.86008777777778
 30
0.0
 10
48.09214833333333
 20
91.88125444444444
 30
0.0
 10
48.13695111111111
 20
91.90206833333332
 30
0.0
 10
48.18563444444444
 20
91.92993777777777
 30
0.0
 10
48.59027055555555
 20
92.14724888888887
 30
0.0
 10
48.85944
 20
92.57622666666666
 30
0.0
 10
48.85944
 20
93.06694055555555
 30
0.0
 10
48.85944
 20
93.55800722222222
 30
0.0
 10
48.59027055555555
 20
93.9866322222222
 30
0.0
 10
48.18563444444444
 20
94.20817666666665
 30
0.0
 10
48.13695111111111
 20
94.23251833333332
 30
0.0
 10
48.09214833333333
 20
94.25262666666666
 30
0.0
 10
48.04064277777778
 20
94.27344055555554
 30
0.0
 10
48.04064277777778
 20
94.88068870370368
 30
0.0
 10
48.04064277777778
 20
95.48793685185183
 30
0.0
 10
48.04064277777778
 20
96.095185
 30
0.0
 10
49.50643444444444
 20
95.86729055555554
 30
0.0
 10
50.62615111111111
 20
94.59482111111109
 30
0.0
 10
50.62615111111111
 20
93.06694055555555
 30
0.0
 10
50.62615111111111
 20
91.53870722222221
 30
0.0
 10
49.50643444444444
 20
90.26976555555554
 30
0.0
 10
48.04064277777778
 20
90.04187111111109
 30
0.0
  0
SPLINE
  5
2B9
330
1F
100
AcDbEntity
  8
DEFAULT
 62
     1
100
AcDbSpline
210
0.0
220
0.0
230
1.0
 70
    11
 71
     3
 72
    29
 73
    25
 74
     0
 42
0.000000001
 43
0.0000000001
 40
0.0
 40
0.0
 40
0.0
 40
0.0
 40
1.0
 40
1.0
 40
1.0
 40
2.0
 40
2.0
 40
2.0
 40
3.0
 40
3.0
 40
3.0
 40
4.0
 40
4.0
 40
4.0
 40
9.186000000000007
 40
9.186000000000007
 40
9.186000000000007
 40
10.18600000000001
 40
10.18600000000001
 40
10.18600000000001
 40
11.18600000000001
 40
11.18600000000001
 40
11.18600000000001
 40
16.36199999999999
 40
16.36199999999999
 40
16.36199999999999
 40
16.36199999999999
 10
47.0481025
 20
94.2593647222222
 30
0.0
 10
46.99236361111111
 20
94.23255361111109
 30
0.0
 10
46.94050527777777
 20
94.2039786111111
 30
0.0
 10
46.88899972222222
 20
94.16940638888887
 30
0.0
 10
46.51576083333333
 20
93.94539249999998
 30
0.0
 10
46.27375527777777
 20
93.53334805555554
 30
0.0
 10
46.27375527777777
 20
93.06697583333332
 30
0.0
 10
46.27375527777777
 20
92.6037786111111
 30
0.0
 10
46.51576083333333
 20
92.19243972222222
 30
0.0
 10
46.88899972222222
 20
91.96772027777777
 30
0.0
 10
46.94050527777777
 20
91.93314805555553
 30
0.0
 10
46.99236361111111
 20
91.90492583333332
 30
0.0
 10
47.0481025
 20
91.8812897222222
 30
0.0
 10
47.0481025
 20
91.27145453703702
 30
0.0
 10
47.0481025
 20
90.66161935185183
 30
0.0
 10
47.0481025
 20
90.05178416666665
 30
0.0
 10
45.60629972222223
 20
90.29802305555555
 30
0.0
 10
44.50704416666666
 20
91.55285361111109
 30
0.0
 10
44.50704416666666
 20
93.06697583333332
 30
0.0
 10
44.50704416666666
 20
94.58145083333332
 30
0.0
 10
45.60629972222223
 20
95.83945638888886
 30
0.0
 10
47.0481025
 20
96.08534249999998
 30
0.0
 10
47.0481025
 20
95.47668324074073
 30
0.0
 10
47.0481025
 20
94.86802398148147
 30
0.0
 10
47.0481025
 20
94.2593647222222
 30
0.0
  0
POLYLINE
  5
2BA
330
1F
100
AcDbEntity
  8
DEFAULT
 62
     1
100
AcDb2dPolyline
 66
     1
 10
0.0
 20
0.0
 30
0.0
 70
     1
  0
VERTEX
  5
2BB
330
2BA
100
AcDbEntity
  8
DEFAULT
 62
     1
100
AcDbVertex
100
AcDb2dVertex
 10
62.6089186111111
 20
96.0087897222222
 30
0.0
  0
VERTEX
  5
2BC
330
2BA
100
AcDbEntity
  8
DEFAULT
 62
     1
100
AcDbVertex
100
AcDb2dVertex
 10
62.6089186111111
 20
101.8895952777778
 30
0.0
  0
VERTEX
  5
2BD
330
2BA
100
AcDbEntity
  8
DEFAULT
 62
     1
100
AcDbVertex
100
AcDb2dVertex
 10
54.76772694444443
 20
101.8895952777778
 30
0.0
  0
VERTEX
  5
2BE
330
2BA
100
AcDbEntity
  8
DEFAULT
 62
     1
100
AcDbVertex
100
AcDb2dVertex
 10
54.76772694444443
 20
98.94742861111109
 30
0.0
  0
VERTEX
  5
2BF
330
2BA
100
AcDbEntity
  8
DEFAULT
 62
     1
100
AcDbVertex
100
AcDb2dVertex
 10
46.92724083333333
 20
98.94742861111109
 30
0.0
  0
VERTEX
  5
2C0
330
2BA
100
AcDbEntity
  8
DEFAULT
 62
     1
100
AcDbVertex
100
AcDb2dVertex
 10
46.92724083333333
 20
101.8895952777778
 30
0.0
  0
VERTEX
  5
2C1
330
2BA
100
AcDbEntity
  8
DEFAULT
 62
     1
100
AcDbVertex
100
AcDb2dVertex
 10
39.08957694444444
 20
101.8895952777778
 30
0.0
  0
VERTEX
  5
2C2
330
2BA
100
AcDbEntity
  8
DEFAULT
 62
     1
100
AcDbVertex
100
AcDb2dVertex
 10
39.08957694444444
 20
96.0087897222222
 30
0.0
  0
VERTEX
  5
2C3
330
2BA
100
AcDbEntity
  8
DEFAULT
 62
     1
100
AcDbVertex
100
AcDb2dVertex
 10
42.02821583333333
 20
96.0087897222222
 30
0.0
  0
VERTEX
  5
2C4
330
2BA
100
AcDbEntity
  8
DEFAULT
 62
     1
100
AcDbVertex
100
AcDb2dVertex
 10
42.02821583333333
 20
90.12833694444443
 30
0.0
  0
VERTEX
  5
2C5
330
2BA
100
AcDbEntity
  8
DEFAULT
 62
     1
100
AcDbVertex
100
AcDb2dVertex
 10
39.08957694444444
 20
90.12833694444443
 30
0.0
  0
VERTEX
  5
2C6
330
2BA
100
AcDbEntity
  8
DEFAULT
 62
     1
100
AcDbVertex
100
AcDb2dVertex
 10
39.08957694444444
 20
84.24753138888887
 30
0.0
  0
VERTEX
  5
2C7
330
2BA
100
AcDbEntity
  8
DEFAULT
 62
     1
100
AcDbVertex
100
AcDb2dVertex
 10
42.02821583333333
 20
84.24753138888887
 30
0.0
  0
VERTEX
  5
2C8
330
2BA
100
AcDbEntity
  8
DEFAULT
 62
     1
100
AcDbVertex
100
AcDb2dVertex
 10
42.02821583333333
 20
78.3702536111111
 30
0.0
  0
VERTEX
  5
2C9
330
2BA
100
AcDbEntity
  8
DEFAULT
 62
     1
100
AcDbVertex
100
AcDb2dVertex
 10
39.08957694444444
 20
78.3702536111111
 30
0.0
  0
VERTEX
  5
2CA
330
2BA
100
AcDbEntity
  8
DEFAULT
 62
     1
100
AcDbVertex
100
AcDb2dVertex
 10
39.08957694444444
 20
71.9994397222222
 30
0.0
  0
VERTEX
  5
2CB
330
2BA
100
AcDbEntity
  8
DEFAULT
 62
     1
100
AcDbVertex
100
AcDb2dVertex
 10
46.43970194444444
 20
71.9994397222222
 30
0.0
  0
VERTEX
  5
2CC
330
2BA
100
AcDbEntity
  8
DEFAULT
 62
     1
100
AcDbVertex
100
AcDb2dVertex
 10
46.43970194444444
 20
84.89029249999999
 30
0.0
  0
VERTEX
  5
2CD
330
2BA
100
AcDbEntity
  8
DEFAULT
 62
     1
100
AcDbVertex
100
AcDb2dVertex
 10
49.37834083333333
 20
84.89029249999999
 30
0.0
  0
VERTEX
  5
2CE
330
2BA
100
AcDbEntity
  8
DEFAULT
 62
     1
100
AcDbVertex
100
AcDb2dVertex
 10
49.37834083333333
 20
81.9484786111111
 30
0.0
  0
VERTEX
  5
2CF
330
2BA
100
AcDbEntity
  8
DEFAULT
 62
     1
100
AcDbVertex
100
AcDb2dVertex
 10
52.31697972222221
 20
81.9484786111111
 30
0.0
  0
VERTEX
  5
2D0
330
2BA
100
AcDbEntity
  8
DEFAULT
 62
     1
100
AcDbVertex
100
AcDb2dVertex
 10
52.31697972222221
 20
84.89029249999999
 30
0.0
  0
VERTEX
  5
2D1
330
2BA
100
AcDbEntity
  8
DEFAULT
 62
     1
100
AcDbVertex
100
AcDb2dVertex
 10
55.2587936111111
 20
84.89029249999999
 30
0.0
  0
VERTEX
  5
2D2
330
2BA
100
AcDbEntity
  8
DEFAULT
 62
     1
100
AcDbVertex
100
AcDb2dVertex
 10
55.2587936111111
 20
71.9994397222222
 30
0.0
  0
VERTEX
  5
2D3
330
2BA
100
AcDbEntity
  8
DEFAULT
 62
     1
100
AcDbVertex
100
AcDb2dVertex
 10
62.6089186111111
 20
71.9994397222222
 30
0.0
  0
VERTEX
  5
2D4
330
2BA
100
AcDbEntity
  8
DEFAULT
 62
     1
100
AcDbVertex
100
AcDb2dVertex
 10
62.6089186111111
 20
78.3702536111111
 30
0.0
  0
VERTEX
  5
2D5
330
2BA
100
AcDbEntity
  8
DEFAULT
 62
     1
100
AcDbVertex
100
AcDb2dVertex
 10
59.66675194444444
 20
78.3702536111111
 30
0.0
  0
VERTEX
  5
2D6
330
2BA
100
AcDbEntity
  8
DEFAULT
 62
     1
100
AcDbVertex
100
AcDb2dVertex
 10
59.66675194444444
 20
84.24753138888887
 30
0.0
  0
VERTEX
  5
2D7
330
2BA
100
AcDbEntity
  8
DEFAULT
 62
     1
100
AcDbVertex
100
AcDb2dVertex
 10
62.6089186111111
 20
84.24753138888887
 30
0.0
  0
VERTEX
  5
2D8
330
2BA
100
AcDbEntity
  8
DEFAULT
 62
     1
100
AcDbVertex
100
AcDb2dVertex
 10
62.6089186111111
 20
90.12833694444443
 30
0.0
  0
VERTEX
  5
2D9
330
2BA
100
AcDbEntity
  8
DEFAULT
 62
     1
100
AcDbVertex
100
AcDb2dVertex
 10
59.66675194444444
 20
90.12833694444443
 30
0.0
  0
VERTEX
  5
2DA
330
2BA
100
AcDbEntity
  8
DEFAULT
 62
     1
100
AcDbVertex
100
AcDb2dVertex
 10
59.66675194444444
 20
96.0087897222222
 30
0.0
  0
SEQEND
  5
2DB
330
2BA
100
AcDbEntity
  8
DEFAULT
 62
     1
  0
ENDSEC
  0
SECTION
  2
OBJECTS
  0
DICTIONARY
  5
C
330
0
100
AcDbDictionary
  3
ACAD_GROUP
350
D
  3
ACAD_LAYOUT
350
1A
  3
ACAD_MATERIAL
350
43
  3
ACAD_MLEADERSTYLE
350
2FE
  3
ACAD_MLINESTYLE
350
17
  3
ACAD_PLOTSETTINGS
350
19
  3
ACAD_SCALELIST
350
47
  3
ACAD_VISUALSTYLE
350
2A
  3
ACDBHEADERROUNDTRIPXREC
350
2DC
  3
ACDBVARIABLEDICTIONARY
350
2FC
  0
DICTIONARY
  5
D
102
{ACAD_REACTORS
330
C
102
}
330
C
100
AcDbDictionary
  0
DICTIONARY
  5
1A
102
{ACAD_REACTORS
330
C
102
}
330
C
100
AcDbDictionary
  0
DICTIONARY
  5
43
102
{ACAD_REACTORS
330
C
102
}
330
C
100
AcDbDictionary
  3
BYBLOCK
350
45
  3
BYLAYER
350
44
  3
GLOBAL
350
46
  0
DICTIONARY
  5
2FE
102
{ACAD_REACTORS
330
C
102
}
330
C
100
AcDbDictionary
  0
DICTIONARY
  5
17
102
{ACAD_REACTORS
330
C
102
}
330
C
100
AcDbDictionary
  3
STANDARD
350
18
  0
DICTIONARY
  5
19
102
{ACAD_REACTORS
330
C
102
}
330
C
100
AcDbDictionary
  0
DICTIONARY
  5
47
102
{ACAD_REACTORS
330
C
102
}
330
C
100
AcDbDictionary
  3
A0
350
48
  3
A1
350
49
  3
A2
350
4A
  3
A3
350
4B
  3
A4
350
4C
  3
A5
350
4D
  3
A6
350
4E
  3
A7
350
4F
  3
A8
350
50
  3
A9
350
51
  3
B0
350
52
  3
B1
350
53
  3
B2
350
54
  3
B3
350
55
  3
B4
350
56
  3
B5
350
57
  3
B6
350
58
  3
B7
350
59
  3
B8
350
5A
  3
B9
350
5B
  3
C0
350
5C
  3
C1
350
5D
  3
C2
350
5E
  3
C3
350
5F
  3
C4
350
60
  3
C5
350
61
  3
C6
350
62
  3
C7
350
63
  3
C8
350
64
  3
C9
350
65
  3
D0
350
66
  3
D1
350
67
  3
D2
350
68
  0
DICTIONARY
  5
2A
102
{ACAD_REACTORS
330
C
102
}
330
C
100
AcDbDictionary
  3
2DWIREFRAME
350
2F
  3
BASIC
350
32
  3
BRIGHTEN
350
36
  3
COLORCHANGE
350
3A
  3
CONCEPTUAL
350
34
  3
DIM
350
35
  3
EDGECOLOROFF
350
3D
  3
FACEPATTERN
350
39
  3
FLAT
350
2B
  3
FLATWITHEDGES
350
2C
  3
GOURAUD
350
2D
  3
GOURAUDWITHEDGES
350
2E
  3
HIDDEN
350
31
  3
JITTEROFF
350
3B
  3
LINEPATTERN
350
38
  3
OVERHANGOFF
350
3C
  3
REALISTIC
350
33
  3
SHADED
350
42
  3
SHADED_WITH_EDGES
350
41
  3
SHADES_OF_GRAY
350
3E
  3
SKETCHY
350
3F
  3
THICKEN
350
37
  3
WIREFRAME
350
30
  3
X-RAY
350
40
  0
DICTIONARY
  5
2DC
102
{ACAD_REACTORS
330
C
102
}
330
C
100
AcDbDictionary
  3
CEPSNTYPE
350
2E5
  3
DIMSTYLEDATA
350
2FB
  3
FINGERPRINTGUID
350
2E6
  3
HYPERLINKBASE
350
2DF
  3
INSUNITS
350
2E4
  3
LAYOUTDICT
350
2E1
  3
LWETCUNION
350
2E3
  3
PLOTSETDICT
350
2E2
  3
PSVPSCALE
350
2E8
  3
PUCSBASE
350
2EB
  3
PUCSORGBACK
350
2F1
  3
PUCSORGBOTTOM
350
2ED
  3
PUCSORGFRONT
350
2F0
  3
PUCSORGLEFT
350
2EE
  3
PUCSORGRIGHT
350
2EF
  3
PUCSORGTOP
350
2EC
  3
PUCSORTHOREF
350
2E9
  3
PUCSORTHOVIEW
350
2EA
  3
STYLESHEET
350
2E0
  3
TSTACKALIGN
350
2DD
  3
TSTACKSIZE
350
2DE
  3
UCSBASE
350
2F4
  3
UCSORGBACK
350
2FA
  3
UCSORGBOTTOM
350
2F6
  3
UCSORGFRONT
350
2F9
  3
UCSORGLEFT
350
2F7
  3
UCSORGRIGHT
350
2F8
  3
UCSORGTOP
350
2F5
  3
UCSORTHOREF
350
2F2
  3
UCSORTHOVIEW
350
2F3
  3
VERSIONGUID
350
2E7
  0
DICTIONARY
  5
2FC
102
{ACAD_REACTORS
330
C
102
}
330
C
100
AcDbDictionary
  3
CANNOSCALE
350
303
  3
DIMASSOC
350
301
  3
HIDETEXT
350
302
  3
MSLTSCALE
350
304
  0
MATERIAL
  5
45
102
{ACAD_REACTORS
330
43
102
}
102
{ACAD_XDICTIONARY
360
307
102
}
330
43
100
AcDbMaterial
  1
BYBLOCK
  0
MATERIAL
  5
44
102
{ACAD_REACTORS
330
43
102
}
102
{ACAD_XDICTIONARY
360
305
102
}
330
43
100
AcDbMaterial
  1
BYLAYER
  0
MATERIAL
  5
46
102
{ACAD_REACTORS
330
43
102
}
102
{ACAD_XDICTIONARY
360
309
102
}
330
43
100
AcDbMaterial
  1
GLOBAL
  0
MLINESTYLE
  5
18
102
{ACAD_REACTORS
330
17
102
}
330
17
100
AcDbMlineStyle
  2
Standard
 70
     0
  3

 62
   256
 51
90.0
 52
90.0
 71
     2
 49
0.5
 62
   256
  6
BYLAYER
 49
-0.5
 62
   256
  6
BYLAYER
  0
ACAD_PROXY_OBJECT
  5
48
102
{ACAD_REACTORS
330
47
102
}
330
47
100
AcDbProxyObject
 90
      499
 91
      503
 93
       41
310
903313A31580
  0
ACAD_PROXY_OBJECT
  5
49
102
{ACAD_REACTORS
330
47
102
}
330
47
100
AcDbProxyObject
 90
      499
 91
      503
 93
      105
310
903313A324000000000000004000
  0
ACAD_PROXY_OBJECT
  5
4A
102
{ACAD_REACTORS
330
47
102
}
330
47
100
AcDbProxyObject
 90
      499
 91
      503
 93
      105
310
903313A344000000000000104000
  0
ACAD_PROXY_OBJECT
  5
4B
102
{ACAD_REACTORS
330
47
102
}
330
47
100
AcDbProxyObject
 90
      499
 91
      503
 93
      105
310
903313A354000000000000144000
  0
ACAD_PROXY_OBJECT
  5
4C
102
{ACAD_REACTORS
330
47
102
}
330
47
100
AcDbProxyObject
 90
      499
 91
      503
 93
      105
310
903313A384000000000000204000
  0
ACAD_PROXY_OBJECT
  5
4D
102
{ACAD_REACTORS
330
47
102
}
330
47
100
AcDbProxyObject
 90
      499
 91
      503
 93
      113
310
904313A31304000000000000244000
  0
ACAD_PROXY_OBJECT
  5
4E
102
{ACAD_REACTORS
330
47
102
}
330
47
100
AcDbProxyObject
 90
      499
 91
      503
 93
      113
310
904313A31364000000000000304000
  0
ACAD_PROXY_OBJECT
  5
4F
102
{ACAD_REACTORS
330
47
102
}
330
47
100
AcDbProxyObject
 90
      499
 91
      503
 93
      113
310
904313A32304000000000000344000
  0
ACAD_PROXY_OBJECT
  5
50
102
{ACAD_REACTORS
330
47
102
}
330
47
100
AcDbProxyObject
 90
      499
 91
      503
 93
      113
310
904313A333040000000000003E4000
  0
ACAD_PROXY_OBJECT
  5
51
102
{ACAD_REACTORS
330
47
102
}
330
47
100
AcDbProxyObject
 90
      499
 91
      503
 93
      113
310
904313A34304000000000000444000
  0
ACAD_PROXY_OBJECT
  5
52
102
{ACAD_REACTORS
330
47
102
}
330
47
100
AcDbProxyObject
 90
      499
 91
      503
 93
      113
310
904313A35304000000000000494000
  0
ACAD_PROXY_OBJECT
  5
53
102
{ACAD_REACTORS
330
47
102
}
330
47
100
AcDbProxyObject
 90
      499
 91
      503
 93
      121
310
905313A3130304000000000000594000
  0
ACAD_PROXY_OBJECT
  5
54
102
{ACAD_REACTORS
330
47
102
}
330
47
100
AcDbProxyObject
 90
      499
 91
      503
 93
      105
310
903323A310000000000000010100
  0
ACAD_PROXY_OBJECT
  5
55
102
{ACAD_REACTORS
330
47
102
}
330
47
100
AcDbProxyObject
 90
      499
 91
      503
 93
      105
310
903343A310000000000000410100
  0
ACAD_PROXY_OBJECT
  5
56
102
{ACAD_REACTORS
330
47
102
}
330
47
100
AcDbProxyObject
 90
      499
 91
      503
 93
      105
310
903383A310000000000000810100
  0
ACAD_PROXY_OBJECT
  5
57
102
{ACAD_REACTORS
330
47
102
}
330
47
100
AcDbProxyObject
 90
      499
 91
      503
 93
      113
310
90431303A310000000000000910100
  0
ACAD_PROXY_OBJECT
  5
58
102
{ACAD_REACTORS
330
47
102
}
330
47
100
AcDbProxyObject
 90
      499
 91
      503
 93
      121
310
9053130303A310000000000001650100
  0
ACAD_PROXY_OBJECT
  5
59
102
{ACAD_REACTORS
330
47
102
}
330
47
100
AcDbProxyObject
 90
      499
 91
      503
 93
      257
310
90E312F31323822203D2031272D3022000000000000200FC000000000000284000
  0
ACAD_PROXY_OBJECT
  5
5A
102
{ACAD_REACTORS
330
47
102
}
330
47
100
AcDbProxyObject
 90
      499
 91
      503
 93
      249
310
90D312F363422203D2031272D3022000000000000240FC000000000000284000
  0
ACAD_PROXY_OBJECT
  5
5B
102
{ACAD_REACTORS
330
47
102
}
330
47
100
AcDbProxyObject
 90
      499
 91
      503
 93
      249
310
90D312F333222203D2031272D3022000000000000280FC000000000000284000
  0
ACAD_PROXY_OBJECT
  5
5C
102
{ACAD_REACTORS
330
47
102
}
330
47
100
AcDbProxyObject
 90
      499
 91
      503
 93
      249
310
90D312F313622203D2031272D30220000000000002C0FC000000000000284000
  0
ACAD_PROXY_OBJECT
  5
5D
102
{ACAD_REACTORS
330
47
102
}
330
47
100
AcDbProxyObject
 90
      499
 91
      503
 93
      249
310
90D332F333222203D2031272D30220000000000002E0FC000000000000284000
  0
ACAD_PROXY_OBJECT
  5
5E
102
{ACAD_REACTORS
330
47
102
}
330
47
100
AcDbProxyObject
 90
      499
 91
      503
 93
      241
310
90C312F3822203D2031272D3022000000000000300FC000000000000284000
  0
ACAD_PROXY_OBJECT
  5
5F
102
{ACAD_REACTORS
330
47
102
}
330
47
100
AcDbProxyObject
 90
      499
 91
      503
 93
      249
310
90D332F313622203D2031272D3022000000000000320FC000000000000284000
  0
ACAD_PROXY_OBJECT
  5
60
102
{ACAD_REACTORS
330
47
102
}
330
47
100
AcDbProxyObject
 90
      499
 91
      503
 93
      241
310
90C312F3422203D2031272D3022000000000000340FC000000000000284000
  0
ACAD_PROXY_OBJECT
  5
61
102
{ACAD_REACTORS
330
47
102
}
330
47
100
AcDbProxyObject
 90
      499
 91
      503
 93
      241
310
90C332F3822203D2031272D3022000000000000360FC000000000000284000
  0
ACAD_PROXY_OBJECT
  5
62
102
{ACAD_REACTORS
330
47
102
}
330
47
100
AcDbProxyObject
 90
      499
 91
      503
 93
      241
310
90C312F3222203D2031272D3022000000000000380FC000000000000284000
  0
ACAD_PROXY_OBJECT
  5
63
102
{ACAD_REACTORS
330
47
102
}
330
47
100
AcDbProxyObject
 90
      499
 91
      503
 93
      241
310
90C332F3422203D2031272D30220000000000003A0FC000000000000284000
  0
ACAD_PROXY_OBJECT
  5
64
102
{ACAD_REACTORS
330
47
102
}
330
47
100
AcDbProxyObject
 90
      499
 91
      503
 93
      161
310
90A3122203D2031272D30224000000000000284000
  0
ACAD_PROXY_OBJECT
  5
65
102
{ACAD_REACTORS
330
47
102
}
330
47
100
AcDbProxyObject
 90
      499
 91
      503
 93
      257
310
90E312D312F3222203D2031272D30220000000000003E0FC000000000000284000
  0
ACAD_PROXY_OBJECT
  5
66
102
{ACAD_REACTORS
330
47
102
}
330
47
100
AcDbProxyObject
 90
      499
 91
      503
 93
      225
310
90A3322203D2031272D302200000000000002100000000000000284000
  0
ACAD_PROXY_OBJECT
  5
67
102
{ACAD_REACTORS
330
47
102
}
330
47
100
AcDbProxyObject
 90
      499
 91
      503
 93
      225
310
90A3622203D2031272D302200000000000006100000000000000284000
  0
ACAD_PROXY_OBJECT
  5
68
102
{ACAD_REACTORS
330
47
102
}
330
47
100
AcDbProxyObject
 90
      499
 91
      503
 93
      249
310
90D31272D3022203D2031272D30220000000000000A100000000000000284000
  0
ACAD_PROXY_OBJECT
  5
2F
102
{ACAD_REACTORS
330
2A
102
}
330
2A
100
AcDbProxyObject
 90
      499
 91
      501
 93
      436
310
42CC9915DA5C99599C985B595049028333333333333E33F0000000000000F90107901411070040501600405405064090741402480A0340
1001
ACAD
1000
AcDbSavedByObjectVersion
1070
     0
  0
ACAD_PROXY_OBJECT
  5
32
102
{ACAD_REACTORS
330
2A
102
}
330
2A
100
AcDbProxyObject
 90
      499
 91
      501
 93
      388
310
4150985CDA58D07406404333333333333E33F0000000000000F90107A41107004050150841D405064090741402480A0350
1001
ACAD
1000
AcDbSavedByObjectVersion
1070
     0
  0
ACAD_PROXY_OBJECT
  5
36
102
{ACAD_REACTORS
330
2A
102
}
330
2A
100
AcDbProxyObject
 90
      499
 91
      501
 93
      428
310
42109C9A59DA1D195B90C409028333333333333E33F0000000000000F9010790141107004050150841D405064090741402480A029950
1001
ACAD
1000
AcDbSavedByObjectVersion
1070
     0
  0
ACAD_PROXY_OBJECT
  5
3A
102
{ACAD_REACTORS
330
2A
102
}
330
2A
100
AcDbProxyObject
 90
      499
 91
      501
 93
      452
310
42D0DBDB1BDC90DA185B99D95104090240C333333333333E33F0000000000000F90108901411070040501508421405064090741402480A0350
1001
ACAD
1000
AcDbSavedByObjectVersion
1070
     0
  0
ACAD_PROXY_OBJECT
  5
34
102
{ACAD_REACTORS
330
2A
102
}
330
2A
100
AcDbProxyObject
 90
      499
 91
      501
 93
      500
310
4290DBDB98D95C1D1D585B10940D028333333333333E33F0000000000000F90107902409070040501000000000018199010841D405064090740C02480A0340
1001
ACAD
1000
AcDbSavedByObjectVersion
1070
     0
  0
ACAD_PROXY_OBJECT
  5
35
102
{ACAD_REACTORS
330
2A
102
}
330
2A
100
AcDbProxyObject
 90
      499
 91
      501
 93
      412
310
40D11A5B50B409028333333333333E33F0000000000000F9010790141107004050150841D405064090741402480A02677FFFFFD0
1001
ACAD
1000
AcDbSavedByObjectVersion
1070
     0
  0
ACAD_PROXY_OBJECT
  5
3D
102
{ACAD_REACTORS
330
2A
102
}
330
2A
100
AcDbProxyObject
 90
      499
 91
      501
 93
      452
310
43115919D950DBDB1BDC93D999916409028333333333333E33F0000000000000F9010790141107004050150841D405064090741402480A0350
1001
ACAD
1000
AcDbSavedByObjectVersion
1070
     0
  0
ACAD_PROXY_OBJECT
  5
39
102
{ACAD_REACTORS
330
2A
102
}
330
2A
100
AcDbProxyObject
 90
      499
 91
      501
 93
      444
310
42D19858D95C185D1D195C9B90F409028333333333333E33F0000000000000F9010790141107004050150841D405064090741402480A0350
1001
ACAD
1000
AcDbSavedByObjectVersion
1070
     0
  0
ACAD_PROXY_OBJECT
  5
2B
102
{ACAD_REACTORS
330
2A
102
}
330
2A
100
AcDbProxyObject
 90
      499
 91
      501
 93
      380
310
41119B185D240901404333333333333E33F0000000000000F9010740A907004050150841D405064090741402480A1B50
1001
ACAD
1000
AcDbSavedByObjectVersion
1070
     0
  0
ACAD_PROXY_OBJECT
  5
2C
102
{ACAD_REACTORS
330
2A
102
}
330
2A
100
AcDbProxyObject
 90
      499
 91
      501
 93
      468
310
43519B185D15DA5D1A115919D95CD0140901404333333333333E33F0000000000000F90107409019070040501600405405064090741402480A1B50
1001
ACAD
1000
AcDbSavedByObjectVersion
1070
     0
  0
ACAD_PROXY_OBJECT
  5
2D
102
{ACAD_REACTORS
330
2A
102
}
330
2A
100
AcDbProxyObject
 90
      499
 91
      501
 93
      404
310
41D1DBDD5C985D5910240902404333333333333E33F0000000000000F9010740A9070040501641D405064090741402480A1B50
1001
ACAD
1000
AcDbSavedByObjectVersion
1070
     0
  0
ACAD_PROXY_OBJECT
  5
2E
102
{ACAD_REACTORS
330
2A
102
}
330
2A
100
AcDbProxyObject
 90
      499
 91
      501
 93
      492
310
4411DBDD5C985D5915DA5D1A115919D95CD0340902404333333333333E33F0000000000000F90107409019070040501600405405064090741402480A1B50
1001
ACAD
1000
AcDbSavedByObjectVersion
1070
     0
  0
ACAD_PROXY_OBJECT
  5
31
102
{ACAD_REACTORS
330
2A
102
}
330
2A
100
AcDbProxyObject
 90
      499
 91
      501
 93
      476
310
41921A5919195B90640502408333333333333E33F0000000000000F901079024090700405020000000000001110200405405064090740C02480A0340
1001
ACAD
1000
AcDbSavedByObjectVersion
1070
     0
  0
ACAD_PROXY_OBJECT
  5
3B
102
{ACAD_REACTORS
330
2A
102
}
330
2A
100
AcDbProxyObject
 90
      499
 91
      501
 93
      428
310
42529A5D1D195C93D999914409028333333333333E33F0000000000000F9010790141107004050150A41D405064090741402480A0350
1001
ACAD
1000
AcDbSavedByObjectVersion
1070
     0
  0
ACAD_PROXY_OBJECT
  5
38
102
{ACAD_REACTORS
330
2A
102
}
330
2A
100
AcDbProxyObject
 90
      499
 91
      501
 93
      444
310
42D31A5B995C185D1D195C9B90E409028333333333333E33F0000000000000F9010790141107004050750841D405064090741402483A0350
1001
ACAD
1000
AcDbSavedByObjectVersion
1070
     0
  0
ACAD_PROXY_OBJECT
  5
3C
102
{ACAD_REACTORS
330
2A
102
}
330
2A
100
AcDbProxyObject
 90
      499
 91
      501
 93
      444
310
42D3DD995C9A185B99D3D999915409028333333333333E33F0000000000000F9010790141107004050150941D405064090741402480A0350
1001
ACAD
1000
AcDbSavedByObjectVersion
1070
     0
  0
ACAD_PROXY_OBJECT
  5
33
102
{ACAD_REACTORS
330
2A
102
}
330
2A
100
AcDbProxyObject
 90
      499
 91
      501
 93
      428
310
425499585B1A5CDD1A58D08409038333333333333E33F0000000000000F9010740A907004050150800405405064090740C02480A1B40
1001
ACAD
1000
AcDbSavedByObjectVersion
1070
     0
  0
ACAD_PROXY_OBJECT
  5
42
102
{ACAD_REACTORS
330
2A
102
}
330
2A
100
AcDbProxyObject
 90
      499
 91
      501
 93
      420
310
4194DA1859195911B40902404333333333333E33F0000000000000F9010740A41107004050150800405405064090840C02480A0B40
1001
ACAD
1000
AcDbSavedByObjectVersion
1070
     0
  0
ACAD_PROXY_OBJECT
  5
41
102
{ACAD_REACTORS
330
2A
102
}
330
2A
100
AcDbProxyObject
 90
      499
 91
      501
 93
      516
310
4454DA18591959081DDA5D1A08195919D95CD1A40902404333333333333E33F0000000000000F901074090142907004050250800405405064090740C02480A0B40
1001
ACAD
1000
AcDbSavedByObjectVersion
1070
     0
  0
ACAD_PROXY_OBJECT
  5
3E
102
{ACAD_REACTORS
330
2A
102
}
330
2A
100
AcDbProxyObject
 90
      499
 91
      501
 93
      532
310
4394DA1859195CC81BD98811DC985E5174090240C333333333333E33F0000000000000F901079024090741D01000000000000111010841D405064090740C02480A0340
1001
ACAD
1000
AcDbSavedByObjectVersion
1070
     0
  0
ACAD_PROXY_OBJECT
  5
3F
102
{ACAD_REACTORS
330
2A
102
}
330
2A
100
AcDbProxyObject
 90
      499
 91
      501
 93
      476
310
41D4DAD95D18DA1E51840502408333333333333E33F0000000000000F901079024090741D01000000000000111010B41D405064090741802480A0340
1001
ACAD
1000
AcDbSavedByObjectVersion
1070
     0
  0
ACAD_PROXY_OBJECT
  5
37
102
{ACAD_REACTORS
330
2A
102
}
330
2A
100
AcDbProxyObject
 90
      499
 91
      501
 93
      412
310
41D51A1A58DAD95B90D409028333333333333E33F0000000000000F9010790141107004050150C41D405064090741402480A0350
1001
ACAD
1000
AcDbSavedByObjectVersion
1070
     0
  0
ACAD_PROXY_OBJECT
  5
30
102
{ACAD_REACTORS
330
2A
102
}
330
2A
100
AcDbProxyObject
 90
      499
 91
      501
 93
      420
310
4255DA5C99599C985B595059028333333333333E33F0000000000000F90107901411070040501600405405064090740C02480A0340
1001
ACAD
1000
AcDbSavedByObjectVersion
1070
     0
  0
ACAD_PROXY_OBJECT
  5
40
102
{ACAD_REACTORS
330
2A
102
}
330
2A
100
AcDbProxyObject
 90
      499
 91
      501
 93
      404
310
41560B54985E51940902404000000000000E03F0000000000000F9010740501907004050150841D405064090740C02480A1B40
1001
ACAD
1000
AcDbSavedByObjectVersion
1070
     0
  0
XRECORD
  5
2E5
102
{ACAD_REACTORS
330
2DC
102
}
330
2DC
100
AcDbXrecord
 90
        0
  0
XRECORD
  5
2FB
102
{ACAD_REACTORS
330
2DC
102
}
330
2DC
100
AcDbXrecord
1000
DSTYLE
1002
{
1070
   279
 70
     2
1070
   340
340
11
1002
}
  0
XRECORD
  5
2E6
102
{ACAD_REACTORS
330
2DC
102
}
330
2DC
100
AcDbXrecord
  1
{8E04C538-F9C7-4C34-AEED-4FA0F3F6C32D}
  0
XRECORD
  5
2DF
102
{ACAD_REACTORS
330
2DC
102
}
330
2DC
100
AcDbXrecord
  1

  0
XRECORD
  5
2E4
102
{ACAD_REACTORS
330
2DC
102
}
330
2DC
100
AcDbXrecord
 90
        4
  0
XRECORD
  5
2E1
102
{ACAD_REACTORS
330
2DC
102
}
330
2DC
100
AcDbXrecord
340
1A
  0
XRECORD
  5
2E3
102
{ACAD_REACTORS
330
2DC
102
}
330
2DC
100
AcDbXrecord
 90
    10781
  0
XRECORD
  5
2E2
102
{ACAD_REACTORS
330
2DC
102
}
330
2DC
100
AcDbXrecord
340
19
  0
XRECORD
  5
2E8
102
{ACAD_REACTORS
330
2DC
102
}
330
2DC
100
AcDbXrecord
 40
0.0
  0
XRECORD
  5
2EB
102
{ACAD_REACTORS
330
2DC
102
}
330
2DC
100
AcDbXrecord
340
0
  0
XRECORD
  5
2F1
102
{ACAD_REACTORS
330
2DC
102
}
330
2DC
100
AcDbXrecord
 10
0.0
 20
0.0
 30
0.0
  0
XRECORD
  5
2ED
102
{ACAD_REACTORS
330
2DC
102
}
330
2DC
100
AcDbXrecord
 10
0.0
 20
0.0
 30
0.0
  0
XRECORD
  5
2F0
102
{ACAD_REACTORS
330
2DC
102
}
330
2DC
100
AcDbXrecord
 10
0.0
 20
0.0
 30
0.0
  0
XRECORD
  5
2EE
102
{ACAD_REACTORS
330
2DC
102
}
330
2DC
100
AcDbXrecord
 10
0.0
 20
0.0
 30
0.0
  0
XRECORD
  5
2EF
102
{ACAD_REACTORS
330
2DC
102
}
330
2DC
100
AcDbXrecord
 10
0.0
 20
0.0
 30
0.0
  0
XRECORD
  5
2EC
102
{ACAD_REACTORS
330
2DC
102
}
330
2DC
100
AcDbXrecord
 10
0.0
 20
0.0
 30
0.0
  0
XRECORD
  5
2E9
102
{ACAD_REACTORS
330
2DC
102
}
330
2DC
100
AcDbXrecord
340
0
  0
XRECORD
  5
2EA
102
{ACAD_REACTORS
330
2DC
102
}
330
2DC
100
AcDbXrecord
 70
     0
  0
XRECORD
  5
2E0
102
{ACAD_REACTORS
330
2DC
102
}
330
2DC
100
AcDbXrecord
  1

  0
XRECORD
  5
2DD
102
{ACAD_REACTORS
330
2DC
102
}
330
2DC
100
AcDbXrecord
 90
        1
  0
XRECORD
  5
2DE
102
{ACAD_REACTORS
330
2DC
102
}
330
2DC
100
AcDbXrecord
 90
       70
  0
XRECORD
  5
2F4
102
{ACAD_REACTORS
330
2DC
102
}
330
2DC
100
AcDbXrecord
340
0
  0
XRECORD
  5
2FA
102
{ACAD_REACTORS
330
2DC
102
}
330
2DC
100
AcDbXrecord
 10
0.0
 20
0.0
 30
0.0
  0
XRECORD
  5
2F6
102
{ACAD_REACTORS
330
2DC
102
}
330
2DC
100
AcDbXrecord
 10
0.0
 20
0.0
 30
0.0
  0
XRECORD
  5
2F9
102
{ACAD_REACTORS
330
2DC
102
}
330
2DC
100
AcDbXrecord
 10
0.0
 20
0.0
 30
0.0
  0
XRECORD
  5
2F7
102
{ACAD_REACTORS
330
2DC
102
}
330
2DC
100
AcDbXrecord
 10
0.0
 20
0.0
 30
0.0
  0
XRECORD
  5
2F8
102
{ACAD_REACTORS
330
2DC
102
}
330
2DC
100
AcDbXrecord
 10
0.0
 20
0.0
 30
0.0
  0
XRECORD
  5
2F5
102
{ACAD_REACTORS
330
2DC
102
}
330
2DC
100
AcDbXrecord
 10
0.0
 20
0.0
 30
0.0
  0
XRECORD
  5
2F2
102
{ACAD_REACTORS
330
2DC
102
}
330
2DC
100
AcDbXrecord
340
0
  0
XRECORD
  5
2F3
102
{ACAD_REACTORS
330
2DC
102
}
330
2DC
100
AcDbXrecord
 70
     0
  0
XRECORD
  5
2E7
102
{ACAD_REACTORS
330
2DC
102
}
330
2DC
100
AcDbXrecord
  1
{FAEB1C32-E019-11D5-929B-00C0DF256EC4}
  0
DICTIONARYVAR
  5
303
102
{ACAD_REACTORS
330
2FC
102
}
330
2FC
100
DictionaryVariables
280
     0
  1
1:1
  0
DICTIONARYVAR
  5
301
102
{ACAD_REACTORS
330
2FC
102
}
330
2FC
100
DictionaryVariables
280
     0
  1
2
  0
DICTIONARYVAR
  5
302
102
{ACAD_REACTORS
330
2FC
102
}
330
2FC
100
DictionaryVariables
280
     0
  1
1
  0
DICTIONARYVAR
  5
304
102
{ACAD_REACTORS
330
2FC
102
}
330
2FC
100
DictionaryVariables
280
     0
  1
1
  0
DICTIONARY
  5
307
330
45
100
AcDbDictionary
280
     1
  3
ACAD_XREC_ROUNDTRIP
360
308
  0
DICTIONARY
  5
305
330
44
100
AcDbDictionary
280
     1
  3
ACAD_XREC_ROUNDTRIP
360
306
  0
DICTIONARY
  5
309
330
46
100
AcDbDictionary
280
     1
  3
ACAD_XREC_ROUNDTRIP
360
30A
  0
XRECORD
  5
308
102
{ACAD_REACTORS
330
307
102
}
330
307
100
AcDbXrecord
102
MATERIAL
148
0.0
149
0.0
149
0.0
 93
        0
 94
      127
282
     0
 72
     1
 77
     1
171
     1
175
     1
179
     1
273
     0
  0
XRECORD
  5
306
102
{ACAD_REACTORS
330
305
102
}
330
305
100
AcDbXrecord
102
MATERIAL
148
0.0
149
0.0
149
0.0
 93
        0
 94
      127
282
     0
 72
     1
 77
     1
171
     1
175
     1
179
     1
273
     0
  0
XRECORD
  5
30A
102
{ACAD_REACTORS
330
309
102
}
330
309
100
AcDbXrecord
102
MATERIAL
148
0.0
149
0.0
149
0.0
 93
        0
 94
      127
282
     0
 72
     1
 77
     1
171
     1
175
     1
179
     1
273
     0
  0
ENDSEC
  0
EOF
